module,value,count
Init.Prelude,0,288
Init.Prelude,1,119
Init.Prelude,2,90
Init.Prelude,3,25
Init.Prelude,4,14
Init.Prelude,5,13
Init.Prelude,6,13
Init.Prelude,7,13
Init.Prelude,8,58
Init.Prelude,9,12
Init.Prelude,10,12
Init.Prelude,11,12
Init.Prelude,12,11
Init.Prelude,16,34
Init.Prelude,17,1
Init.Prelude,32,50
Init.Prelude,64,45
Init.Prelude,127,4
Init.Prelude,128,6
Init.Prelude,192,1
Init.Prelude,224,1
Init.Prelude,240,1
Init.Prelude,256,1
Init.Prelude,512,1
Init.Prelude,1723,1
Init.Prelude,2047,4
Init.Prelude,4096,2
Init.Prelude,55296,3
Init.Prelude,57343,4
Init.Prelude,65535,4
Init.Prelude,65536,1
Init.Prelude,262144,1
Init.Prelude,1114112,4
Init.Prelude,4294967296,2
Init.Prelude,18446744073709551616,2
Init.Coe,0,12
Init.Coe,1024,6
Init.Notation,0,47
Init.Notation,1,1
Init.Notation,2,2
Init.Notation,10,5
Init.Notation,11,1
Init.Notation,20,2
Init.Notation,21,1
Init.Notation,30,6
Init.Notation,31,3
Init.Notation,35,10
Init.Notation,36,5
Init.Notation,40,2
Init.Notation,50,16
Init.Notation,51,20
Init.Notation,55,4
Init.Notation,56,2
Init.Notation,58,2
Init.Notation,59,1
Init.Notation,60,10
Init.Notation,61,5
Init.Notation,65,10
Init.Notation,66,7
Init.Notation,67,2
Init.Notation,68,1
Init.Notation,70,6
Init.Notation,71,3
Init.Notation,73,2
Init.Notation,74,1
Init.Notation,75,6
Init.Notation,76,2
Init.Notation,80,2
Init.Notation,81,1
Init.Notation,90,2
Init.Notation,91,1
Init.Notation,100,4
Init.Notation,101,1
Init.Notation,1022,30
Init.Notation,1023,8
Init.Notation,1024,29
Init.Tactics,0,41
Init.Tactics,1,1
Init.Tactics,2,1
Init.Tactics,51,3
Init.Tactics,1022,116
Init.Tactics,1024,68
Init.SizeOf,0,3
Init.SizeOf,1,68
Init.SizeOf,2,3
Init.SizeOf,8,3
Init.SizeOf,16,3
Init.SizeOf,32,3
Init.SizeOf,64,3
Init.Core,0,92
Init.Core,1,83
Init.Core,2,29
Init.Core,3,11
Init.Core,8,7
Init.Core,9,1
Init.Core,16,6
Init.Core,20,2
Init.Core,21,4
Init.Core,30,4
Init.Core,31,2
Init.Core,32,6
Init.Core,50,7
Init.Core,51,14
Init.Core,64,6
Init.Core,65,2
Init.Core,66,1
Init.Core,70,3
Init.Core,71,3
Init.Core,1024,2
Init.Control.Basic,0,5
Init.Control.Basic,30,2
Init.Control.Basic,31,1
Init.Control.Basic,35,2
Init.Control.Basic,36,1
Init.Control.Basic,55,6
Init.Control.Basic,56,3
Init.Control.Basic,100,2
Init.Control.Basic,101,1
Init.Control.MonadAttach,0,1
Init.Control.Except,0,1
Init.Data.Cast,0,1
Init.MetaTypes,0,36
Init.MetaTypes,1,47
Init.MetaTypes,2,27
Init.MetaTypes,3,8
Init.MetaTypes,4,7
Init.MetaTypes,100000,1
Init.SimpLemmas,0,2
Init.Data.Zero,0,10
Init.Data.Zero,1,6
Init.Data.NeZero,0,22
Init.Grind.Attr,0,1
Init.Grind.Attr,1022,4
Init.Grind.Attr,1024,1
Init.Grind.Interactive,0,15
Init.Grind.Interactive,1,1
Init.Grind.Interactive,2,1
Init.Grind.Interactive,35,4
Init.Grind.Interactive,36,2
Init.Grind.Interactive,40,1
Init.Grind.Interactive,1022,30
Init.Grind.Interactive,1024,32
Init.Grind.Config,0,5
Init.Grind.Config,1,5
Init.Grind.Tactics,1022,5
Init.Data.Nat.Basic,0,121
Init.Data.Nat.Basic,1,83
Init.Data.Nat.Basic,2,6
Init.WF,0,6
Init.WF,1,2
Init.WFTactics,1022,1
Init.WFTactics,1024,5
Init.Data.Nat.Div.Basic,0,71
Init.Data.Nat.Div.Basic,1,17
Init.Data.Int.Basic,0,24
Init.Data.Int.Basic,1,16
Init.Data.Int.Basic,2,4
Init.Data.Int.Basic,1024,1
Init.Data.Nat.Bitwise.Basic,0,8
Init.Data.Nat.Bitwise.Basic,1,6
Init.Data.Nat.Bitwise.Basic,2,7
Init.Data.Fin.Basic,0,33
Init.Data.Fin.Basic,1,18
Init.Data.BitVec.BasicAux,2,2
Init.Data.UInt.BasicAux,0,2
Init.Data.UInt.BasicAux,1,5
Init.Data.UInt.BasicAux,2,10
Init.Data.UInt.BasicAux,8,2
Init.Data.UInt.BasicAux,16,5
Init.Data.UInt.BasicAux,32,18
Init.Data.UInt.BasicAux,64,9
Init.Data.Char.Basic,0,1
Init.Data.Char.Basic,9,2
Init.Data.Char.Basic,10,2
Init.Data.Char.Basic,13,2
Init.Data.Char.Basic,32,2
Init.Data.Char.Basic,48,2
Init.Data.Char.Basic,57,2
Init.Data.Char.Basic,65,11
Init.Data.Char.Basic,90,8
Init.Data.Char.Basic,97,9
Init.Data.Char.Basic,122,7
Init.Data.Char.Basic,55296,2
Init.Data.Char.Basic,57343,2
Init.Data.Char.Basic,1114112,2
Init.Data.List.Notation,0,3
Init.Data.List.Notation,1024,2
Init.Data.List.Basic,0,47
Init.Data.List.Basic,1,28
Init.Data.List.Basic,50,10
Init.Data.List.Basic,51,5
Init.Data.String.Bootstrap,0,3
Init.Data.Format.Basic,0,34
Init.Data.Format.Basic,1,38
Init.Data.Format.Basic,2,13
Init.Data.Format.Basic,3,12
Init.Data.Format.Basic,4,12
Init.Data.Format.Basic,5,12
Init.Data.Format.Basic,6,12
Init.Data.Format.Basic,7,11
Init.Data.Format.Basic,120,1
Init.Data.Repr,0,18
Init.Data.Repr,1,10
Init.Data.Repr,2,9
Init.Data.Repr,3,6
Init.Data.Repr,4,6
Init.Data.Repr,5,6
Init.Data.Repr,6,6
Init.Data.Repr,7,6
Init.Data.Repr,8,6
Init.Data.Repr,9,8
Init.Data.Repr,10,7
Init.Data.Repr,11,2
Init.Data.Repr,12,2
Init.Data.Repr,13,2
Init.Data.Repr,14,2
Init.Data.Repr,15,2
Init.Data.Repr,31,3
Init.Data.Repr,34,2
Init.Data.Repr,39,4
Init.Data.Repr,42,3
Init.Data.Repr,48,1
Init.Data.Repr,49,1
Init.Data.Repr,50,1
Init.Data.Repr,51,1
Init.Data.Repr,52,1
Init.Data.Repr,53,1
Init.Data.Repr,54,1
Init.Data.Repr,55,1
Init.Data.Repr,56,1
Init.Data.Repr,57,1
Init.Data.Repr,92,2
Init.Data.Repr,97,1
Init.Data.Repr,98,1
Init.Data.Repr,99,1
Init.Data.Repr,100,1
Init.Data.Repr,101,1
Init.Data.Repr,102,1
Init.Data.Repr,127,3
Init.Data.Repr,178,1
Init.Data.Repr,179,1
Init.Data.Repr,185,1
Init.Data.Repr,1024,9
Init.Data.Repr,8304,1
Init.Data.Repr,8308,1
Init.Data.Repr,8309,1
Init.Data.Repr,8310,1
Init.Data.Repr,8311,1
Init.Data.Repr,8312,1
Init.Data.Repr,8313,1
Init.Data.Repr,8320,1
Init.Data.Repr,8321,1
Init.Data.Repr,8322,1
Init.Data.Repr,8323,1
Init.Data.Repr,8324,1
Init.Data.Repr,8325,1
Init.Data.Repr,8326,1
Init.Data.Repr,8327,1
Init.Data.Repr,8328,1
Init.Data.Repr,8329,1
Init.Data.ToString.Basic,0,3
Init.Data.ToString.Basic,93,1
Init.Util,0,1
Init.GetElem,0,14
Init.GetElem,1,4
Init.GetElem,2,2
Init.GetElem,17,1
Init.GetElem,18,1
Init.GetElem,331,1
Init.GetElem,1022,1
Init.GetElem,1024,4
Init.Data.Array.Basic,0,95
Init.Data.Array.Basic,1,50
Init.Data.Array.Basic,2,1
Init.Data.Array.Basic,4,1
Init.Data.Array.Basic,7,1
Init.Data.Array.Basic,14,1
Init.Data.Array.Basic,47,1
Init.Data.Array.Basic,419,1
Init.Data.Array.Basic,1024,1
Init.Data.Array.Basic,1201,1
Init.Data.Array.Basic,1789,1
Init.Data.Array.Basic,1871,1
Init.Data.Array.GetLit,0,10
Init.Data.Array.GetLit,1,5
Init.Data.Option.BasicAux,14,1
Init.Data.Option.BasicAux,22,1
Init.Meta.Defs,0,55
Init.Meta.Defs,1,43
Init.Meta.Defs,2,22
Init.Meta.Defs,7,3
Init.Meta.Defs,8,8
Init.Meta.Defs,9,5
Init.Meta.Defs,10,7
Init.Meta.Defs,11,1
Init.Meta.Defs,12,3
Init.Meta.Defs,13,6
Init.Meta.Defs,14,6
Init.Meta.Defs,15,3
Init.Meta.Defs,16,5
Init.Meta.Defs,17,1
Init.Meta.Defs,19,2
Init.Meta.Defs,20,2
Init.Meta.Defs,21,1
Init.Meta.Defs,23,1
Init.Meta.Defs,33,2
Init.Meta.Defs,34,3
Init.Meta.Defs,39,7
Init.Meta.Defs,48,2
Init.Meta.Defs,63,2
Init.Meta.Defs,66,2
Init.Meta.Defs,79,2
Init.Meta.Defs,88,2
Init.Meta.Defs,92,5
Init.Meta.Defs,95,8
Init.Meta.Defs,96,2
Init.Meta.Defs,98,2
Init.Meta.Defs,110,2
Init.Meta.Defs,111,2
Init.Meta.Defs,114,4
Init.Meta.Defs,116,2
Init.Meta.Defs,117,2
Init.Meta.Defs,120,4
Init.Meta.Defs,171,1
Init.Meta.Defs,187,1
Init.Meta.Defs,192,2
Init.Meta.Defs,215,3
Init.Meta.Defs,247,3
Init.Meta.Defs,255,2
Init.Meta.Defs,256,2
Init.Meta.Defs,383,2
Init.Meta.Defs,913,4
Init.Meta.Defs,928,3
Init.Meta.Defs,931,3
Init.Meta.Defs,937,2
Init.Meta.Defs,945,2
Init.Meta.Defs,955,3
Init.Meta.Defs,969,2
Init.Meta.Defs,970,2
Init.Meta.Defs,989,2
Init.Meta.Defs,1000,1
Init.Meta.Defs,1019,2
Init.Meta.Defs,1024,22
Init.Meta.Defs,1133,1
Init.Meta.Defs,7522,2
Init.Meta.Defs,7530,2
Init.Meta.Defs,7936,2
Init.Meta.Defs,8190,2
Init.Meta.Defs,8320,2
Init.Meta.Defs,8329,2
Init.Meta.Defs,8336,2
Init.Meta.Defs,8348,2
Init.Meta.Defs,8448,2
Init.Meta.Defs,8527,2
Init.Meta.Defs,10013,1
Init.Meta.Defs,11388,1
Init.Meta.Defs,119964,2
Init.Meta.Defs,120223,2
Init.Meta,1022,11
Init.Meta,1024,2
Init.Conv,0,12
Init.Conv,1,1
Init.Conv,1022,36
Init.Conv,1024,22
Init.While,0,2
Init.While,1,1
Init.While,1022,4
Init.NotationExtra,0,161
Init.NotationExtra,1,215
Init.NotationExtra,2,106
Init.NotationExtra,3,82
Init.NotationExtra,4,30
Init.NotationExtra,5,5
Init.NotationExtra,6,4
Init.NotationExtra,7,3
Init.NotationExtra,8,2
Init.NotationExtra,35,4
Init.NotationExtra,50,1
Init.NotationExtra,51,2
Init.NotationExtra,1022,12
Init.NotationExtra,1024,2
Init.TacticsExtra,0,2
Init.TacticsExtra,1022,4
Init.ByCases,0,1
Init.ByCases,1022,1
Init.RCases,0,12
Init.RCases,1022,6
Init.RCases,1024,9
Init.System.ST,0,11
Init.System.ST,1,11
Init.Data.ToString.Macro,0,1
Init.Data.ToString.Macro,1024,1
Init.Ext,0,3
Init.Ext,1022,3
Init.Ext,1024,1
Init.Data.Bool,0,5
Init.Data.Bool,1,6
Init.Data.Bool,2,1
Init.Data.Bool,33,2
Init.Data.Bool,34,1
Init.Data.Nat.MinMax,0,6
Init.Data.RArray,0,8
Init.Data.RArray,1,10
Init.LawfulBEqTactics,1024,3
Init.Data.Nat.Linear,0,44
Init.Data.Nat.Linear,1,27
Init.Data.Nat.Linear,2,13
Init.Data.Nat.Linear,3,12
Init.Data.Nat.Linear,4,12
Init.Data.Nat.Linear,8,1
Init.Data.Nat.Linear,16,1
Init.Data.Nat.Linear,1000000,1
Init.Data.Nat.Linear,100000000,1
Init.Data.Nat.Log2,0,5
Init.Data.Nat.Log2,1,1
Init.Data.Nat.Log2,2,9
Init.Data.Nat.Power2.Basic,0,2
Init.Data.Nat.Power2.Basic,1,2
Init.Data.Nat.Power2.Basic,2,3
Init.Data.Int.DivMod.Basic,0,20
Init.Data.Int.DivMod.Basic,1,11
Init.Data.Int.DivMod.Basic,2,4
Init.Data.Int.Lemmas,0,56
Init.Data.Int.Lemmas,1,25
Init.Data.Int.Lemmas,2,1
Init.Data.Int.Order,0,258
Init.Data.Int.Order,1,56
Init.Data.Nat.Dvd,0,18
Init.Data.Nat.Dvd,1,5
Init.Data.Int.DivMod.Bootstrap,0,34
Init.Data.Int.DivMod.Bootstrap,1,3
Init.Data.Int.DivMod.Bootstrap,2,2
Init.Omega.Int,0,18
Init.Omega.Int,1,2
Init.Omega.Int,2,2
Init.Data.Nat.Gcd,0,39
Init.Data.Nat.Gcd,1,21
Init.Omega.IntList,0,45
Init.Omega.IntList,1,3
Init.Omega.Coeffs,0,4
Init.Omega.LinearCombo,0,6
Init.Omega.LinearCombo,1,8
Init.Omega.LinearCombo,2,1
Init.Omega.LinearCombo,3,1
Init.Omega.LinearCombo,4,1
Init.Omega.LinearCombo,5,1
Init.Omega.LinearCombo,6,1
Init.Omega.LinearCombo,7,1
Init.Omega.LinearCombo,8,1
Init.Omega.LinearCombo,9,2
Init.Omega.LinearCombo,10,1
Init.Omega.Constraint,0,24
Init.Omega.Constraint,1,5
Init.Omega.Constraint,2,2
Init.Omega.Constraint,14,2
Init.Data.Nat.Mod,0,5
Init.Data.Nat.Mod,1,2
Init.Data.Nat.Mod,2,4
Init.BinderPredicates,0,17
Init.BinderPredicates,1022,14
Init.BinderPredicates,1024,3
Init.Data.Nat.Lemmas,0,244
Init.Data.Nat.Lemmas,1,231
Init.Data.Nat.Lemmas,2,80
Init.Data.Nat.Lemmas,3,3
Init.Data.Nat.Div.Lemmas,0,22
Init.Data.Nat.Div.Lemmas,1,21
Init.Data.Nat.Div.Lemmas,2,1
Init.Data.Nat.Coprime,0,5
Init.Data.Nat.Coprime,1,15
Init.Data.Int.Pow,0,22
Init.Data.Int.Pow,1,11
Init.Data.Int.Pow,2,11
Init.Data.Nat.Bitwise.Lemmas,0,38
Init.Data.Nat.Bitwise.Lemmas,1,38
Init.Data.Nat.Bitwise.Lemmas,2,125
Init.Data.Nat.Power2.Lemmas,0,13
Init.Data.Nat.Power2.Lemmas,1,6
Init.Data.List.BasicAux,0,3
Init.Data.List.BasicAux,12,1
Init.Data.List.BasicAux,13,2
Init.Data.List.BasicAux,59,1
Init.Data.List.BasicAux,75,1
Init.Data.List.BasicAux,94,1
Init.Data.List.BasicAux,1024,1
Init.Data.Nat.SOM,0,14
Init.Data.Nat.SOM,1,18
Init.Data.Nat.SOM,2,12
Init.Data.Nat.SOM,3,11
Init.Data.Nat.Lcm,0,27
Init.Data.Nat.Lcm,1,7
Init.Data.Ord.Basic,0,10
Init.Data.Ord.Basic,1,18
Init.Data.Ord.Basic,2,12
Init.Data.Ord.Basic,4,1
Init.Data.Ord.Basic,1024,6
Init.Data.Fin.Lemmas,0,249
Init.Data.Fin.Lemmas,1,655
Init.Data.Fin.Lemmas,2,48
Init.Data.Fin.Lemmas,3,1
Init.Data.Fin.Fold,0,23
Init.Data.Fin.Fold,1,23
Init.Data.List.Control,2,2
Init.Grind.Annotated,1022,1
Init.Data.List.Lemmas,0,94
Init.Data.List.Lemmas,1,76
Init.Data.List.Lemmas,2,13
Init.Data.List.Lemmas,3,12
Init.Data.List.Lemmas,4,13
Init.Data.List.Lemmas,13,1
Init.Data.List.Lemmas,59,1
Init.Data.List.OfFn,0,11
Init.Data.List.OfFn,1,7
Init.Data.List.TakeDrop,0,6
Init.Data.List.TakeDrop,1,20
Init.Data.List.Sublist,0,3
Init.Data.List.Count,0,25
Init.Data.List.Count,1,17
Init.Data.Array.Bootstrap,0,7
Init.Data.Array.Bootstrap,1,2
Init.Data.List.Monadic,2,2
Init.Data.List.FinRange,0,5
Init.Data.List.FinRange,1,16
Init.Data.Nat.Fold,0,48
Init.Data.Nat.Fold,1,42
Init.Data.Int.Bitwise.Basic,1,2
Init.Data.BitVec.Basic,0,40
Init.Data.BitVec.Basic,1,72
Init.Data.BitVec.Basic,2,38
Init.Data.BitVec.Basic,3,1
Init.Data.BitVec.Basic,4,1
Init.Data.BitVec.Basic,16,1
Init.Data.BitVec.Basic,48,1
Init.Data.BitVec.Basic,64,5
Init.Data.BitVec.Basic,1024,5
Init.Data.Int.DivMod.Lemmas,0,488
Init.Data.Int.DivMod.Lemmas,1,105
Init.Data.Int.DivMod.Lemmas,2,36
Init.Data.Int.DivMod.Lemmas,3,1
Init.Data.Int.Bitwise.Lemmas,0,16
Init.Data.Int.Bitwise.Lemmas,1,4
Init.Data.Int.Bitwise.Lemmas,2,6
Init.Data.BitVec.Bootstrap,0,2
Init.Data.BitVec.Bootstrap,1,19
Init.Data.BitVec.Bootstrap,2,12
Init.Data.BitVec.Decidable,0,88
Init.Data.BitVec.Decidable,1,31
Init.Data.Int.LemmasAux,0,33
Init.Data.Int.LemmasAux,1,1
Init.Data.Int.LemmasAux,2,2
Init.Data.BitVec.Lemmas,0,425
Init.Data.BitVec.Lemmas,1,644
Init.Data.BitVec.Lemmas,2,542
Init.Data.Fin.Iterate,0,8
Init.Data.Fin.Iterate,1,12
Init.Data.BitVec.Folds,0,7
Init.Data.BitVec.Folds,1,6
Init.Data.BitVec.Bitblast,0,246
Init.Data.BitVec.Bitblast,1,167
Init.Data.BitVec.Bitblast,2,75
Init.Data.UInt.Basic,0,12
Init.Data.UInt.Basic,1,10
Init.Data.UInt.Basic,2,7
Init.Data.UInt.Basic,8,53
Init.Data.UInt.Basic,16,63
Init.Data.UInt.Basic,32,49
Init.Data.UInt.Basic,64,63
Init.Data.UInt.Basic,65,4
Init.Data.UInt.Basic,90,4
Init.Data.UInt.Basic,4294967296,2
Init.Data.Fin.Bitwise,2,20
Init.System.Platform,0,2
Init.System.Platform,8,2
Init.System.Platform,16,2
Init.System.Platform,32,2
Init.System.Platform,64,2
Init.Data.UInt.Lemmas,0,268
Init.Data.UInt.Lemmas,1,203
Init.Data.UInt.Lemmas,2,157
Init.Data.UInt.Lemmas,8,229
Init.Data.UInt.Lemmas,16,227
Init.Data.UInt.Lemmas,32,224
Init.Data.UInt.Lemmas,64,223
Init.Data.UInt.Lemmas,255,4
Init.Data.UInt.Lemmas,256,88
Init.Data.UInt.Lemmas,1022,1
Init.Data.UInt.Lemmas,1023,1
Init.Data.UInt.Lemmas,65535,4
Init.Data.UInt.Lemmas,65536,63
Init.Data.UInt.Lemmas,4294967295,4
Init.Data.UInt.Lemmas,4294967296,43
Init.Data.UInt.Lemmas,18446744073709551615,4
Init.Data.Char.Lemmas,0,1
Init.Data.Char.Lemmas,32,1
Init.Data.Char.Lemmas,55296,2
Init.Data.Char.Lemmas,57343,3
Init.Data.Char.Lemmas,1114112,3
Init.Data.Fin.OverflowAware,0,1
Init.Data.Int.Gcd,0,83
Init.Data.Int.Gcd,1,31
Init.Data.Int.Cooper,0,17
Init.Data.AC,0,12
Init.Data.AC,1,16
Init.Data.AC,2,3
Init.Data.AC,1024,6
Init.Data.Int.Linear,0,339
Init.Data.Int.Linear,1,115
Init.Data.Int.Linear,2,17
Init.Data.Int.Linear,3,12
Init.Data.Int.Linear,4,13
Init.Data.Int.Linear,5,12
Init.Data.Int.Linear,6,11
Init.Data.Int.Linear,8,1
Init.Data.Int.Linear,16,1
Init.Data.Int.Linear,32,1
Init.Data.Int.Linear,64,1
Init.Data.Int.Linear,100000000,1
Init.Grind.ToInt,0,36
Init.Grind.ToInt,1,24
Init.Grind.ToInt,2,16
Init.Grind.ToInt,3,11
Init.Grind.Module.Basic,0,145
Init.Grind.Module.Basic,1,31
Init.Grind.Ring.Basic,0,183
Init.Grind.Ring.Basic,1,107
Init.Grind.Ring.Basic,2,1
Init.Grind.Ring.Field,0,163
Init.Grind.Ring.Field,1,72
Init.Data.UInt.Bitwise,0,130
Init.Data.UInt.Bitwise,1,130
Init.Data.UInt.Bitwise,2,29
Init.Data.UInt.Bitwise,8,138
Init.Data.UInt.Bitwise,16,133
Init.Data.UInt.Bitwise,32,128
Init.Data.UInt.Bitwise,64,118
Init.Data.UInt.Bitwise,256,12
Init.Data.UInt.Bitwise,1022,1
Init.Data.UInt.Bitwise,1023,1
Init.Data.UInt.Bitwise,65536,9
Init.Data.UInt.Bitwise,4294967296,6
Init.Data.List.Pairwise,0,1
Init.Data.List.Pairwise,1,4
Init.Data.List.Zip,1,2
Init.Data.List.Zip,2,2
Init.Data.List.Range,0,21
Init.Data.List.Range,1,36
Init.Data.List.Impl,0,5
Init.Data.List.Impl,1,4
Init.Data.List.Find,0,40
Init.Data.List.Find,1,16
Init.Data.List.MinMax,0,6
Init.Data.List.Nat.Basic,0,6
Init.Data.List.Nat.Basic,1,8
Init.Data.List.Nat.Basic,2,16
Init.Data.Array.Mem,1024,2
Init.Data.Array.DecidableEq,0,2
Init.Data.Range.Basic,0,35
Init.Data.Range.Basic,1,3
Init.Data.Range.Basic,1024,4
Init.Data.List.Nat.TakeDrop,0,6
Init.Data.List.Nat.TakeDrop,1,11
Init.Data.List.Erase,0,3
Init.Data.List.Erase,1,17
Init.Data.List.Erase,2,1
Init.Data.List.Nat.Erase,1,13
Init.Data.List.Nat.Modify,0,22
Init.Data.List.Nat.Modify,1,10
Init.Data.List.Nat.InsertIdx,0,1
Init.Data.List.Nat.InsertIdx,1,14
Init.Data.List.ToArray,0,23
Init.Data.List.ToArray,1,14
Init.Data.Array.Lemmas,0,488
Init.Data.Array.Lemmas,1,53
Init.Data.Array.Lemmas,2,2
Init.Data.Array.Lemmas,4,1
Init.Data.Array.Lemmas,419,1
Init.Data.Array.Extract,0,25
Init.Data.Array.Extract,1,7
Init.Data.ByteArray.Basic,0,26
Init.Data.ByteArray.Basic,1,18
Init.Data.ByteArray.Lemmas,0,11
Init.Data.ByteArray.Lemmas,1,7
Init.Data.ByteArray.Lemmas,2,4
Init.Data.ByteArray.Lemmas,3,3
Init.Data.ByteArray.Lemmas,4,2
Init.Data.String.Decode,0,55
Init.Data.String.Decode,1,63
Init.Data.String.Decode,2,52
Init.Data.String.Decode,3,46
Init.Data.String.Decode,4,18
Init.Data.String.Decode,6,21
Init.Data.String.Decode,7,7
Init.Data.String.Decode,8,3
Init.Data.String.Decode,12,14
Init.Data.String.Decode,15,7
Init.Data.String.Decode,16,3
Init.Data.String.Decode,18,7
Init.Data.String.Decode,31,7
Init.Data.String.Decode,32,3
Init.Data.String.Decode,63,42
Init.Data.String.Decode,64,27
Init.Data.String.Decode,127,28
Init.Data.String.Decode,128,88
Init.Data.String.Decode,192,35
Init.Data.String.Decode,224,57
Init.Data.String.Decode,240,47
Init.Data.String.Decode,248,15
Init.Data.String.Decode,2047,25
Init.Data.String.Decode,2048,15
Init.Data.String.Decode,4096,6
Init.Data.String.Decode,55296,25
Init.Data.String.Decode,57343,25
Init.Data.String.Decode,65535,22
Init.Data.String.Decode,65536,21
Init.Data.String.Decode,262144,3
Init.Data.String.Decode,1114111,20
Init.Data.String.PosRaw,0,18
Init.Data.String.PosRaw,1,4
Init.Data.String.Defs,0,24
Init.Data.String.Defs,1,3
Init.Data.String.Defs,4,1
Init.Data.String.Defs,504,1
Init.Data.String.Basic,0,85
Init.Data.String.Basic,1,24
Init.Data.String.Basic,4,5
Init.Data.String.Basic,29,2
Init.Data.String.Basic,31,1
Init.Data.String.Basic,46,1
Init.Data.String.Basic,185,1
Init.Data.String.Basic,1099,1
Init.Data.String.Basic,1184,1
Init.Data.String.Basic,1544,1
Init.Data.String.Basic,1626,1
Init.Data.String.Basic,1651,1
Init.Data.String.Basic,2370,1
Init.Data.String.Basic,2394,1
Init.Data.String.Basic,2412,1
Init.Data.Hashable,0,2
Init.Data.Hashable,1,1
Init.Data.Hashable,2,2
Init.Data.Hashable,7,2
Init.Data.Hashable,11,4
Init.Data.Hashable,13,2
Init.Data.Float,0,5
Init.Data.Float,1,2
Init.Data.Float32,0,4
Init.Data.Float32,1,1
Init.Data.OfScientific,0,3
Init.Data.OfScientific,63,2
Init.Data.Rat.Basic,0,97
Init.Data.Rat.Basic,1,44
Init.Data.Rat.Basic,10,2
Init.Data.Rat.Basic,70,2
Init.Data.Rat.Basic,71,1
Init.Data.Rat.Lemmas,0,244
Init.Data.Rat.Lemmas,1,56
Init.Data.Rat.Lemmas,10,7
Init.Grind.Ring.OfScientific,10,16
Init.Grind.Norm,0,7
Init.Grind.Norm,1,7
Init.Grind.Util,0,10
Init.Grind.Util,1,18
Init.Grind.Util,2,4
Init.Grind.Lemmas,0,4
Init.Grind.Lemmas,1,2
Init.Grind.Propagator,0,2
Init.Grind.Propagator,1022,3
Init.Grind.Offset,0,5
Init.Grind.Offset,1,4
Init.Grind.PP,0,4
Init.Grind.PP,1,5
Init.Grind.Ordered.Module,0,37
Init.Grind.Ordered.Ring,0,83
Init.Grind.Ordered.Ring,1,11
Init.Grind.Ordered.Ring,2,2
Init.Grind.Ring.Envelope,0,27
Init.Grind.Ring.Envelope,1,11
Init.GrindInstances.Ring.Int,0,1
Init.Grind.Ring.CommSolver,0,388
Init.Grind.Ring.CommSolver,1,191
Init.Grind.Ring.CommSolver,2,29
Init.Grind.Ring.CommSolver,3,13
Init.Grind.Ring.CommSolver,4,14
Init.Grind.Ring.CommSolver,5,15
Init.Grind.Ring.CommSolver,6,13
Init.Grind.Ring.CommSolver,7,13
Init.Grind.Ring.CommSolver,8,13
Init.Grind.Ring.CommSolver,9,1
Init.Grind.Ring.CommSolver,15,1
Init.Grind.Ring.CommSolver,16,1
Init.Grind.Ring.CommSolver,32,1
Init.Grind.Ring.CommSolver,64,1
Init.Grind.Ring.CommSolver,128,1
Init.Grind.Ring.CommSolver,256,1
Init.Grind.Ring.CommSolver,1024,36
Init.Grind.Ring.CommSolver,1000000,1
Init.Grind.Ring.CommSemiringAdapter,0,83
Init.Grind.Ring.CommSemiringAdapter,9,1
Init.Grind.Ring.ToInt,0,16
Init.Grind.Ring.ToInt,1,49
Init.Grind.Module.Envelope,0,8
Init.Grind.Module.Envelope,1,1
Init.Grind.Ordered.Linarith,0,151
Init.Grind.Ordered.Linarith,1,81
Init.Grind.Ordered.Linarith,2,24
Init.Grind.Ordered.Linarith,3,12
Init.Grind.Ordered.Linarith,4,13
Init.Grind.Ordered.Linarith,5,12
Init.Grind.Ordered.Linarith,6,11
Init.Grind.Ordered.Linarith,8,1
Init.Grind.Ordered.Linarith,16,1
Init.Grind.Ordered.Linarith,32,1
Init.Grind.Ordered.Linarith,64,1
Init.Grind.Ordered.Linarith,1024,26
Init.Grind.Module.NatModuleNorm,0,39
Init.Grind.Module.NatModuleNorm,1,3
Init.Grind.Ordered.Field,0,25
Init.GrindInstances.Ring.Rat,0,1
Init.Grind.ToIntLemmas,0,7
Init.Grind.ToIntLemmas,1,6
Init.Data.SInt.Basic,0,22
Init.Data.SInt.Basic,1,18
Init.Data.SInt.Basic,2,3
Init.Data.SInt.Basic,8,69
Init.Data.SInt.Basic,16,69
Init.Data.SInt.Basic,32,69
Init.Data.SInt.Basic,64,69
Init.Data.SInt.Basic,127,1
Init.Data.SInt.Basic,128,1
Init.Data.SInt.Basic,256,1
Init.Data.SInt.Basic,32767,1
Init.Data.SInt.Basic,32768,1
Init.Data.SInt.Basic,65536,1
Init.Data.SInt.Basic,2147483647,1
Init.Data.SInt.Basic,2147483648,1
Init.Data.SInt.Basic,4294967296,1
Init.Data.SInt.Basic,9223372036854775807,1
Init.Data.SInt.Basic,9223372036854775808,1
Init.Data.SInt.Basic,18446744073709551616,1
Init.Data.SInt.Lemmas,0,312
Init.Data.SInt.Lemmas,1,186
Init.Data.SInt.Lemmas,2,219
Init.Data.SInt.Lemmas,7,22
Init.Data.SInt.Lemmas,8,164
Init.Data.SInt.Lemmas,15,24
Init.Data.SInt.Lemmas,16,163
Init.Data.SInt.Lemmas,31,38
Init.Data.SInt.Lemmas,32,163
Init.Data.SInt.Lemmas,63,34
Init.Data.SInt.Lemmas,64,160
Init.Data.SInt.Lemmas,127,4
Init.Data.SInt.Lemmas,128,4
Init.Data.SInt.Lemmas,256,1
Init.Data.SInt.Lemmas,1022,1
Init.Data.SInt.Lemmas,1023,1
Init.Data.SInt.Lemmas,32767,3
Init.Data.SInt.Lemmas,32768,3
Init.Data.SInt.Lemmas,65536,2
Init.Data.SInt.Lemmas,2147483647,3
Init.Data.SInt.Lemmas,2147483648,2
Init.Data.SInt.Lemmas,4294967296,3
Init.Data.SInt.Lemmas,18446744073709551616,5
Init.GrindInstances.ToInt,0,47
Init.GrindInstances.ToInt,8,20
Init.GrindInstances.ToInt,16,20
Init.GrindInstances.ToInt,32,20
Init.GrindInstances.ToInt,64,20
Init.GrindInstances.ToInt,256,1
Init.GrindInstances.ToInt,65536,1
Init.GrindInstances.ToInt,4294967296,1
Init.GrindInstances.ToInt,18446744073709551616,1
Init.Data.Int.OfNat,0,29
Init.Data.Int.OfNat,1,5
Init.Grind.AC,0,52
Init.Grind.AC,1,25
Init.Grind.AC,2,6
Init.Grind.AC,1024,11
Init.Grind.AC,1000000,1
Init.Grind.Injective,0,3
Init.Grind.Injective,1,5
Init.Grind.Injective,2,3
Init.Grind.Injective,3,2
Init.Grind.Order,0,14
Init.Grind.Order,1,1
Init.Grind.Lint,1022,4
Init.Grind.FieldNormNum,0,22
Init.Grind.FieldNormNum,1,2
Init.Data.Char.Ordinal,0,2
Init.Data.Char.Ordinal,1,6
Init.Data.Char.Ordinal,2048,1
Init.Data.Char.Ordinal,55295,15
Init.Data.Char.Ordinal,55296,14
Init.Data.Char.Ordinal,57344,2
Init.Data.Char.Ordinal,1112064,1
Init.Data.Char.Ordinal,1114111,6
Init.Data.Iterators.Basic,0,19
Init.Data.Iterators.Basic,1,21
Init.Data.Iterators.Basic,2,11
Init.Data.String.Pattern.Basic,0,13
Init.Data.String.Pattern.Basic,1,9
Init.Data.Iterators.Consumers.Monadic.Partial,0,1
Init.Data.Iterators.Consumers.Monadic.Partial,1,1
Init.Data.Iterators.Consumers.Monadic.Total,0,1
Init.Data.Iterators.Consumers.Monadic.Total,1,1
Init.Data.Iterators.Consumers.Monadic.Loop,0,4
Init.Data.Iterators.Consumers.Monadic.Loop,1,3
Init.Data.String.Lemmas.Splits,0,1
Init.Data.String.Termination,0,2
Init.Data.String.Termination,1,2
Init.Data.String.Pattern.Char,0,2
Init.Data.String.Pattern.Char,1,2
Init.Data.Array.InsertIdx,0,1
Init.Data.Array.InsertIdx,1,10
Init.Data.List.Nat.Count,0,9
Init.Data.List.Nat.Count,1,11
Init.Data.Array.Count,0,42
Init.Data.Array.Count,1,22
Init.Data.Array.Attach,0,66
Init.Data.Array.Monadic,0,70
Init.Data.Array.OfFn,0,7
Init.Data.Array.OfFn,1,9
Init.Data.List.Nat.Range,0,12
Init.Data.List.Nat.Range,1,35
Init.Data.List.Nat.Range,2,1
Init.Data.Option.List,0,2
Init.Data.Option.List,1,4
Init.Data.Option.Array,0,7
Init.Data.Option.Array,1,4
Init.Data.Option.Attach,0,1
Init.Data.List.MapIdx,0,33
Init.Data.List.MapIdx,1,12
Init.Data.Array.MapIdx,0,34
Init.Data.Array.MapIdx,1,13
Init.Data.Array.Zip,0,4
Init.Data.Array.Zip,1,2
Init.Data.Array.Zip,2,2
Init.Data.Array.Range,0,14
Init.Data.Array.Range,1,47
Init.Data.Slice.Basic,0,1
Init.Data.Slice.Basic,1,1
Init.Data.Array.Subarray,0,11
Init.Data.Array.Subarray,1,2
Init.Data.Array.Subarray,1024,3
Init.Data.Range.Polymorphic.UpwardEnumerable,0,12
Init.Data.Range.Polymorphic.UpwardEnumerable,1,20
Init.Data.Range.Polymorphic.PRange,0,34
Init.Data.Range.Polymorphic.PRange,1,9
Init.Data.Range.Polymorphic.PRange,1024,12
Init.Data.Slice.Notation,0,9
Init.Data.Range.Polymorphic.Basic,0,24
Init.Data.Range.Polymorphic.Basic,1,48
Init.Data.Range.Polymorphic.Instances,1,1
Init.Data.Range.Polymorphic.Nat,0,1
Init.Data.Range.Polymorphic.Nat,1,8
Init.Data.Slice.Array.Basic,0,13
Init.Data.Slice.Array.Basic,1,5
Init.Data.Iterators.Consumers.Partial,0,1
Init.Data.Iterators.Consumers.Partial,1,1
Init.Data.Iterators.Consumers.Total,0,1
Init.Data.Iterators.Consumers.Total,1,1
Init.Data.Iterators.ToIterator,0,1
Init.Data.Slice.Operations,0,1
Init.Data.Iterators.Combinators.Monadic.Attach,0,1
Init.Data.Iterators.Combinators.Monadic.Attach,1,1
Init.Data.Iterators.PostconditionMonad,0,1
Init.Data.Iterators.PostconditionMonad,1,1
Init.Data.Iterators.Combinators.Monadic.FilterMap,0,1
Init.Data.Iterators.Combinators.Monadic.FilterMap,1,1
Init.Data.Iterators.Consumers.Monadic.Access,0,11
Init.Data.Iterators.Consumers.Monadic.Access,1,10
Init.Data.Iterators.Combinators.Monadic.ULift,0,1
Init.Data.Iterators.Combinators.Monadic.ULift,1,1
Init.Data.Iterators.Consumers.Access,0,2
Init.Data.Iterators.Lemmas.Consumers.Monadic.Loop,0,5
Init.Data.Iterators.Lemmas.Consumers.Monadic.Loop,1,3
Init.Data.Range.Polymorphic.RangeIterator,0,3
Init.Data.Range.Polymorphic.RangeIterator,1,3
Init.Data.Range.Polymorphic.Iterators,0,6
Init.Data.Iterators.Lemmas.Combinators.Monadic.FilterMap,0,4
Init.Data.Iterators.Lemmas.Combinators.Monadic.FilterMap,2,1
Init.Data.Slice.Array.Iterator,0,2
Init.Data.Slice.Array.Iterator,1,3
Init.Data.Vector.Basic,0,53
Init.Data.Vector.Basic,1,47
Init.Data.Vector.Basic,2,3
Init.Data.Vector.Basic,4,2
Init.Data.Vector.Basic,11,1
Init.Data.Vector.Basic,391,1
Init.Data.Vector.Basic,404,1
Init.Data.Vector.Basic,1024,1
Init.Data.String.Pattern.String,0,34
Init.Data.String.Pattern.String,1,17
Init.Data.String.Pattern.String,2,12
Init.Data.String.Pattern.String,3,11
Init.Data.String.Pattern.Pred,0,2
Init.Data.String.Pattern.Pred,1,2
Init.Data.String.ToSlice,0,1
Init.Data.String.Slice,0,56
Init.Data.String.Slice,1,33
Init.Data.String.Slice,4,1
Init.Data.String.Slice,10,17
Init.Data.String.Slice,13,2
Init.Data.String.Slice,45,4
Init.Data.String.Slice,48,2
Init.Data.String.Slice,95,9
Init.Data.String.Slice,1272,1
Init.Data.String.Substring,0,16
Init.Data.String.Substring,10,1
Init.Data.String.Substring,48,1
Init.Data.String.Substring,95,7
Init.Data.String.Modify,0,6
Init.Data.String.Modify,1,20
Init.Data.String.Search,10,5
Init.Data.String.Extra,0,4
Init.Data.String.Iterator,0,7
Init.Data.String.Iterator,1,1
Init.Data.Stream,0,2
Init.Data.Stream,1,2
Init.Data.String.Legacy,0,5
Init.Data.String.Grind,0,15
Init.Data.String.Grind,1,10
Init.Data.String.Grind,1024,1
Init.Data.List.Nat.Find,0,3
Init.Data.List.Perm,0,2
Init.Data.List.Sort.Basic,1,4
Init.Data.List.Sort.Basic,2,7
Init.Data.List.Sort.Lemmas,0,1
Init.Data.List.Sort.Lemmas,1,39
Init.Data.List.Sort.Lemmas,2,61
Init.Data.List.Sort.Lemmas,3,1
Init.Data.List.Sort.Impl,1,21
Init.Data.List.Sort.Impl,2,42
Init.Data.Array.QSort.Basic,0,6
Init.Data.Array.QSort.Basic,1,4
Init.Data.Array.QSort.Basic,2,1
Init.Data.Array.BinSearch,0,15
Init.Data.Array.BinSearch,1,20
Init.Data.Array.InsertionSort,0,1
Init.Data.Array.BasicAux,0,2
Init.Data.Array.FinRange,0,5
Init.Data.Array.FinRange,1,22
Init.Data.Array.Perm,50,2
Init.Data.Array.Perm,51,1
Init.Data.Array.Find,0,57
Init.Data.Array.Find,1,2
Init.Data.Iterators.Consumers.Stream,0,30
Init.Data.Array.Lex.Basic,0,2
Init.Data.Iterators.Lemmas.Consumers.Loop,0,8
Init.Data.Iterators.Lemmas.Consumers.Loop,1,3
Init.Data.Range.Polymorphic.Lemmas,0,31
Init.Data.Range.Polymorphic.Lemmas,1,46
Init.Data.Range.Polymorphic.NatLemmas,0,128
Init.Data.Range.Polymorphic.NatLemmas,1,365
Init.Data.Range.Polymorphic.NatLemmas,2,4
Init.Data.Array.Erase,0,11
Init.Data.Array.Erase,1,24
Init.Data.Array.Erase,2,1
Init.Data.ByteArray.Extra,0,2
Init.Data.ByteArray.Extra,1,2
Init.Data.ByteArray.Extra,2,4
Init.Data.ByteArray.Extra,3,2
Init.Data.ByteArray.Extra,4,2
Init.Data.ByteArray.Extra,5,2
Init.Data.ByteArray.Extra,6,2
Init.Data.ByteArray.Extra,7,2
Init.Data.ByteArray.Extra,8,6
Init.Data.ByteArray.Extra,16,2
Init.Data.ByteArray.Extra,20,1
Init.Data.ByteArray.Extra,24,2
Init.Data.ByteArray.Extra,32,2
Init.Data.ByteArray.Extra,36,1
Init.Data.ByteArray.Extra,40,2
Init.Data.ByteArray.Extra,48,2
Init.Data.ByteArray.Extra,56,2
Init.Data.FloatArray.Basic,0,8
Init.Data.FloatArray.Basic,1,1
Init.Data.UInt.Log2,2,5
Init.Data.UInt.Log2,8,2
Init.Data.UInt.Log2,16,2
Init.Data.UInt.Log2,32,2
Init.Data.UInt.Log2,64,2
Init.Data.SInt.Bitwise,0,130
Init.Data.SInt.Bitwise,1,125
Init.Data.SInt.Bitwise,2,5
Init.Data.SInt.Bitwise,8,65
Init.Data.SInt.Bitwise,16,65
Init.Data.SInt.Bitwise,32,65
Init.Data.SInt.Bitwise,64,65
Init.Data.SInt.Bitwise,1022,1
Init.Data.SInt.Bitwise,1023,1
Init.Data.Ord.Array,0,1
Init.Data.Vector.Lemmas,0,303
Init.Data.Vector.Lemmas,1,377
Init.Data.Vector.Lemmas,2,2
Init.Data.Vector.Lemmas,4,2
Init.Data.Vector.Lemmas,391,1
Init.Data.Vector.Lemmas,404,1
Init.System.IOError,0,12
Init.System.IOError,1,31
Init.System.IOError,2,12
Init.System.IOError,3,12
Init.System.IOError,4,12
Init.System.IOError,5,12
Init.System.IOError,6,12
Init.System.IOError,7,12
Init.System.IOError,8,12
Init.System.IOError,9,12
Init.System.IOError,10,12
Init.System.IOError,11,12
Init.System.IOError,12,12
Init.System.IOError,13,12
Init.System.IOError,14,12
Init.System.IOError,15,12
Init.System.IOError,16,12
Init.System.IOError,17,12
Init.System.IOError,18,11
Init.System.FilePath,0,5
Init.System.FilePath,1,10
Init.System.FilePath,2,4
Init.System.FilePath,3,1
Init.System.FilePath,46,6
Init.System.FilePath,47,4
Init.System.FilePath,58,4
Init.System.FilePath,59,1
Init.System.FilePath,92,2
Init.System.IO,0,65
Init.System.IO,1,67
Init.System.IO,2,38
Init.System.IO,3,16
Init.System.IO,4,8
Init.System.IO,6,1
Init.System.IO,7,1
Init.System.IO,8,3
Init.System.IO,10,6
Init.System.IO,12,4
Init.System.IO,1022,1
Init.System.IO,1024,14
Init.Data.Random,0,10
Init.Data.Random,1,16
Init.Data.Random,1000,1
Init.Data.Random,3791,1
Init.Data.Random,12211,1
Init.Data.Random,40014,1
Init.Data.Random,40692,1
Init.Data.Random,52774,2
Init.Data.Random,53668,2
Init.Data.Random,2147483398,2
Init.Data.Random,2147483399,1
Init.Data.Random,2147483562,7
Init.Data.Random,2147483563,1
Init.Data.ToString.Name,0,4
Init.Data.Format.Macro,0,1
Init.Data.Format.Macro,1024,1
Init.Data.Format.Instances,10,10
Init.Data.Format.Syntax,0,1
Init.Data.Queue,0,1
Init.Data.Queue,1,1
Init.Data.Vector.Lex,0,17
Init.Data.Vector.Lex,1,3
Init.Data.Vector.Attach,0,40
Init.Data.Vector.Attach,1,24
Init.Data.Vector.MapIdx,0,47
Init.Data.Vector.MapIdx,1,53
Init.Data.Vector.Count,0,33
Init.Data.Vector.Count,1,32
Init.Data.Vector.Zip,0,2
Init.Data.Vector.Zip,2,2
Init.Data.Vector.Monadic,0,2
Init.Data.Vector.OfFn,0,10
Init.Data.Vector.OfFn,1,32
Init.Data.Vector.Range,0,13
Init.Data.Vector.Range,1,73
Init.Data.Vector.Erase,1,117
Init.Data.Vector.InsertIdx,0,1
Init.Data.Vector.InsertIdx,1,113
Init.Data.Vector.FinRange,0,12
Init.Data.Vector.FinRange,1,43
Init.Data.Vector.Extract,0,153
Init.Data.Vector.Extract,1,77
Init.Data.Vector.Perm,0,1
Init.Data.Vector.Perm,1,5
Init.Data.Vector.Perm,50,2
Init.Data.Vector.Perm,51,1
Init.Data.Vector.Find,0,28
Init.Data.Vector.Find,1,35
Init.Data.Vector.Algebra,0,37
Init.Data.Iterators.Producers.Monadic.List,0,1
Init.Data.Iterators.Producers.Monadic.List,1,1
Init.Data.Iterators.Combinators.Monadic.FlatMap,0,1
Init.Data.Iterators.Combinators.Monadic.FlatMap,1,1
Init.Data.Iterators.Combinators.Monadic.Take,0,44
Init.Data.Iterators.Combinators.Monadic.Take,1,41
Init.Data.Iterators.Lemmas.Consumers.Access,0,7
Init.Data.Iterators.Lemmas.Combinators.Monadic.Take,0,9
Init.Data.Iterators.Lemmas.Combinators.Monadic.Take,1,16
Init.Data.Iterators.Lemmas.Combinators.FilterMap,0,2
Init.Data.Iterators.Lemmas.Combinators.FilterMap,2,1
Init.Data.Iterators.Lemmas.Combinators.Take,0,6
Init.Data.Iterators.Lemmas.Combinators.Take,1,6
Init.Data.Range.Polymorphic.Map,0,1
Init.Data.Range.Polymorphic.Map,1,2
Init.Data.Range.Polymorphic.Fin,0,14
Init.Data.Range.Polymorphic.Fin,1,4
Init.Data.Range.Polymorphic.Char,0,3
Init.Data.Range.Polymorphic.Int,1,2
Init.Data.Range.Polymorphic.BitVec,0,2
Init.Data.Range.Polymorphic.BitVec,1,7
Init.Data.Range.Polymorphic.BitVec,2,7
Init.Data.Range.Polymorphic.UInt,0,15
Init.Data.Range.Polymorphic.UInt,1,20
Init.Data.Range.Polymorphic.UInt,2,5
Init.Data.Range.Polymorphic.UInt,8,23
Init.Data.Range.Polymorphic.UInt,16,23
Init.Data.Range.Polymorphic.UInt,32,23
Init.Data.Range.Polymorphic.UInt,64,23
Init.Data.Range.Polymorphic.SInt,1,27
Init.Data.Range.Polymorphic.SInt,2,10
Init.Data.Range.Polymorphic.SInt,7,2
Init.Data.Range.Polymorphic.SInt,15,2
Init.Data.Range.Polymorphic.SInt,31,2
Init.Data.Range.Polymorphic.SInt,63,2
Init.Data.Range.Polymorphic.IntLemmas,0,48
Init.Data.Range.Polymorphic.IntLemmas,1,295
Init.Data.Range.Polymorphic.IntLemmas,2,4
Init.Data.Slice.List.Basic,0,5
Init.Data.Slice.List.Basic,1,12
Init.Data.Slice.List.Iterator,0,1
Init.Data.Slice.List.Lemmas,0,10
Init.Data.Slice.List.Lemmas,1,51
Init.Data.Slice.Array.Lemmas,0,14
Init.Data.Slice.Array.Lemmas,1,65
Init.Data.Order.PackageFactories,0,10
Init.Data.Order.PackageFactories,1,6
Init.Data.Dyadic.Basic,0,141
Init.Data.Dyadic.Basic,1,183
Init.Data.Dyadic.Basic,2,150
Init.System.Uri,0,3
Init.System.Uri,1,12
Init.System.Uri,2,17
Init.System.Uri,3,2
Init.System.Uri,16,1
Init.System.Uri,32,5
Init.System.Uri,33,1
Init.System.Uri,35,1
Init.System.Uri,36,1
Init.System.Uri,37,2
Init.System.Uri,38,1
Init.System.Uri,39,1
Init.System.Uri,40,1
Init.System.Uri,41,1
Init.System.Uri,42,1
Init.System.Uri,43,1
Init.System.Uri,44,1
Init.System.Uri,47,5
Init.System.Uri,48,1
Init.System.Uri,57,1
Init.System.Uri,58,5
Init.System.Uri,59,1
Init.System.Uri,61,1
Init.System.Uri,63,1
Init.System.Uri,64,1
Init.System.Uri,65,1
Init.System.Uri,70,1
Init.System.Uri,91,1
Init.System.Uri,92,2
Init.System.Uri,93,1
Init.System.Uri,97,1
Init.System.Uri,102,1
Init.System.Uri,127,2
Init.System.Promise,0,1
Init.Dynamic,0,1
Init.ShareCommon,0,3
Init.ShareCommon,1,2
Init.ShareCommon,1024,2
Init.Guard,0,10
Init.Guard,51,3
Init.Guard,1022,8
Init.Guard,1024,2
Init.Simproc,0,18
Init.Simproc,1022,14
Init.SizeOfLemmas,1,3
Init.SizeOfLemmas,2,2
Init.SizeOfLemmas,3,5
Init.SizeOfLemmas,4,1
Init.MacroTrace,0,1
Init.MacroTrace,1022,1
Init.GrindInstances.Ring.Nat,0,1
Init.GrindInstances.Ring.UInt,2,5
Init.GrindInstances.Ring.UInt,8,2
Init.GrindInstances.Ring.UInt,16,2
Init.GrindInstances.Ring.UInt,32,2
Init.GrindInstances.Ring.UInt,64,2
Init.GrindInstances.Ring.UInt,256,2
Init.GrindInstances.Ring.UInt,65536,2
Init.GrindInstances.Ring.UInt,4294967296,2
Init.GrindInstances.Ring.UInt,18446744073709551616,2
Init.GrindInstances.Ring.SInt,2,5
Init.GrindInstances.Ring.SInt,8,2
Init.GrindInstances.Ring.SInt,16,2
Init.GrindInstances.Ring.SInt,32,2
Init.GrindInstances.Ring.SInt,64,2
Init.GrindInstances.Ring.Fin,0,31
Init.GrindInstances.Ring.Fin,1,6
Init.GrindInstances.Ring.BitVec,2,1
Init.GrindInstances.Nat,0,1
Init.Internal.Order.Basic,0,3
Init.Internal.Order.Basic,1,1
Init.Internal.Order.Basic,50,1
Init.Internal.Order.Basic,51,2
Init.Internal.Order.Basic,1024,1
Init.Internal.Order.Lemmas,0,9
Init.Internal.Order.Lemmas,1,9
Init.Internal.Order.Tactic,1024,1
Init.Try,0,2
Init.Try,1022,6
Init.Try,1024,2
Std.Data.DHashMap.Internal.AssocList.Basic,0,9
Std.Data.DHashMap.Internal.AssocList.Basic,1,10
Std.Data.DHashMap.Internal.AssocList.Basic,11,3
Std.Data.DHashMap.Internal.AssocList.Basic,153,1
Std.Data.DHashMap.Internal.AssocList.Basic,163,1
Std.Data.DHashMap.Internal.AssocList.Basic,168,1
Std.Data.DHashMap.RawDef,0,3
Std.Data.DHashMap.RawDef,1,1
Std.Data.DHashMap.Internal.Index,0,2
Std.Data.DHashMap.Internal.Index,1,1
Std.Data.DHashMap.Internal.Index,16,1
Std.Data.DHashMap.Internal.Index,32,1
Std.Data.DHashMap.Internal.Defs,0,123
Std.Data.DHashMap.Internal.Defs,1,11
Std.Data.DHashMap.Internal.Defs,2,1
Std.Data.DHashMap.Internal.Defs,8,2
Std.Data.DHashMap.Raw,0,710
Std.Data.DHashMap.Raw,8,2
Std.Data.DHashMap.Raw,50,2
Std.Data.DHashMap.Raw,51,1
Std.Data.DHashMap.Basic,0,64
Std.Data.DHashMap.Basic,1,1
Std.Data.DHashMap.Basic,8,2
Std.Data.DHashMap.Basic,50,2
Std.Data.DHashMap.Basic,51,1
Std.Data.DHashMap.Internal.Raw,0,75
Std.Data.DHashMap.Internal.Raw,8,13
Std.Data.Internal.List.Associative,1,19
Std.Data.Internal.List.Associative,10,1
Std.Data.Internal.List.Associative,61,1
Std.Data.DHashMap.Internal.HashesTo,0,3
Std.Data.DHashMap.Internal.Model,0,100
Std.Data.DHashMap.Internal.Model,1,6
Std.Data.DHashMap.Internal.WF,0,423
Std.Data.DHashMap.Internal.WF,1,2
Std.Data.DHashMap.Internal.WF,8,1
Std.Data.DHashMap.AdditionalOperations,0,4
Std.Data.Iterators.Producers.Monadic.Array,0,2
Std.Data.Iterators.Producers.Monadic.Array,1,8
Std.Data.DHashMap.Internal.AssocList.Iterator,0,1
Std.Data.DHashMap.Internal.AssocList.Iterator,1,1
Std.Data.DHashMap.Internal.RawLemmas,0,1505
Std.Data.DHashMap.Internal.RawLemmas,1,21
Std.Data.DHashMap.Internal.RawLemmas,8,144
Std.Data.DHashMap.Internal.RawLemmas,1022,1
Std.Data.DHashMap.Internal.RawLemmas,1024,2
Std.Data.DHashMap.Lemmas,0,12
Std.Data.DHashMap.Lemmas,1,21
Std.Data.Iterators.Producers.Monadic.Empty,0,1
Std.Data.Iterators.Producers.Monadic.Empty,1,1
Std.Data.Iterators.Producers.Repeat,0,1
Std.Data.Iterators.Producers.Repeat,1,1
Std.Data.Iterators.Combinators.Monadic.TakeWhile,0,1
Std.Data.Iterators.Combinators.Monadic.TakeWhile,1,1
Std.Data.Iterators.Combinators.Monadic.Drop,0,20
Std.Data.Iterators.Combinators.Monadic.Drop,1,8
Std.Data.Iterators.Combinators.Monadic.DropWhile,0,1
Std.Data.Iterators.Combinators.Monadic.DropWhile,1,1
Std.Data.Iterators.Combinators.Monadic.StepSize,0,2
Std.Data.Iterators.Combinators.Monadic.StepSize,1,2
Std.Data.Iterators.Combinators.Monadic.Zip,0,1
Std.Data.Iterators.Combinators.Monadic.Zip,1,1
Std.Data.Iterators.Lemmas.Equivalence.HetT,0,3
Std.Data.Iterators.Lemmas.Equivalence.HetT,1,2
Std.Data.Iterators.Lemmas.Equivalence.Basic,0,1
Std.Data.Iterators.Lemmas.Equivalence.Basic,1,1
Std.Data.Iterators.Lemmas.Combinators.Monadic.Drop,0,8
Std.Data.Iterators.Lemmas.Combinators.Monadic.Drop,1,5
Std.Data.Iterators.Lemmas.Combinators.Drop,0,6
Std.Data.Iterators.Lemmas.Combinators.Drop,1,3
Std.Data.Iterators.Lemmas.Combinators.Zip,0,2
Std.Data.Iterators.Lemmas.Combinators.Zip,1,1
Std.Data.Iterators.Lemmas.Producers.Monadic.Array,0,9
Std.Data.Iterators.Lemmas.Producers.Monadic.Array,1,15
Std.Data.Iterators.Lemmas.Producers.Array,0,9
Std.Data.Iterators.Lemmas.Producers.Array,1,14
Std.Data.Iterators.Lemmas.Producers.Repeat,0,1
Std.Data.Iterators.Lemmas.Producers.Repeat,1,3
Std.Data.DHashMap.RawLemmas,0,13
Std.Data.DHashMap.RawLemmas,1,21
Std.Data.DHashMap.RawLemmas,1022,1
Std.Data.DHashMap.DecidableEquiv,0,2
Std.Data.HashMap.Basic,0,1
Std.Data.HashMap.Basic,1,1
Std.Data.HashMap.Basic,8,2
Std.Data.HashMap.Basic,50,2
Std.Data.HashMap.Basic,51,1
Std.Data.HashMap.Raw,0,1
Std.Data.HashMap.Raw,1,1
Std.Data.HashMap.Raw,8,2
Std.Data.HashMap.Raw,50,2
Std.Data.HashMap.Raw,51,1
Std.Data.HashMap.Lemmas,0,9
Std.Data.HashMap.Lemmas,1,14
Std.Data.HashMap.RawLemmas,0,9
Std.Data.HashMap.RawLemmas,1,14
Std.Data.HashSet.Basic,0,1
Std.Data.HashSet.Basic,1,1
Std.Data.HashSet.Basic,8,2
Std.Data.HashSet.Basic,50,2
Std.Data.HashSet.Basic,51,1
Std.Data.HashSet.Raw,0,1
Std.Data.HashSet.Raw,1,1
Std.Data.HashSet.Raw,8,2
Std.Data.HashSet.Raw,50,2
Std.Data.HashSet.Raw,51,1
Std.Data.HashSet.Lemmas,0,6
Std.Data.HashSet.Lemmas,1,5
Std.Data.HashSet.RawLemmas,0,6
Std.Data.HashSet.RawLemmas,1,5
Std.Data.DTreeMap.Internal.Def,0,11
Std.Data.DTreeMap.Internal.Def,1,10
Std.Data.DTreeMap.Internal.Def,2,2
Std.Data.DTreeMap.Internal.Def,3,2
Std.Data.DTreeMap.Internal.Balanced,0,6
Std.Data.DTreeMap.Internal.Balanced,1,26
Std.Data.DTreeMap.Internal.Balanced,2,2
Std.Data.DTreeMap.Internal.Balancing,0,2
Std.Data.DTreeMap.Internal.Balancing,1,304
Std.Data.DTreeMap.Internal.Balancing,2,23
Std.Data.DTreeMap.Internal.Balancing,3,47
Std.Data.DTreeMap.Internal.Balancing,21,6
Std.Data.DTreeMap.Internal.Balancing,22,6
Std.Data.DTreeMap.Internal.Balancing,35,6
Std.Data.DTreeMap.Internal.Balancing,36,6
Std.Data.DTreeMap.Internal.Balancing,178,3
Std.Data.DTreeMap.Internal.Balancing,179,3
Std.Data.DTreeMap.Internal.Balancing,272,3
Std.Data.DTreeMap.Internal.Balancing,273,3
Std.Data.DTreeMap.Internal.Balancing,379,3
Std.Data.DTreeMap.Internal.Balancing,380,3
Std.Data.DTreeMap.Internal.Balancing,389,3
Std.Data.DTreeMap.Internal.Balancing,390,3
Std.Data.DTreeMap.Internal.Balancing,1024,2
Std.Data.DTreeMap.Internal.Queries,0,4
Std.Data.DTreeMap.Internal.Queries,1,13
Std.Data.DTreeMap.Internal.Queries,4,1
Std.Data.DTreeMap.Internal.Queries,13,16
Std.Data.DTreeMap.Internal.Queries,16,3
Std.Data.DTreeMap.Internal.Queries,50,1
Std.Data.DTreeMap.Internal.Queries,51,2
Std.Data.DTreeMap.Internal.Queries,102,1
Std.Data.DTreeMap.Internal.Queries,141,1
Std.Data.DTreeMap.Internal.Queries,180,1
Std.Data.DTreeMap.Internal.Queries,221,1
Std.Data.DTreeMap.Internal.Queries,361,2
Std.Data.DTreeMap.Internal.Queries,384,2
Std.Data.DTreeMap.Internal.Queries,407,2
Std.Data.DTreeMap.Internal.Queries,430,2
Std.Data.DTreeMap.Internal.Queries,461,1
Std.Data.DTreeMap.Internal.Queries,497,1
Std.Data.DTreeMap.Internal.Queries,810,2
Std.Data.DTreeMap.Internal.Queries,833,2
Std.Data.DTreeMap.Internal.Queries,864,1
Std.Data.DTreeMap.Internal.Operations,0,7
Std.Data.DTreeMap.Internal.Operations,1,395
Std.Data.DTreeMap.Internal.WF.Defs,1,122
Std.Data.DTreeMap.Basic,0,1
Std.Data.DTreeMap.Basic,1,21
Std.Data.DTreeMap.Basic,50,1
Std.Data.DTreeMap.Basic,51,2
Std.Data.DTreeMap.Raw.Basic,0,1
Std.Data.DTreeMap.Raw.Basic,1,1
Std.Data.DTreeMap.Raw.Basic,50,1
Std.Data.DTreeMap.Raw.Basic,51,2
Std.Data.DTreeMap.Internal.Cell,0,1
Std.Data.DTreeMap.Internal.Cell,1,1
Std.Data.DTreeMap.Internal.Model,0,15
Std.Data.DTreeMap.Internal.Model,1,364
Std.Data.DTreeMap.Internal.Model,2,11
Std.Data.DTreeMap.Internal.Model,13,14
Std.Data.DTreeMap.Internal.Model,16,6
Std.Data.DTreeMap.Internal.Model,102,2
Std.Data.DTreeMap.Internal.Model,141,2
Std.Data.DTreeMap.Internal.Model,180,2
Std.Data.DTreeMap.Internal.Model,221,2
Std.Data.DTreeMap.Internal.Model,361,1
Std.Data.DTreeMap.Internal.Model,384,1
Std.Data.DTreeMap.Internal.Model,407,1
Std.Data.DTreeMap.Internal.Model,430,1
Std.Data.DTreeMap.Internal.Model,461,2
Std.Data.DTreeMap.Internal.Model,497,2
Std.Data.DTreeMap.Internal.Model,810,1
Std.Data.DTreeMap.Internal.Model,833,1
Std.Data.DTreeMap.Internal.Model,864,2
Std.Data.DTreeMap.Internal.WF.Lemmas,1,318
Std.Data.DTreeMap.Internal.Lemmas,0,3
Std.Data.DTreeMap.Internal.Lemmas,1,704
Std.Data.DTreeMap.Internal.Lemmas,1022,1
Std.Data.DTreeMap.Internal.Lemmas,1024,2
Std.Data.DTreeMap.Lemmas,0,2
Std.Data.DTreeMap.Lemmas,1,22
Std.Data.DTreeMap.Internal.Zipper,0,39
Std.Data.DTreeMap.Internal.Zipper,1,40
Std.Data.DTreeMap.Raw.Lemmas,0,2
Std.Data.DTreeMap.Raw.Lemmas,1,21
Std.Data.TreeMap.Basic,0,1
Std.Data.TreeMap.Basic,1,1
Std.Data.TreeMap.Basic,50,1
Std.Data.TreeMap.Basic,51,2
Std.Data.TreeMap.Raw.Basic,0,1
Std.Data.TreeMap.Raw.Basic,1,1
Std.Data.TreeMap.Raw.Basic,50,1
Std.Data.TreeMap.Raw.Basic,51,2
Std.Data.TreeMap.Lemmas,0,2
Std.Data.TreeMap.Lemmas,1,14
Std.Data.TreeSet.Basic,0,1
Std.Data.TreeSet.Basic,1,1
Std.Data.TreeSet.Basic,50,1
Std.Data.TreeSet.Basic,51,2
Std.Data.TreeSet.Raw.Basic,0,1
Std.Data.TreeSet.Raw.Basic,1,1
Std.Data.TreeSet.Raw.Basic,50,1
Std.Data.TreeSet.Raw.Basic,51,2
Std.Data.TreeSet.Lemmas,0,2
Std.Data.TreeSet.Lemmas,1,5
Std.Data.ExtDHashMap.Basic,0,1
Std.Data.ExtDHashMap.Basic,1,1
Std.Data.ExtDHashMap.Basic,8,2
Std.Data.ExtDHashMap.Lemmas,0,2
Std.Data.ExtDHashMap.Lemmas,1,21
Std.Data.ExtHashMap.Basic,0,1
Std.Data.ExtHashMap.Basic,1,1
Std.Data.ExtHashMap.Basic,8,2
Std.Data.ExtHashMap.Lemmas,0,2
Std.Data.ExtHashMap.Lemmas,1,14
Std.Data.ExtHashSet.Basic,0,1
Std.Data.ExtHashSet.Basic,1,1
Std.Data.ExtHashSet.Basic,8,2
Std.Data.ExtHashSet.Lemmas,0,2
Std.Data.ExtHashSet.Lemmas,1,5
Std.Data.ExtDTreeMap.Basic,0,1
Std.Data.ExtDTreeMap.Basic,1,1
Std.Data.ExtDTreeMap.Lemmas,0,3
Std.Data.ExtDTreeMap.Lemmas,1,21
Std.Data.ExtTreeMap.Basic,0,1
Std.Data.ExtTreeMap.Basic,1,1
Std.Data.ExtTreeMap.Lemmas,0,3
Std.Data.ExtTreeMap.Lemmas,1,14
Std.Data.ExtTreeSet.Basic,0,1
Std.Data.ExtTreeSet.Basic,1,1
Std.Data.ExtTreeSet.Lemmas,0,3
Std.Data.ExtTreeSet.Lemmas,1,5
Std.Data.DHashMap.RawDecidableEquiv,0,2
Std.Data.TreeMap.Raw.Lemmas,0,2
Std.Data.TreeMap.Raw.Lemmas,1,14
Std.Data.TreeSet.Raw.Lemmas,0,2
Std.Data.TreeSet.Raw.Lemmas,1,5
Std.Data.ByteSlice,0,28
Std.Do.SPred.SVal,0,1
Std.Do.SPred.Notation.Basic,0,2
Std.Do.SPred.Notation.Basic,1024,2
Std.Do.SPred.Notation,0,64
Std.Do.SPred.Notation,1,74
Std.Do.SPred.Notation,2,35
Std.Do.SPred.Notation,3,23
Std.Do.SPred.Notation,4,5
Std.Do.SPred.Notation,25,7
Std.Do.SPred.Notation,26,1
Std.Do.SPred.Notation,1024,1
Std.Do.PostCond,0,15
Std.Do.PostCond,1,15
Std.Do.PostCond,2,11
Std.Do.PostCond,25,8
Std.Do.PostCond,26,4
Std.Do.PostCond,35,4
Std.Do.PostCond,36,2
Std.Do.PostCond,1024,5
Std.Do.PredTrans,0,1
Std.Do.PredTrans,1,1
Std.Do.WP.Basic,0,14
Std.Do.WP.Basic,1,17
Std.Do.WP.Basic,2,4
Std.Do.WP.Basic,3,5
Std.Do.WP.Basic,4,5
Std.Do.WP.Basic,10,1
Std.Do.WP.Basic,1024,1
Std.Do.WP.Monad,0,1
Std.Do.Triple.Basic,0,4
Std.Do.Triple.Basic,1,3
Std.Do.Triple.Basic,2,1
Std.Do.Triple.Basic,3,2
Std.Do.Triple.Basic,1022,2
Std.Do.Triple.SpecLemmas,0,17
Std.Do.Triple.SpecLemmas,1,4
Std.Do.Triple.SpecLemmas,2,1
Std.Sat.AIG.Basic,0,152
Std.Sat.AIG.Basic,1,122
Std.Sat.AIG.Basic,2,53
Std.Sat.AIG.Basic,3,57
Std.Sat.AIG.Basic,4,54
Std.Sat.AIG.Basic,5,36
Std.Sat.AIG.Basic,7,1
Std.Sat.AIG.Basic,1024,8
Std.Sat.AIG.Lemmas,0,2
Std.Sat.AIG.Cached,0,21
Std.Sat.AIG.Cached,2,3
Std.Sat.AIG.CachedLemmas,0,9
Std.Sat.CNF.RelabelFin,0,3
Std.Sat.CNF.RelabelFin,1,1
Std.Sat.CNF.Dimacs,0,2
Std.Sat.CNF.Dimacs,1,1
Std.Sat.AIG.CNF,0,2
Std.Sat.AIG.CNF,1,2
Std.Sat.AIG.RelabelNat,0,27
Std.Sat.AIG.RelabelNat,1,66
Std.Sat.AIG.RefVec,0,9
Std.Sat.AIG.RefVec,1,13
Std.Sat.AIG.RefVecOperator.Map,0,2
Std.Sat.AIG.RefVecOperator.Map,1,3
Std.Sat.AIG.RefVecOperator.Zip,0,1
Std.Sat.AIG.RefVecOperator.Zip,1,2
Std.Sat.AIG.RefVecOperator.Fold,0,1
Std.Sat.AIG.RefVecOperator.Fold,1,1
Std.Sat.AIG.If,0,2
Std.Sat.AIG.If,1,3
Std.Sync.Mutex,0,1
Std.Internal.Async.Basic,0,10
Std.Internal.Async.Basic,1,9
Std.Internal.Async.Select,0,3
Std.Internal.Async.Select,1,2
Std.Internal.Async.Select,8,3
Std.Internal.Async.IO,0,3
Std.Sync.Channel,0,25
Std.Sync.Channel,1,25
Std.Sync.Channel,2,13
Std.Sync.Channel,16,1
Std.Sync.Channel,21,1
Std.Sync.Channel,867,1
Std.Sync.Channel,878,1
Std.Sync.Channel,1024,4
Std.Sync.RecursiveMutex,0,1
Std.Sync.Barrier,0,4
Std.Sync.Barrier,1,2
Std.Sync.SharedMutex,0,1
Std.Sync.Notify,0,10
Std.Sync.Notify,1,11
Std.Sync.Broadcast,0,17
Std.Sync.Broadcast,1,16
Std.Sync.Broadcast,2,11
Std.Sync.Broadcast,16,6
Std.Sync.Broadcast,1024,6
Std.Sync.StreamMap,0,7
Std.Sync.StreamMap,1,1
Std.Sync.CancellationToken,0,22
Std.Sync.CancellationToken,1,31
Std.Sync.CancellationToken,2,16
Std.Sync.CancellationToken,3,11
Std.Sync.CancellationToken,1024,8
Std.Sync.CancellationContext,0,4
Std.Sync.CancellationContext,1,4
Std.Time.Internal.Bounded,0,69
Std.Time.Internal.Bounded,1,18
Std.Time.Internal.UnitVal,0,1
Std.Time.Internal.UnitVal,1,1
Std.Time.Time.Unit.Nanosecond,0,38
Std.Time.Time.Unit.Nanosecond,1,25
Std.Time.Time.Unit.Nanosecond,999999999,60
Std.Time.Time.Unit.Nanosecond,1000000000,27
Std.Time.Time.Unit.Nanosecond,86400000000000,16
Std.Time.Time.Unit.Second,0,30
Std.Time.Time.Unit.Second,1,24
Std.Time.Time.Unit.Second,59,33
Std.Time.Time.Unit.Second,60,45
Std.Time.Time.Unit.Second,61,16
Std.Time.Time.Unit.Minute,0,23
Std.Time.Time.Unit.Minute,59,25
Std.Time.Time.Unit.Minute,60,26
Std.Time.Time.Unit.Hour,0,31
Std.Time.Time.Unit.Hour,1,12
Std.Time.Time.Unit.Hour,11,3
Std.Time.Time.Unit.Hour,12,3
Std.Time.Time.Unit.Hour,23,33
Std.Time.Time.Unit.Hour,24,7
Std.Time.Time.Unit.Hour,3600,24
Std.Time.Time.Unit.Millisecond,0,23
Std.Time.Time.Unit.Millisecond,1,24
Std.Time.Time.Unit.Millisecond,999,25
Std.Time.Time.Unit.Millisecond,1000,26
Std.Time.Time.Unit.Basic,1,43
Std.Time.Time.Unit.Basic,60,31
Std.Time.Time.Unit.Basic,1000,19
Std.Time.Time.Unit.Basic,3600,26
Std.Time.Time.Unit.Basic,60000,6
Std.Time.Time.Unit.Basic,1000000,6
Std.Time.Time.Unit.Basic,3600000,6
Std.Time.Time.Unit.Basic,1000000000,18
Std.Time.Time.Unit.Basic,60000000000,6
Std.Time.Time.Unit.Basic,3600000000000,6
Std.Time.Time.HourMarker,0,40
Std.Time.Time.HourMarker,1,37
Std.Time.Time.HourMarker,2,2
Std.Time.Time.HourMarker,12,51
Std.Time.Time.HourMarker,23,24
Std.Time.Time.HourMarker,24,1
Std.Time.Time.HourMarker,1024,4
Std.Time.Time.PlainTime,0,29
Std.Time.Time.PlainTime,1,19
Std.Time.Time.PlainTime,8,1
Std.Time.Time.PlainTime,10,2
Std.Time.Time.PlainTime,14,1
Std.Time.Time.PlainTime,24,2
Std.Time.Time.PlainTime,59,2
Std.Time.Time.PlainTime,60,8
Std.Time.Time.PlainTime,999,4
Std.Time.Time.PlainTime,1000,5
Std.Time.Time.PlainTime,3600,4
Std.Time.Time.PlainTime,1000000,8
Std.Time.Time.PlainTime,999999999,4
Std.Time.Time.PlainTime,1000000000,16
Std.Time.Date.Unit.Day,1,58
Std.Time.Date.Unit.Day,24,4
Std.Time.Date.Unit.Day,30,2
Std.Time.Date.Unit.Day,31,26
Std.Time.Date.Unit.Day,32,2
Std.Time.Date.Unit.Day,60,3
Std.Time.Date.Unit.Day,364,2
Std.Time.Date.Unit.Day,365,14
Std.Time.Date.Unit.Day,366,12
Std.Time.Date.Unit.Day,1000,3
Std.Time.Date.Unit.Day,1440,4
Std.Time.Date.Unit.Day,3600,3
Std.Time.Date.Unit.Day,86400,49
Std.Time.Date.Unit.Day,86400000,4
Std.Time.Date.Unit.Day,1000000000,3
Std.Time.Date.Unit.Day,86400000000000,4
Std.Time.Date.Unit.Month,0,5
Std.Time.Date.Unit.Month,1,80
Std.Time.Date.Unit.Month,2,10
Std.Time.Date.Unit.Month,3,6
Std.Time.Date.Unit.Month,4,8
Std.Time.Date.Unit.Month,5,1
Std.Time.Date.Unit.Month,6,1
Std.Time.Date.Unit.Month,7,1
Std.Time.Date.Unit.Month,8,1
Std.Time.Date.Unit.Month,9,1
Std.Time.Date.Unit.Month,10,1
Std.Time.Date.Unit.Month,11,6
Std.Time.Date.Unit.Month,12,48
Std.Time.Date.Unit.Month,13,2
Std.Time.Date.Unit.Month,27,1
Std.Time.Date.Unit.Month,28,1
Std.Time.Date.Unit.Month,29,1
Std.Time.Date.Unit.Month,31,8
Std.Time.Date.Unit.Month,59,1
Std.Time.Date.Unit.Month,90,1
Std.Time.Date.Unit.Month,120,1
Std.Time.Date.Unit.Month,151,1
Std.Time.Date.Unit.Month,181,1
Std.Time.Date.Unit.Month,212,1
Std.Time.Date.Unit.Month,243,1
Std.Time.Date.Unit.Month,273,1
Std.Time.Date.Unit.Month,304,1
Std.Time.Date.Unit.Month,334,2
Std.Time.Date.Unit.Month,86400,4
Std.Time.Date.Unit.Year,0,31
Std.Time.Date.Unit.Year,1,29
Std.Time.Date.Unit.Year,2,2
Std.Time.Date.Unit.Year,3,3
Std.Time.Date.Unit.Year,4,7
Std.Time.Date.Unit.Year,7,8
Std.Time.Date.Unit.Year,12,1
Std.Time.Date.Unit.Year,52,4
Std.Time.Date.Unit.Year,53,1
Std.Time.Date.Unit.Year,100,6
Std.Time.Date.Unit.Year,355,1
Std.Time.Date.Unit.Year,365,4
Std.Time.Date.Unit.Year,366,5
Std.Time.Date.Unit.Year,400,5
Std.Time.Date.Unit.Year,1024,4
Std.Time.Date.Unit.Weekday,0,9
Std.Time.Date.Unit.Weekday,1,44
Std.Time.Date.Unit.Weekday,2,18
Std.Time.Date.Unit.Weekday,3,11
Std.Time.Date.Unit.Weekday,4,11
Std.Time.Date.Unit.Weekday,5,11
Std.Time.Date.Unit.Weekday,6,11
Std.Time.Date.Unit.Weekday,7,17
Std.Time.Date.Unit.Weekday,12,1
Std.Time.Date.Unit.Weekday,139,1
Std.Time.Date.Unit.Weekday,1024,14
Std.Time.Date.Unit.Week,1,45
Std.Time.Date.Unit.Week,5,2
Std.Time.Date.Unit.Week,6,5
Std.Time.Date.Unit.Week,7,44
Std.Time.Date.Unit.Week,52,2
Std.Time.Date.Unit.Week,53,23
Std.Time.Date.Unit.Week,54,2
Std.Time.Date.Unit.Week,60,3
Std.Time.Date.Unit.Week,168,4
Std.Time.Date.Unit.Week,1000,3
Std.Time.Date.Unit.Week,3600,3
Std.Time.Date.Unit.Week,10080,4
Std.Time.Date.Unit.Week,86400,43
Std.Time.Date.Unit.Week,604800,4
Std.Time.Date.Unit.Week,604800000,4
Std.Time.Date.Unit.Week,1000000000,3
Std.Time.Date.Unit.Week,604800000000000,4
Std.Time.Date.Unit.Basic,7,5
Std.Time.Date.Unit.Basic,86400,4
Std.Time.Date.ValidDate,0,15
Std.Time.Date.ValidDate,1,15
Std.Time.Date.ValidDate,31,5
Std.Time.Date.ValidDate,334,7
Std.Time.Date.ValidDate,86400,13
Std.Time.Date.Basic,1,84
Std.Time.Date.Basic,7,17
Std.Time.Date.Basic,24,4
Std.Time.Date.Basic,60,20
Std.Time.Date.Basic,168,4
Std.Time.Date.Basic,1000,28
Std.Time.Date.Basic,1440,4
Std.Time.Date.Basic,3600,16
Std.Time.Date.Basic,10080,4
Std.Time.Date.Basic,86400,42
Std.Time.Date.Basic,604800,4
Std.Time.Date.Basic,86400000,4
Std.Time.Date.Basic,604800000,4
Std.Time.Date.Basic,1000000000,32
Std.Time.Date.Basic,86400000000000,4
Std.Time.Date.Basic,604800000000000,4
Std.Time.Date.PlainDate,0,22
Std.Time.Date.PlainDate,1,144
Std.Time.Date.PlainDate,2,9
Std.Time.Date.PlainDate,3,5
Std.Time.Date.PlainDate,4,6
Std.Time.Date.PlainDate,5,5
Std.Time.Date.PlainDate,6,5
Std.Time.Date.PlainDate,7,80
Std.Time.Date.PlainDate,8,1
Std.Time.Date.PlainDate,9,3
Std.Time.Date.PlainDate,10,34
Std.Time.Date.PlainDate,12,15
Std.Time.Date.PlainDate,31,10
Std.Time.Date.PlainDate,52,6
Std.Time.Date.PlainDate,53,9
Std.Time.Date.PlainDate,100,2
Std.Time.Date.PlainDate,153,3
Std.Time.Date.PlainDate,365,19
Std.Time.Date.PlainDate,366,16
Std.Time.Date.PlainDate,399,1
Std.Time.Date.PlainDate,400,3
Std.Time.Date.PlainDate,1460,1
Std.Time.Date.PlainDate,36524,1
Std.Time.Date.PlainDate,86400,2
Std.Time.Date.PlainDate,146096,2
Std.Time.Date.PlainDate,146097,3
Std.Time.Date.PlainDate,719468,2
Std.Time.Duration,0,143
Std.Time.Duration,1,94
Std.Time.Duration,8,1
Std.Time.Duration,9,1
Std.Time.Duration,10,1
Std.Time.Duration,48,1
Std.Time.Duration,1000,9
Std.Time.Duration,1000000,5
Std.Time.Duration,999999999,162
Std.Time.Duration,1000000000,17
Std.Time.DateTime.Timestamp,0,1
Std.Time.DateTime.Timestamp,1,10
Std.Time.DateTime.Timestamp,7,1
Std.Time.DateTime.Timestamp,999999999,2
Std.Time.DateTime.Timestamp,1000000000,9
Std.Time.DateTime.PlainDateTime,0,30
Std.Time.DateTime.PlainDateTime,1,92
Std.Time.DateTime.PlainDateTime,2,1
Std.Time.DateTime.PlainDateTime,4,7
Std.Time.DateTime.PlainDateTime,5,1
Std.Time.DateTime.PlainDateTime,8,2
Std.Time.DateTime.PlainDateTime,10,5
Std.Time.DateTime.PlainDateTime,13,33
Std.Time.DateTime.PlainDateTime,23,3
Std.Time.DateTime.PlainDateTime,24,1
Std.Time.DateTime.PlainDateTime,25,2
Std.Time.DateTime.PlainDateTime,29,1
Std.Time.DateTime.PlainDateTime,30,4
Std.Time.DateTime.PlainDateTime,31,10
Std.Time.DateTime.PlainDateTime,59,4
Std.Time.DateTime.PlainDateTime,60,6
Std.Time.DateTime.PlainDateTime,97,1
Std.Time.DateTime.PlainDateTime,100,2
Std.Time.DateTime.PlainDateTime,365,5
Std.Time.DateTime.PlainDateTime,400,2
Std.Time.DateTime.PlainDateTime,2000,1
Std.Time.DateTime.PlainDateTime,3600,1
Std.Time.DateTime.PlainDateTime,11017,1
Std.Time.DateTime.PlainDateTime,86399,11
Std.Time.DateTime.PlainDateTime,86400,21
Std.Time.DateTime.PlainDateTime,999999999,2
Std.Time.DateTime.PlainDateTime,1000000000,31
Std.Time.DateTime,1,3
Std.Time.Zoned.Offset,0,5
Std.Time.Zoned.Offset,1,4
Std.Time.Zoned.Offset,10,5
Std.Time.Zoned.Offset,60,1
Std.Time.Zoned.Offset,3600,5
Std.Time.Zoned.TimeZone,0,1
Std.Time.Zoned.TimeZone,1,1
Std.Time.Zoned.TimeZone,8,1
Std.Time.Zoned.TimeZone,9,1
Std.Time.Zoned.TimeZone,10,1
Std.Time.Zoned.TimeZone,16,1
Std.Time.Zoned.DateTime,0,2
Std.Time.Zoned.DateTime,1,2
Std.Time.Zoned.DateTime,4,1
Std.Time.Zoned.DateTime,5,1
Std.Time.Zoned.DateTime,1000,1
Std.Time.Zoned.DateTime,999999999,1
Std.Time.Zoned.ZoneRules,0,20
Std.Time.Zoned.ZoneRules,1,32
Std.Time.Zoned.ZoneRules,2,4
Std.Time.Zoned.ZoneRules,8,2
Std.Time.Zoned.ZoneRules,9,1
Std.Time.Zoned.ZoneRules,11,1
Std.Time.Zoned.ZoneRules,13,1
Std.Time.Zoned.ZoneRules,14,1
Std.Time.Zoned.ZoneRules,15,1
Std.Time.Zoned.ZoneRules,16,1
Std.Time.Zoned.ZoneRules,17,1
Std.Time.Zoned.ZoneRules,24,1
Std.Time.Zoned.ZoneRules,1024,8
Std.Time.Zoned.ZonedDateTime,0,1
Std.Time.Zoned.ZonedDateTime,1,14
Std.Time.Zoned.ZonedDateTime,4,1
Std.Time.Zoned.ZonedDateTime,5,1
Std.Internal.Parsec.Basic,0,17
Std.Internal.Parsec.Basic,1,22
Std.Internal.Parsec.Basic,2,4
Std.Internal.Parsec.Basic,1024,8
Std.Internal.Parsec.String,48,7
Std.Internal.Parsec.String,57,7
Std.Internal.Parsec.String,65,9
Std.Internal.Parsec.String,70,5
Std.Internal.Parsec.String,90,4
Std.Internal.Parsec.String,97,9
Std.Internal.Parsec.String,102,5
Std.Internal.Parsec.String,122,4
Std.Internal.Parsec.ByteArray,0,7
Std.Internal.Parsec.ByteArray,48,10
Std.Internal.Parsec.ByteArray,55,3
Std.Internal.Parsec.ByteArray,57,7
Std.Internal.Parsec.ByteArray,65,9
Std.Internal.Parsec.ByteArray,70,5
Std.Internal.Parsec.ByteArray,90,4
Std.Internal.Parsec.ByteArray,97,9
Std.Internal.Parsec.ByteArray,102,5
Std.Internal.Parsec.ByteArray,122,4
Std.Time.Zoned.Database.TzIf,0,6
Std.Time.Zoned.Database.TzIf,1,6
Std.Time.Zoned.Database.TzIf,6,2
Std.Time.Zoned.Database.TzIf,9,1
Std.Time.Zoned.Database.TzIf,10,2
Std.Time.Zoned.Database.TzIf,11,6
Std.Time.Zoned.Database.TzIf,12,2
Std.Time.Zoned.Database.TzIf,13,1
Std.Time.Zoned.Database.TzIf,14,1
Std.Time.Zoned.Database.TzIf,15,1
Std.Time.Zoned.Database.TzIf,17,1
Std.Time.Zoned.Database.TzIf,18,2
Std.Time.Zoned.Database.TzIf,19,1
Std.Time.Zoned.Database.TzIf,21,4
Std.Time.Zoned.Database.Basic,0,2
Std.Time.Zoned.Database.TZdb,0,1
Std.Time.Zoned.Database.TZdb,1,2
Std.Time.Zoned.Database.TZdb,2,2
Std.Time.Zoned.Database.Windows,0,1
Std.Time.Zoned.Database.Windows,1,1
Std.Time.Zoned.Database.Windows,2147483648,2
Std.Time.Zoned.Database.Windows,32503690800,3
Std.Time.Format.Basic,0,101
Std.Time.Format.Basic,1,225
Std.Time.Format.Basic,2,107
Std.Time.Format.Basic,3,39
Std.Time.Format.Basic,4,39
Std.Time.Format.Basic,5,18
Std.Time.Format.Basic,6,13
Std.Time.Format.Basic,7,13
Std.Time.Format.Basic,8,13
Std.Time.Format.Basic,9,17
Std.Time.Format.Basic,10,15
Std.Time.Format.Basic,11,15
Std.Time.Format.Basic,12,26
Std.Time.Format.Basic,13,12
Std.Time.Format.Basic,14,12
Std.Time.Format.Basic,15,12
Std.Time.Format.Basic,16,12
Std.Time.Format.Basic,17,12
Std.Time.Format.Basic,18,15
Std.Time.Format.Basic,19,12
Std.Time.Format.Basic,20,13
Std.Time.Format.Basic,21,12
Std.Time.Format.Basic,22,12
Std.Time.Format.Basic,23,12
Std.Time.Format.Basic,24,13
Std.Time.Format.Basic,25,12
Std.Time.Format.Basic,26,12
Std.Time.Format.Basic,27,12
Std.Time.Format.Basic,28,11
Std.Time.Format.Basic,118,2
Std.Time.Format.Basic,122,2
Std.Time.Format.Basic,1024,108
Std.Time.Format.Basic,1430,1
Std.Time.Format.Basic,1482,1
Std.Time.Format.Basic,1496,1
Std.Time.Notation.Spec,0,1
Std.Time.Notation.Spec,1024,2
Std.Time.Format,0,7
Std.Time.Format,1,8
Std.Time.Format,2,93
Std.Time.Format,12,10
Std.Time.Format,23,5
Std.Time.Notation,0,1
Std.Time.Notation,1024,7
Std.Tactic.BVDecide.Bitblast.BoolExpr.Basic,0,20
Std.Tactic.BVDecide.Bitblast.BoolExpr.Basic,1,29
Std.Tactic.BVDecide.Bitblast.BoolExpr.Basic,2,20
Std.Tactic.BVDecide.Bitblast.BoolExpr.Basic,3,19
Std.Tactic.BVDecide.Bitblast.BoolExpr.Basic,4,11
Std.Tactic.BVDecide.Bitblast.BVExpr.Basic,0,57
Std.Tactic.BVDecide.Bitblast.BVExpr.Basic,1,80
Std.Tactic.BVDecide.Bitblast.BVExpr.Basic,2,35
Std.Tactic.BVDecide.Bitblast.BVExpr.Basic,3,35
Std.Tactic.BVDecide.Bitblast.BVExpr.Basic,4,35
Std.Tactic.BVDecide.Bitblast.BVExpr.Basic,5,36
Std.Tactic.BVDecide.Bitblast.BVExpr.Basic,6,20
Std.Tactic.BVDecide.Bitblast.BVExpr.Basic,7,15
Std.Tactic.BVDecide.Bitblast.BVExpr.Basic,8,12
Std.Tactic.BVDecide.Bitblast.BVExpr.Basic,9,11
Std.Tactic.BVDecide.Bitblast.BVExpr.Basic,11,1
Std.Tactic.BVDecide.Bitblast.BVExpr.Basic,13,1
Std.Tactic.BVDecide.Bitblast.BVExpr.Basic,17,1
Std.Tactic.BVDecide.Bitblast.BVExpr.Basic,19,1
Std.Tactic.BVDecide.Bitblast.BVExpr.Basic,23,1
Std.Tactic.BVDecide.Bitblast.BVExpr.Basic,29,1
Std.Tactic.BVDecide.Bitblast.BVExpr.Basic,31,1
Std.Tactic.BVDecide.Bitblast.BVExpr.Basic,37,1
Std.Tactic.BVDecide.Bitblast.BVExpr.Circuit.Impl.Operations.GetLsbD,0,1
Std.Tactic.BVDecide.Bitblast.BVExpr.Circuit.Impl.Operations.GetLsbD,1,1
Std.Tactic.BVDecide.Bitblast.BVExpr.Circuit.Impl.Var,0,2
Std.Tactic.BVDecide.Bitblast.BVExpr.Circuit.Impl.Var,1,3
Std.Tactic.BVDecide.Bitblast.BVExpr.Circuit.Impl.Operations.ShiftRight,0,17
Std.Tactic.BVDecide.Bitblast.BVExpr.Circuit.Impl.Operations.ShiftRight,1,24
Std.Tactic.BVDecide.Bitblast.BVExpr.Circuit.Impl.Operations.ShiftRight,2,14
Std.Tactic.BVDecide.Bitblast.BVExpr.Circuit.Impl.Operations.Append,0,1
Std.Tactic.BVDecide.Bitblast.BVExpr.Circuit.Impl.Operations.Append,1,1
Std.Tactic.BVDecide.Bitblast.BVExpr.Circuit.Impl.Operations.Replicate,0,3
Std.Tactic.BVDecide.Bitblast.BVExpr.Circuit.Impl.Operations.Replicate,1,2
Std.Tactic.BVDecide.Bitblast.BVExpr.Circuit.Impl.Operations.Extract,0,2
Std.Tactic.BVDecide.Bitblast.BVExpr.Circuit.Impl.Operations.Extract,1,3
Std.Tactic.BVDecide.Bitblast.BVExpr.Circuit.Impl.Operations.RotateLeft,0,1
Std.Tactic.BVDecide.Bitblast.BVExpr.Circuit.Impl.Operations.RotateLeft,1,4
Std.Tactic.BVDecide.Bitblast.BVExpr.Circuit.Impl.Operations.RotateRight,0,1
Std.Tactic.BVDecide.Bitblast.BVExpr.Circuit.Impl.Operations.RotateRight,1,4
Std.Tactic.BVDecide.Bitblast.BVExpr.Circuit.Impl.Operations.Add,0,3
Std.Tactic.BVDecide.Bitblast.BVExpr.Circuit.Impl.Operations.Add,1,4
Std.Tactic.BVDecide.Bitblast.BVExpr.Circuit.Impl.Operations.ShiftLeft,0,9
Std.Tactic.BVDecide.Bitblast.BVExpr.Circuit.Impl.Operations.ShiftLeft,1,12
Std.Tactic.BVDecide.Bitblast.BVExpr.Circuit.Impl.Operations.ShiftLeft,2,7
Std.Tactic.BVDecide.Bitblast.BVExpr.Circuit.Impl.Const,0,1
Std.Tactic.BVDecide.Bitblast.BVExpr.Circuit.Impl.Const,1,2
Std.Tactic.BVDecide.Bitblast.BVExpr.Circuit.Impl.Operations.Mul,0,14
Std.Tactic.BVDecide.Bitblast.BVExpr.Circuit.Impl.Operations.Mul,1,3
Std.Tactic.BVDecide.Bitblast.BVExpr.Circuit.Impl.Operations.Neg,1,1
Std.Tactic.BVDecide.Bitblast.BVExpr.Circuit.Impl.Carry,0,2
Std.Tactic.BVDecide.Bitblast.BVExpr.Circuit.Impl.Carry,1,2
Std.Tactic.BVDecide.Bitblast.BVExpr.Circuit.Impl.Operations.ZeroExtend,0,1
Std.Tactic.BVDecide.Bitblast.BVExpr.Circuit.Impl.Operations.ZeroExtend,1,4
Std.Tactic.BVDecide.Bitblast.BVExpr.Circuit.Impl.Operations.Udiv,0,15
Std.Tactic.BVDecide.Bitblast.BVExpr.Circuit.Impl.Operations.Udiv,1,10
Std.Tactic.BVDecide.Bitblast.BVExpr.Circuit.Impl.Operations.Umod,0,7
Std.Tactic.BVDecide.Bitblast.BVExpr.Circuit.Impl.Operations.Clz,0,1
Std.Tactic.BVDecide.Bitblast.BVExpr.Circuit.Impl.Operations.Clz,1,2
Std.Tactic.BVDecide.Bitblast.BVExpr.Circuit.Impl.Expr,0,4
Std.Tactic.BVDecide.Bitblast.BVExpr.Circuit.Impl.Expr,1,4
Std.Tactic.BVDecide.Bitblast.BVExpr.Circuit.Impl.Pred,0,1
Std.Tactic.BVDecide.Bitblast.BVExpr.Circuit.Impl.Pred,1,1
Std.Tactic.BVDecide.Bitblast.BVExpr.Circuit.Lemmas.Operations.ShiftRight,1,6
Std.Tactic.BVDecide.Bitblast.BVExpr.Circuit.Lemmas.Operations.ShiftLeft,1,2
Std.Tactic.BVDecide.Bitblast.BVExpr.Circuit.Lemmas.Operations.Mul,1,4
Std.Tactic.BVDecide.Normalize.Bool,0,24
Std.Tactic.BVDecide.Normalize.Bool,1,192
Std.Tactic.BVDecide.Syntax,0,10
Std.Tactic.BVDecide.Syntax,1,12
Std.Tactic.BVDecide.Syntax,2,7
Std.Tactic.BVDecide.Syntax,1022,6
Std.Tactic.BVDecide.Normalize.BitVec,0,19
Std.Tactic.BVDecide.Normalize.BitVec,1,55
Std.Tactic.BVDecide.Normalize.BitVec,2,3
Std.Tactic.BVDecide.Normalize.BitVec,8,8
Std.Tactic.BVDecide.Normalize.BitVec,16,8
Std.Tactic.BVDecide.Normalize.BitVec,32,8
Std.Tactic.BVDecide.Normalize.BitVec,64,8
Std.Tactic.BVDecide.Bitblast.BVExpr.Circuit.Lemmas.Operations.Udiv,0,6
Std.Tactic.BVDecide.Bitblast.BVExpr.Circuit.Lemmas.Operations.Udiv,1,1
Std.Tactic.BVDecide.Bitblast.BVExpr.Circuit.Lemmas.Operations.Umod,0,4
Std.Tactic.BVDecide.Bitblast.BVExpr.Circuit.Lemmas.Operations.Reverse,1,1
Std.Tactic.BVDecide.Bitblast.BVExpr.Circuit.Lemmas.Operations.Clz,0,2
Std.Tactic.BVDecide.Bitblast.BVExpr.Circuit.Lemmas.Operations.Clz,1,3
Std.Tactic.BVDecide.LRAT.Actions,0,12
Std.Tactic.BVDecide.LRAT.Actions,1,21
Std.Tactic.BVDecide.LRAT.Actions,2,17
Std.Tactic.BVDecide.LRAT.Actions,3,11
Std.Tactic.BVDecide.LRAT.Actions,4,1
Std.Tactic.BVDecide.LRAT.Actions,8,1
Std.Tactic.BVDecide.LRAT.Actions,1024,8
Std.Tactic.BVDecide.LRAT.Internal.Entails,0,1
Std.Tactic.BVDecide.LRAT.Internal.Entails,25,3
Std.Tactic.BVDecide.LRAT.Internal.Entails,26,2
Std.Tactic.BVDecide.LRAT.Internal.Entails,30,1
Std.Tactic.BVDecide.LRAT.Internal.PosFin,0,8
Std.Tactic.BVDecide.LRAT.Internal.Assignment,0,10
Std.Tactic.BVDecide.LRAT.Internal.Assignment,1,13
Std.Tactic.BVDecide.LRAT.Internal.Assignment,2,9
Std.Tactic.BVDecide.LRAT.Internal.Assignment,3,7
Std.Tactic.BVDecide.LRAT.Internal.Clause,0,17
Std.Tactic.BVDecide.LRAT.Internal.Clause,1,18
Std.Tactic.BVDecide.LRAT.Internal.Clause,2,14
Std.Tactic.BVDecide.LRAT.Internal.Clause,3,11
Std.Tactic.BVDecide.LRAT.Internal.Formula.Class,0,1
Std.Tactic.BVDecide.LRAT.Internal.Formula.Implementation,0,20
Std.Tactic.BVDecide.LRAT.Internal.Formula.Implementation,1,3
Std.Tactic.BVDecide.LRAT.Internal.Formula.Implementation,2,1
Std.Tactic.BVDecide.LRAT.Internal.Formula.Lemmas,0,17
Std.Tactic.BVDecide.LRAT.Internal.Formula.RupAddResult,0,55
Std.Tactic.BVDecide.LRAT.Internal.Formula.RupAddResult,1,1
Std.Tactic.BVDecide.LRAT.Internal.Formula.RupAddSound,0,7
Std.Tactic.BVDecide.LRAT.Internal.Formula.RupAddSound,1,2
Std.Tactic.BVDecide.LRAT.Internal.Formula.RatAddResult,0,4
Std.Tactic.BVDecide.LRAT.Internal.Formula.RatAddSound,0,4
Std.Tactic.BVDecide.LRAT.Internal.Convert,0,1
Std.Tactic.BVDecide.LRAT.Internal.Convert,1,18
Std.Tactic.BVDecide.LRAT.Internal.LRATChecker,0,9
Std.Tactic.BVDecide.LRAT.Internal.LRATChecker,1,12
Std.Tactic.BVDecide.LRAT.Internal.LRATChecker,2,7
Std.Tactic.BVDecide.LRAT.Internal.Actions,0,19
Std.Tactic.BVDecide.LRAT.Internal.Actions,4,1
Std.Tactic.BVDecide.LRAT.Checker,1,104
Std.Tactic.BVDecide.LRAT.Parser,0,11
Std.Tactic.BVDecide.LRAT.Parser,4,1
Std.Tactic.BVDecide.LRAT.Parser,10,1
Std.Tactic.BVDecide.LRAT.Parser,32,4
Std.Tactic.BVDecide.LRAT.Parser,45,3
Std.Tactic.BVDecide.LRAT.Parser,48,1
Std.Tactic.BVDecide.LRAT.Parser,97,4
Std.Tactic.BVDecide.LRAT.Parser,100,7
Std.Tactic.BVDecide.Normalize.Equal,0,6
Std.Tactic.BVDecide.Normalize.Equal,1,10
Std.Tactic.BVDecide.Reflect,0,1
Std.Tactic.BVDecide.Reflect,1,3
Std.Tactic.Do.ProofMode,0,2
Std.Tactic.Do.Syntax,0,68
Std.Tactic.Do.Syntax,1,65
Std.Tactic.Do.Syntax,2,24
Std.Tactic.Do.Syntax,3,24
Std.Tactic.Do.Syntax,4,23
Std.Tactic.Do.Syntax,5,11
Std.Tactic.Do.Syntax,1022,33
Std.Tactic.Do.Syntax,1024,42
Std.Internal.UV.Loop,0,1
Std.Internal.UV.Loop,1,1
Std.Net.Addr,0,31
Std.Net.Addr,1,33
Std.Net.Addr,4,46
Std.Net.Addr,6,45
Std.Net.Addr,8,46
Std.Internal.UV.System,0,6
Std.Internal.UV.System,1,6
Std.Internal.UV.System,7,5
Std.Internal.UV.System,8,3
Std.Internal.UV.System,9,8
Std.Internal.UV.System,10,3
Std.Internal.UV.System,11,10
Std.Internal.UV.System,12,3
Std.Internal.UV.System,13,1
Std.Internal.UV.System,14,1
Std.Internal.UV.System,15,1
Std.Internal.UV.System,17,1
Std.Internal.Async.Timer,0,4
Std.Internal.Async.Timer,1,2
Std.Internal.Async.Timer,1000,2
Std.Internal.Async.TCP,0,4
Std.Internal.Async.TCP,1,8
Std.Internal.Async.UDP,0,10
Std.Internal.Async.UDP,1,10
Std.Internal.Async.DNS,0,2
Std.Internal.Async.DNS,1,2
Std.Internal.Async.DNS,2,1
Std.Internal.Async.Process,0,2
Std.Internal.Async.Process,1,2
Std.Internal.Async.Process,15,1
Std.Internal.Async.Process,16,1
Std.Internal.Async.Process,17,2
Std.Internal.Async.Process,18,2
Std.Internal.Async.Process,19,3
Std.Internal.Async.Process,20,1
Std.Internal.Async.Process,22,2
Std.Internal.Async.Process,23,1
Std.Internal.Async.Process,25,1
Std.Internal.Async.Process,28,1
Std.Internal.Async.Process,30,1
Std.Internal.Async.System,0,8
Std.Internal.Async.System,1,7
Std.Internal.Async.System,8,1
Std.Internal.Async.System,9,4
Std.Internal.Async.System,10,1
Std.Internal.Async.System,11,7
Std.Internal.Async.System,12,4
Std.Internal.Async.System,13,2
Std.Internal.Async.System,14,1
Std.Internal.Async.System,17,1
Std.Internal.Async.Signal,0,10
Std.Internal.Async.Signal,1,58
Std.Internal.Async.Signal,2,34
Std.Internal.Async.Signal,3,10
Std.Internal.Async.Signal,4,9
Std.Internal.Async.Signal,5,10
Std.Internal.Async.Signal,6,10
Std.Internal.Async.Signal,7,10
Std.Internal.Async.Signal,8,9
Std.Internal.Async.Signal,9,9
Std.Internal.Async.Signal,10,9
Std.Internal.Async.Signal,11,9
Std.Internal.Async.Signal,12,10
Std.Internal.Async.Signal,13,9
Std.Internal.Async.Signal,14,10
Std.Internal.Async.Signal,15,10
Std.Internal.Async.Signal,16,10
Std.Internal.Async.Signal,17,9
Std.Internal.Async.Signal,18,10
Std.Internal.Async.Signal,19,10
Std.Internal.Async.Signal,20,10
Std.Internal.Async.Signal,21,10
Std.Internal.Async.Signal,22,10
Std.Internal.Async.Signal,23,8
Std.Internal.Async.Signal,24,1
Std.Internal.Async.Signal,25,1
Std.Internal.Async.Signal,26,1
Std.Internal.Async.Signal,27,1
Std.Internal.Async.Signal,28,1
Std.Internal.Async.Signal,29,1
Std.Internal.Async.Signal,30,1
Std.Internal.Async.Signal,31,1
Std.Internal.Async.Signal,1024,48
Lean.Data.LOption,0,12
Lean.Data.LOption,1,15
Lean.Data.LOption,2,11
Lean.Data.KVMap,0,18
Lean.Data.KVMap,1,26
Lean.Data.KVMap,2,19
Lean.Data.KVMap,3,12
Lean.Data.KVMap,4,13
Lean.Data.KVMap,5,11
Lean.Data.KVMap,8,1
Lean.Data.KVMap,11,1
Lean.Data.KVMap,16,1
Lean.Data.KVMap,32,1
Lean.Data.KVMap,1024,12
Lean.Data.PersistentHashMap,0,32
Lean.Data.PersistentHashMap,1,34
Lean.Data.PersistentHashMap,2,12
Lean.Data.PersistentHashMap,4,1
Lean.Data.PersistentHashMap,5,1
Lean.Data.PersistentHashMap,7,1
Lean.Data.PersistentHashMap,14,1
Lean.Data.PersistentHashMap,174,1
Lean.Data.SMap,0,1
Lean.Data.SMap,1,1
Lean.Data.SMap,14,1
Lean.Data.SMap,67,1
Lean.Data.Name,0,1
Lean.Data.Name,1,2
Lean.Data.Name,15,1
Lean.Data.Name,30,1
Lean.Data.Name,95,2
Lean.Data.Options,0,11
Lean.Data.Options,1,3
Lean.Data.Options,1022,2
Lean.Data.PrefixTree,0,1
Lean.Data.PrefixTree,1,1
Lean.Data.NameTrie,0,8
Lean.Data.NameTrie,1,9
Lean.Data.Json.Basic,0,59
Lean.Data.Json.Basic,1,45
Lean.Data.Json.Basic,2,12
Lean.Data.Json.Basic,3,12
Lean.Data.Json.Basic,4,12
Lean.Data.Json.Basic,5,11
Lean.Data.Json.Basic,9,1
Lean.Data.Json.Basic,10,10
Lean.Data.Json.Basic,21,1
Lean.Data.Json.Basic,48,2
Lean.Data.Json.Basic,284,1
Lean.Data.Json.Parser,0,5
Lean.Data.Json.Parser,1,2
Lean.Data.Json.Parser,4,3
Lean.Data.Json.Parser,8,4
Lean.Data.Json.Parser,9,1
Lean.Data.Json.Parser,10,5
Lean.Data.Json.Parser,12,3
Lean.Data.Json.Parser,13,1
Lean.Data.Json.Parser,34,1
Lean.Data.Json.Parser,43,2
Lean.Data.Json.Parser,45,4
Lean.Data.Json.Parser,46,2
Lean.Data.Json.Parser,47,1
Lean.Data.Json.Parser,48,15
Lean.Data.Json.Parser,49,4
Lean.Data.Json.Parser,57,16
Lean.Data.Json.Parser,65,5
Lean.Data.Json.Parser,68,2
Lean.Data.Json.Parser,69,2
Lean.Data.Json.Parser,70,4
Lean.Data.Json.Parser,92,3
Lean.Data.Json.Parser,97,5
Lean.Data.Json.Parser,100,2
Lean.Data.Json.Parser,101,2
Lean.Data.Json.Parser,102,4
Lean.Data.Json.Parser,117,2
Lean.Data.Json.Parser,1023,2
Lean.Data.Json.Parser,3072,2
Lean.Data.Json.Parser,55296,7
Lean.Data.Json.Parser,56320,2
Lean.Data.Json.Parser,57343,3
Lean.Data.Json.Parser,57344,5
Lean.Data.Json.Parser,65533,2
Lean.Data.Json.Parser,65536,1
Lean.Data.Json.Parser,1114112,3
Lean.Data.Format,0,2
Lean.Data.Json.Printer,0,2
Lean.Data.Json.Printer,80,2
Lean.Data.Json.FromToJson.Basic,0,8
Lean.Data.Json.FromToJson.Basic,1,12
Lean.Data.Json.FromToJson.Basic,10,2
Lean.Util.LeanOptions,0,24
Lean.Util.LeanOptions,1,21
Lean.Util.LeanOptions,2,14
Lean.Util.LeanOptions,8,1
Lean.Util.LeanOptions,9,1
Lean.Util.LeanOptions,10,1
Lean.Util.LeanOptions,14,1
Lean.Util.LeanOptions,1024,6
Lean.Setup,0,7
Lean.Setup,1,6
Lean.Setup,2,1
Lean.Setup,3,1
Lean.Setup,6,1
Lean.Setup,7,2
Lean.Setup,8,1
Lean.Setup,9,1
Lean.Setup,10,4
Lean.Setup,11,5
Lean.Setup,12,4
Lean.Setup,13,1
Lean.Setup,14,2
Lean.Setup,16,1
Lean.Setup,17,1
Lean.Data.PersistentArray,0,46
Lean.Data.PersistentArray,1,29
Lean.Data.PersistentArray,2,1
Lean.Data.PersistentArray,5,1
Lean.Data.PersistentArray,8,1
Lean.Data.PersistentHashSet,0,1
Lean.Data.PersistentHashSet,1,1
Lean.Hygiene,0,3
Lean.Hygiene,1,4
Lean.Level,0,48
Lean.Level,1,54
Lean.Level,2,31
Lean.Level,3,25
Lean.Level,4,24
Lean.Level,5,12
Lean.Level,8,1
Lean.Level,14,1
Lean.Level,15,1
Lean.Level,16,1
Lean.Level,19,1
Lean.Level,32,1
Lean.Level,33,1
Lean.Level,40,1
Lean.Level,191,1
Lean.Level,557,1
Lean.Level,568,1
Lean.Level,579,1
Lean.Level,1024,17
Lean.Level,2221,1
Lean.Level,2237,1
Lean.Level,2239,1
Lean.Level,2243,1
Lean.Level,2251,1
Lean.Level,2267,1
Lean.Expr,0,74
Lean.Expr,1,114
Lean.Expr,2,45
Lean.Expr,3,23
Lean.Expr,4,12
Lean.Expr,5,13
Lean.Expr,6,12
Lean.Expr,7,13
Lean.Expr,8,12
Lean.Expr,9,13
Lean.Expr,10,12
Lean.Expr,11,12
Lean.Expr,13,2
Lean.Expr,14,4
Lean.Expr,15,3
Lean.Expr,16,1
Lean.Expr,17,8
Lean.Expr,18,4
Lean.Expr,19,2
Lean.Expr,20,4
Lean.Expr,21,1
Lean.Expr,22,1
Lean.Expr,23,5
Lean.Expr,24,2
Lean.Expr,27,2
Lean.Expr,32,1
Lean.Expr,40,1
Lean.Expr,41,1
Lean.Expr,42,1
Lean.Expr,43,1
Lean.Expr,44,1
Lean.Expr,128,1
Lean.Expr,255,1
Lean.Expr,915,1
Lean.Expr,919,1
Lean.Expr,924,1
Lean.Expr,929,1
Lean.Expr,941,1
Lean.Expr,945,1
Lean.Expr,947,1
Lean.Expr,969,1
Lean.Expr,989,1
Lean.Expr,993,1
Lean.Expr,997,1
Lean.Expr,1005,1
Lean.Expr,1010,1
Lean.Expr,1015,1
Lean.Expr,1019,1
Lean.Expr,1020,1
Lean.Expr,1024,47
Lean.Expr,1025,1
Lean.Expr,1041,1
Lean.Expr,1045,1
Lean.Expr,1049,1
Lean.Expr,1053,1
Lean.Expr,1057,1
Lean.Expr,1065,1
Lean.Expr,1069,1
Lean.Expr,1073,1
Lean.Expr,1087,1
Lean.Expr,1153,1
Lean.Expr,1271,1
Lean.Expr,1278,1
Lean.Expr,1822,1
Lean.Expr,1827,1
Lean.Expr,1838,1
Lean.Expr,1849,1
Lean.Expr,1860,1
Lean.Expr,1871,1
Lean.Expr,1886,1
Lean.Expr,1891,1
Lean.Expr,1906,1
Lean.Expr,1911,1
Lean.Expr,1926,1
Lean.Expr,1933,1
Lean.Expr,2410,1
Lean.LocalContext,0,42
Lean.LocalContext,1,35
Lean.LocalContext,2,11
Lean.LocalContext,14,2
Lean.LocalContext,17,1
Lean.LocalContext,38,1
Lean.LocalContext,54,2
Lean.LocalContext,170,1
Lean.LocalContext,173,1
Lean.LocalContext,235,1
Lean.LocalContext,338,1
Lean.LocalContext,401,1
Lean.LocalContext,571,1
Lean.LocalContext,1024,6
Lean.Util.Path,0,1
Lean.Util.FindExpr,0,8
Lean.Util.FindExpr,1,11
Lean.Util.FindExpr,2,7
Lean.Util.Profile,1000,1
Lean.Util.PtrSet,0,1
Lean.Util.PtrSet,1,1
Lean.Util.PtrSet,64,2
Lean.Util.InstantiateLevelParams,0,1
Lean.Declaration,0,67
Lean.Declaration,1,92
Lean.Declaration,2,53
Lean.Declaration,3,31
Lean.Declaration,4,24
Lean.Declaration,5,24
Lean.Declaration,6,23
Lean.Declaration,7,11
Lean.Declaration,9,2
Lean.Declaration,31,1
Lean.Declaration,62,1
Lean.Declaration,198,1
Lean.Declaration,488,1
Lean.Declaration,489,1
Lean.Declaration,513,1
Lean.Declaration,1024,6
Lean.Util.FoldConsts,0,1
Lean.Util.FoldConsts,64,1
Lean.PrivateName,0,1
Lean.Environment,0,116
Lean.Environment,1,129
Lean.Environment,2,63
Lean.Environment,3,31
Lean.Environment,4,21
Lean.Environment,5,20
Lean.Environment,6,21
Lean.Environment,7,19
Lean.Environment,8,12
Lean.Environment,9,12
Lean.Environment,10,12
Lean.Environment,11,12
Lean.Environment,12,12
Lean.Environment,13,13
Lean.Environment,14,12
Lean.Environment,15,14
Lean.Environment,16,11
Lean.Environment,17,1
Lean.Environment,31,1
Lean.Environment,47,1
Lean.Environment,48,1
Lean.Environment,725,1
Lean.Environment,868,1
Lean.Environment,872,1
Lean.Environment,947,1
Lean.Environment,1024,28
Lean.Environment,1387,1
Lean.Environment,1395,1
Lean.Environment,1399,1
Lean.Environment,1403,1
Lean.Environment,1744,1
Lean.Environment,1745,1
Lean.Environment,2632,1
Lean.EnvExtension,0,9
Lean.EnvExtension,1,6
Lean.EnvExtension,4,2
Lean.EnvExtension,113,1
Lean.EnvExtension,155,1
Lean.InternalExceptionId,0,1
Lean.InternalExceptionId,1,1
Lean.ToLevel,0,1
Lean.ToExpr,0,39
Lean.ToExpr,1,3
Lean.Data.Position,0,10
Lean.Data.Position,1,16
Lean.Data.Position,2,4
Lean.Data.Position,8,1
Lean.Data.Position,10,1
Lean.Data.DeclarationRange,0,3
Lean.Data.DeclarationRange,1,3
Lean.Data.DeclarationRange,7,1
Lean.Data.DeclarationRange,9,2
Lean.Data.DeclarationRange,10,2
Lean.Data.DeclarationRange,13,1
Lean.Data.DeclarationRange,16,1
Lean.Data.DeclarationRange,18,1
Lean.Data.OpenDecl,0,8
Lean.Data.OpenDecl,1,9
Lean.Util.MonadCache,0,2
Lean.MetavarContext,0,40
Lean.MetavarContext,1,33
Lean.MetavarContext,2,10
Lean.MetavarContext,12,1
Lean.MetavarContext,14,2
Lean.MetavarContext,17,1
Lean.MetavarContext,443,1
Lean.MetavarContext,448,1
Lean.MetavarContext,625,1
Lean.MetavarContext,909,1
Lean.MetavarContext,1024,6
Lean.Server.Rpc.Basic,0,8
Lean.Server.Rpc.Basic,1,8
Lean.Server.Rpc.Basic,15,1
Lean.Server.Rpc.Basic,103,1
Lean.Widget.Types,0,2
Lean.Widget.Types,1,2
Lean.Elab.InfoTree.Types,0,79
Lean.Elab.InfoTree.Types,1,116
Lean.Elab.InfoTree.Types,2,58
Lean.Elab.InfoTree.Types,3,31
Lean.Elab.InfoTree.Types,4,24
Lean.Elab.InfoTree.Types,5,24
Lean.Elab.InfoTree.Types,6,24
Lean.Elab.InfoTree.Types,7,24
Lean.Elab.InfoTree.Types,8,23
Lean.Elab.InfoTree.Types,9,12
Lean.Elab.InfoTree.Types,10,12
Lean.Elab.InfoTree.Types,11,12
Lean.Elab.InfoTree.Types,12,12
Lean.Elab.InfoTree.Types,13,12
Lean.Elab.InfoTree.Types,14,12
Lean.Elab.InfoTree.Types,15,12
Lean.Elab.InfoTree.Types,16,11
Lean.Elab.InfoTree.Types,1024,8
Lean.Util.PPExt,0,3
Lean.Util.PPExt,1,3
Lean.Util.Sorry,1,2
Lean.Util.Sorry,2,4
Lean.Message,0,62
Lean.Message,1,40
Lean.Message,2,20
Lean.Message,3,12
Lean.Message,4,12
Lean.Message,5,12
Lean.Message,6,12
Lean.Message,7,12
Lean.Message,8,12
Lean.Message,9,12
Lean.Message,10,59
Lean.Message,30,2
Lean.Message,1024,1
Lean.Syntax,0,27
Lean.Syntax,1,17
Lean.Syntax,2,2
Lean.Syntax,3,3
Lean.Syntax,5,1
Lean.Syntax,8,1
Lean.Syntax,9,2
Lean.Syntax,350,1
Lean.ErrorExplanation,0,4
Lean.ErrorExplanation,1,4
Lean.Exception,0,20
Lean.Exception,1,10
Lean.Exception,1022,2
Lean.Exception,1024,1
Lean.Log,0,3
Lean.ResolveName,0,3
Lean.ResolveName,9,1
Lean.ResolveName,11,1
Lean.ResolveName,230,1
Lean.ResolveName,429,1
Lean.Data.Trie,0,15
Lean.Data.Trie,1,15
Lean.Data.Trie,2,11
Lean.AuxRecursor,0,8
Lean.AuxRecursor,1,9
Lean.MonadEnv,0,7
Lean.MonadEnv,1,2
Lean.MonadEnv,11,4
Lean.MonadEnv,104,1
Lean.MonadEnv,114,1
Lean.MonadEnv,121,1
Lean.MonadEnv,128,1
Lean.DocString.Types,0,69
Lean.DocString.Types,1,58
Lean.DocString.Types,2,26
Lean.DocString.Types,3,24
Lean.DocString.Types,4,24
Lean.DocString.Types,5,24
Lean.DocString.Types,6,24
Lean.DocString.Types,7,23
Lean.DocString.Types,8,14
Lean.DocString.Types,9,12
Lean.DocString.Types,10,11
Lean.DocString.Types,12,1
Lean.DocString.Types,512,3
Lean.DocString.Types,1024,4
Lean.DocString.Markdown,0,5
Lean.DocString.Markdown,1,2
Lean.DocString.Extension,0,17
Lean.DocString.Extension,1,13
Lean.DocString.Extension,2,5
Lean.DocString.Extension,4,1
Lean.DocString.Extension,8,1
Lean.DocString.Extension,12,1
Lean.DocString.Extension,20,1
Lean.DocString.Extension,35,1
Lean.DocString.Extension,330,1
Lean.Parser.Types,0,43
Lean.Parser.Types,1,33
Lean.Parser.Types,2,12
Lean.Parser.Types,3,11
Lean.Parser.Types,4,3
Lean.Parser.Types,10,1
Lean.Parser.Types,32,1
Lean.Parser.Types,304,1
Lean.Parser.Types,310,1
Lean.Parser.Types,557,1
Lean.Parser.Types,1022,1
Lean.Parser.Types,1023,1
Lean.Parser.Types,1024,1
Lean.Util.Trace,0,20
Lean.Util.Trace,1,3
Lean.Util.Trace,1000,1
Lean.Util.Trace,1022,1
Lean.Language.Basic,0,32
Lean.Language.Basic,1,24
Lean.Language.Basic,2,11
Lean.CoreM,0,31
Lean.CoreM,1,15
Lean.CoreM,2,1
Lean.CoreM,3,2
Lean.CoreM,1000,3
Lean.Compiler.MetaAttr,0,1
Lean.Compiler.MetaAttr,1,1
Lean.Attributes,0,45
Lean.Attributes,1,48
Lean.Attributes,2,16
Lean.Attributes,1000,1
Lean.Class,0,3
Lean.Class,1,2
Lean.ScopedEnvExtension,0,17
Lean.ScopedEnvExtension,1,15
Lean.ScopedEnvExtension,16,1
Lean.ScopedEnvExtension,191,1
Lean.ReducibilityAttrs,0,9
Lean.ReducibilityAttrs,1,15
Lean.ReducibilityAttrs,2,10
Lean.ReducibilityAttrs,1024,6
Lean.Util.MonadBacktrack,0,1
Lean.Compiler.InlineAttrs,0,9
Lean.Compiler.InlineAttrs,1,14
Lean.Compiler.InlineAttrs,2,9
Lean.Compiler.InlineAttrs,3,9
Lean.Compiler.InlineAttrs,4,8
Lean.Meta.TransparencyMode,7,1
Lean.Meta.TransparencyMode,11,1
Lean.Meta.TransparencyMode,13,1
Lean.Meta.TransparencyMode,17,1
Lean.Meta.TransparencyMode,19,1
Lean.Meta.Basic,0,89
Lean.Meta.Basic,1,47
Lean.Meta.Basic,2,16
Lean.Meta.Basic,3,9
Lean.Meta.Basic,4,1
Lean.Meta.Basic,8,4
Lean.Meta.Basic,12,2
Lean.Meta.Basic,13,3
Lean.Meta.Basic,14,2
Lean.Meta.Basic,15,1
Lean.Meta.Basic,16,2
Lean.Meta.Basic,18,1
Lean.Meta.Basic,20,2
Lean.Meta.Basic,22,1
Lean.Meta.Basic,25,1
Lean.Meta.Basic,36,1
Lean.Meta.Basic,48,1
Lean.Meta.Basic,1000,3
Lean.Meta.Basic,1024,8
Lean.Meta.Basic,2580,1
Lean.Meta.Basic,2589,1
Lean.Data.Lsp.BasicAux,0,4
Lean.Data.Lsp.BasicAux,1,2
Lean.Data.Lsp.BasicAux,7,1
Lean.Data.Lsp.BasicAux,8,1
Lean.Data.Lsp.BasicAux,9,1
Lean.Data.Lsp.BasicAux,13,1
Lean.Data.Lsp.Utf16,0,6
Lean.Data.Lsp.Utf16,1,5
Lean.Data.Lsp.Utf16,2,1
Lean.Data.Lsp.Utf16,65535,2
Lean.Meta.ForEachExpr,0,1
Lean.Meta.ForEachExpr,1,1
Lean.Data.LBool,0,8
Lean.Data.LBool,1,11
Lean.Data.LBool,2,7
Lean.Meta.InferType,0,1
Lean.Meta.InferType,4,1
Lean.Meta.InferType,33,1
Lean.Util.Recognizers,1,2
Lean.Util.Recognizers,2,4
Lean.Util.Recognizers,3,3
Lean.Util.Recognizers,4,3
Lean.Util.Recognizers,5,2
Lean.Meta.Sorry,0,3
Lean.Meta.Sorry,1,1
Lean.Meta.Sorry,2,2
Lean.Meta.Sorry,3,3
Lean.Meta.Sorry,4,2
Lean.Util.CollectAxioms,0,1
Lean.Util.CollectAxioms,1,1
Lean.AddDecl,0,9
Lean.Meta.PPGoal,0,2
Lean.Meta.PPGoal,2,1
Lean.Meta.PPGoal,254,1
Lean.ReservedNameAction,0,1
Lean.Elab.InfoTree.Main,0,25
Lean.Elab.InfoTree.Main,1,4
Lean.Elab.InfoTree.Main,2,1
Lean.Elab.InfoTree.Main,4,2
Lean.Elab.InfoTree.Main,51,1
Lean.Elab.InfoTree.Main,53,1
Lean.Elab.InfoTree.Main,480,1
Lean.Elab.InfoTree.Main,1000,1
Lean.Compiler.ModPkgExt,0,1
Lean.ProjFns,0,1
Lean.ProjFns,1,1
Lean.ProjFns,5,1
Lean.ProjFns,12,1
Lean.ProjFns,13,2
Lean.Compiler.ExternAttr,0,17
Lean.Compiler.ExternAttr,1,19
Lean.Compiler.ExternAttr,2,13
Lean.Compiler.ExternAttr,3,12
Lean.Compiler.ExternAttr,35,3
Lean.Compiler.IR.Basic,0,102
Lean.Compiler.IR.Basic,1,135
Lean.Compiler.IR.Basic,2,49
Lean.Compiler.IR.Basic,3,36
Lean.Compiler.IR.Basic,4,36
Lean.Compiler.IR.Basic,5,37
Lean.Compiler.IR.Basic,6,37
Lean.Compiler.IR.Basic,7,38
Lean.Compiler.IR.Basic,8,39
Lean.Compiler.IR.Basic,9,39
Lean.Compiler.IR.Basic,10,37
Lean.Compiler.IR.Basic,11,36
Lean.Compiler.IR.Basic,12,34
Lean.Compiler.IR.Basic,13,11
Lean.Compiler.IR.Basic,381,1
Lean.Compiler.IR.Basic,1024,4
Lean.Compiler.IR.Format,0,7
Lean.Compiler.IR.Format,1,4
Lean.Compiler.IR.Format,2,4
Lean.Meta.DiscrTree.Types,0,14
Lean.Meta.DiscrTree.Types,1,28
Lean.Meta.DiscrTree.Types,2,19
Lean.Meta.DiscrTree.Types,3,12
Lean.Meta.DiscrTree.Types,4,12
Lean.Meta.DiscrTree.Types,5,12
Lean.Meta.DiscrTree.Types,6,11
Lean.Meta.DiscrTree.Types,17,1
Lean.Meta.DiscrTree.Types,1024,14
Lean.Meta.DiscrTree.Types,1879,1
Lean.Meta.DiscrTree.Types,2411,1
Lean.Meta.DiscrTree.Types,3541,1
Lean.Meta.DiscrTree.Types,5237,1
Lean.Meta.DiscrTree.Types,7883,1
Lean.Meta.DiscrTree.Basic,0,1
Lean.Meta.DiscrTree.Basic,1,2
Lean.Meta.DiscrTree.Basic,23,1
Lean.Meta.DiscrTree.Basic,165,1
Lean.Structure,0,14
Lean.Structure,1,11
Lean.Structure,4,1
Lean.Structure,9,1
Lean.Structure,10,1
Lean.Structure,11,2
Lean.Structure,13,1
Lean.Structure,14,3
Lean.Structure,137,1
Lean.Structure,152,1
Lean.Structure,153,1
Lean.Structure,373,1
Lean.Meta.LitValues,0,5
Lean.Meta.LitValues,1,4
Lean.Meta.CtorRecognizer,0,4
Lean.Meta.CtorRecognizer,1,3
Lean.Meta.Match.MatcherInfo,0,8
Lean.Meta.Match.MatcherInfo,1,11
Lean.Meta.Match.MatcherInfo,7,1
Lean.Meta.Match.MatcherInfo,10,1
Lean.Meta.Match.MatcherInfo,12,2
Lean.Meta.Match.MatcherInfo,13,4
Lean.Meta.Match.MatcherInfo,14,1
Lean.Meta.Match.MatcherInfo,15,1
Lean.Meta.Match.MatcherInfo,16,1
Lean.Meta.Transform,0,14
Lean.Meta.Transform,1,18
Lean.Meta.Transform,2,14
Lean.Meta.Transform,1024,6
Lean.Meta.WHNF,0,15
Lean.Meta.WHNF,1,19
Lean.Meta.WHNF,2,12
Lean.Meta.WHNF,3,11
Lean.Meta.DiscrTree.Main,0,3
Lean.Meta.DiscrTree.Main,1,3
Lean.Meta.DiscrTree.Main,3,2
Lean.Util.CollectMVars,0,1
Lean.Util.CollectMVars,1,1
Lean.Meta.CollectMVars,0,1
Lean.Meta.Instances,0,5
Lean.Meta.Instances,1,4
Lean.Meta.Instances,2,1
Lean.Compiler.Specialize,0,8
Lean.Compiler.Specialize,1,9
Lean.Compiler.LCNF.Types,0,7
Lean.Compiler.LCNF.Types,1024,1
Lean.Compiler.LCNF.Basic,0,88
Lean.Compiler.LCNF.Basic,1,111
Lean.Compiler.LCNF.Basic,2,61
Lean.Compiler.LCNF.Basic,3,38
Lean.Compiler.LCNF.Basic,4,38
Lean.Compiler.LCNF.Basic,5,25
Lean.Compiler.LCNF.Basic,6,23
Lean.Compiler.LCNF.Basic,435,1
Lean.Compiler.LCNF.LCtx,0,7
Lean.Compiler.LCNF.LCtx,1,1
Lean.Compiler.LCNF.ConfigOptions,0,1
Lean.Compiler.LCNF.ConfigOptions,1,1
Lean.Compiler.LCNF.CompilerM,0,25
Lean.Compiler.LCNF.CompilerM,1,23
Lean.Compiler.LCNF.PassManager,0,9
Lean.Compiler.LCNF.PassManager,1,5
Lean.Compiler.LCNF.PassManager,8,1
Lean.Compiler.LCNF.PassManager,150,1
Lean.Compiler.LCNF.PhaseExt,0,3
Lean.Compiler.LCNF.PhaseExt,1,1
Lean.Compiler.IR.CompilerM,0,15
Lean.Compiler.IR.CompilerM,1,9
Lean.ExtraModUses,0,3
Lean.ExtraModUses,1,2
Lean.ExtraModUses,10,2
Lean.ExtraModUses,14,1
Lean.KeyedDeclsAttribute,0,5
Lean.KeyedDeclsAttribute,1,5
Lean.Meta.AbstractMVars,0,2
Lean.Meta.AbstractMVars,1,1
Lean.Meta.Check,0,7
Lean.Meta.Check,9,1
Lean.Meta.Check,30,3
Lean.Meta.Check,195,1
Lean.Meta.SynthInstance,0,34
Lean.Meta.SynthInstance,1,20
Lean.Meta.SynthInstance,15,1
Lean.Meta.SynthInstance,18,2
Lean.Meta.SynthInstance,229,1
Lean.Meta.SynthInstance,277,1
Lean.Meta.SynthInstance,596,1
Lean.Meta.SynthInstance,1000,1
Lean.Util.CollectLevelParams,0,1
Lean.Util.CollectLevelParams,1,2
Lean.Util.ReplaceLevel,0,1
Lean.Util.ReplaceLevel,1,2
Lean.Util.ReplaceLevel,8192,1
Lean.PrettyPrinter.Delaborator.FieldNotation,0,2
Lean.PrettyPrinter.Delaborator.FieldNotation,1,2
Lean.SubExpr,0,26
Lean.SubExpr,1,28
Lean.SubExpr,2,15
Lean.SubExpr,3,11
Lean.SubExpr,4,1
Lean.SubExpr,9,2
Lean.SubExpr,16,1
Lean.SubExpr,19,2
Lean.SubExpr,27,1
Lean.SubExpr,45,1
Lean.SubExpr,47,10
Lean.SubExpr,49,1
Lean.SubExpr,53,1
Lean.SubExpr,141,1
Lean.SubExpr,180,1
Lean.SubExpr,185,1
Lean.PrettyPrinter.Delaborator.SubExpr,0,5
Lean.PrettyPrinter.Delaborator.SubExpr,1,7
Lean.PrettyPrinter.Delaborator.SubExpr,2,2
Lean.PrettyPrinter.Delaborator.SubExpr,33,1
Lean.PrettyPrinter.Delaborator.SubExpr,34,1
Lean.PrettyPrinter.Delaborator.SubExpr,38,2
Lean.PrettyPrinter.Delaborator.SubExpr,43,1
Lean.PrettyPrinter.Delaborator.SubExpr,110,1
Lean.PrettyPrinter.Delaborator.SubExpr,114,1
Lean.PrettyPrinter.Delaborator.SubExpr,118,1
Lean.PrettyPrinter.Delaborator.SubExpr,122,1
Lean.PrettyPrinter.Delaborator.SubExpr,126,1
Lean.PrettyPrinter.Delaborator.TopDownAnalyze,0,10
Lean.PrettyPrinter.Delaborator.TopDownAnalyze,1,4
Lean.PrettyPrinter.Delaborator.TopDownAnalyze,3,1
Lean.PrettyPrinter.Delaborator.TopDownAnalyze,5,1
Lean.PrettyPrinter.Delaborator.TopDownAnalyze,6,4
Lean.PrettyPrinter.Delaborator.TopDownAnalyze,10,1
Lean.PrettyPrinter.Delaborator.Basic,0,18
Lean.PrettyPrinter.Delaborator.Basic,1,19
Lean.PrettyPrinter.Delaborator.Basic,2,13
Lean.PrettyPrinter.Delaborator.Basic,3,11
Lean.PrettyPrinter.Delaborator.Basic,4,1
Lean.PrettyPrinter.Delaborator.Basic,18,1
Lean.PrettyPrinter.Delaborator.Basic,254,1
Lean.PrettyPrinter.Delaborator.Basic,511,1
Lean.PrettyPrinter.Delaborator.Basic,1022,1
Lean.Meta.CoeAttr,0,10
Lean.Meta.CoeAttr,1,17
Lean.Meta.CoeAttr,2,10
Lean.Meta.CoeAttr,8,1
Lean.Meta.CoeAttr,11,2
Lean.Meta.CoeAttr,1024,6
Lean.Meta.DecLevel,0,1
Lean.Meta.DecLevel,1,1
Lean.Data.Array,0,3
Lean.Data.Array,1,6
Lean.Data.Array,8,2
Lean.Data.Array,85,1
Lean.Data.Array,91,1
Lean.Meta.AppBuilder,0,11
Lean.Meta.AppBuilder,1,1
Lean.Meta.AppBuilder,2,2
Lean.Meta.AppBuilder,3,5
Lean.Meta.AppBuilder,6,4
Lean.Meta.AppBuilder,10,1
Lean.Meta.AppBuilder,25,1
Lean.Meta.AppBuilder,30,1
Lean.Meta.AppBuilder,48,1
Lean.Meta.AppBuilder,49,2
Lean.Meta.AppBuilder,220,1
Lean.Meta.AppBuilder,223,1
Lean.Meta.AppBuilder,510,1
Lean.Meta.Structure,0,9
Lean.Meta.Structure,1,4
Lean.Meta.Structure,2,1
Lean.Meta.Structure,202,1
Lean.Parser.Basic,0,32
Lean.Parser.Basic,1,42
Lean.Parser.Basic,2,17
Lean.Parser.Basic,10,3
Lean.Parser.Basic,14,1
Lean.Parser.Basic,15,1
Lean.Parser.Basic,34,1
Lean.Parser.Basic,36,2
Lean.Parser.Basic,37,2
Lean.Parser.Basic,39,3
Lean.Parser.Basic,46,16
Lean.Parser.Basic,48,7
Lean.Parser.Basic,49,1
Lean.Parser.Basic,55,2
Lean.Parser.Basic,58,2
Lean.Parser.Basic,65,4
Lean.Parser.Basic,66,2
Lean.Parser.Basic,69,2
Lean.Parser.Basic,70,4
Lean.Parser.Basic,79,2
Lean.Parser.Basic,88,2
Lean.Parser.Basic,92,3
Lean.Parser.Basic,97,4
Lean.Parser.Basic,98,2
Lean.Parser.Basic,101,2
Lean.Parser.Basic,102,4
Lean.Parser.Basic,110,1
Lean.Parser.Basic,111,2
Lean.Parser.Basic,114,1
Lean.Parser.Basic,116,1
Lean.Parser.Basic,117,2
Lean.Parser.Basic,120,4
Lean.Parser.Basic,1024,6
Lean.Parser.Extension,0,67
Lean.Parser.Extension,1,76
Lean.Parser.Extension,2,46
Lean.Parser.Extension,3,22
Lean.Parser.Extension,11,1
Lean.Parser.Extension,26,1
Lean.Parser.Extension,163,1
Lean.Parser.Extension,173,1
Lean.Parser.StrInterpolation,34,2
Lean.Parser.StrInterpolation,123,1
Lean.ParserCompiler.Attribute,0,1
Lean.ParserCompiler.Attribute,1,1
Lean.PrettyPrinter.Formatter,0,12
Lean.PrettyPrinter.Formatter,1,9
Lean.PrettyPrinter.Formatter,2,2
Lean.PrettyPrinter.Formatter,4,1
Lean.PrettyPrinter.Formatter,8,1
Lean.PrettyPrinter.Formatter,10,9
Lean.PrettyPrinter.Formatter,38,2
Lean.PrettyPrinter.Formatter,443,1
Lean.PrettyPrinter.Formatter,463,1
Lean.PrettyPrinter.Parenthesizer,0,11
Lean.PrettyPrinter.Parenthesizer,1,4
Lean.PrettyPrinter.Parenthesizer,2,3
Lean.Parser.Extra,0,27
Lean.Parser.Extra,1,11
Lean.Parser.Extra,2,4
Lean.Parser.Extra,1022,1
Lean.Parser.Attr,0,15
Lean.Parser.Attr,1024,39
Lean.Parser.Level,0,9
Lean.Parser.Level,65,3
Lean.Parser.Level,1024,12
Lean.Parser.Term.Doc,0,4
Lean.Parser.Term.Doc,1,2
Lean.Parser.Term.Basic,0,40
Lean.Parser.Term.Basic,1,3
Lean.Parser.Term.Basic,1024,50
Lean.DocString.Syntax,0,30
Lean.DocString.Syntax,1022,18
Lean.DocString.Syntax,1024,32
Lean.DocString.Parser,0,22
Lean.DocString.Parser,1,32
Lean.DocString.Parser,2,12
Lean.DocString.Parser,3,3
Lean.DocString.Parser,4,1
Lean.DocString.Parser,8,1
Lean.DocString.Parser,10,9
Lean.DocString.Parser,11,1
Lean.DocString.Parser,13,1
Lean.DocString.Parser,15,1
Lean.DocString.Parser,16,1
Lean.DocString.Parser,32,13
Lean.DocString.Parser,34,2
Lean.DocString.Parser,35,1
Lean.DocString.Parser,36,2
Lean.DocString.Parser,58,1
Lean.DocString.Parser,62,1
Lean.DocString.Parser,91,3
Lean.DocString.Parser,93,3
Lean.DocString.Parser,96,6
Lean.DocString.Parser,1024,10
Lean.DocString.Formatter,0,1
Lean.DocString.Formatter,1,1
Lean.Parser.Term,0,262
Lean.Parser.Term,1,5
Lean.Parser.Term,10,3
Lean.Parser.Term,25,8
Lean.Parser.Term,45,1
Lean.Parser.Term,47,1
Lean.Parser.Term,75,6
Lean.Parser.Term,96,3
Lean.Parser.Term,1024,345
Lean.Parser.Do,0,90
Lean.Parser.Do,1,1
Lean.Parser.Do,1024,99
Lean.Parser.Command,0,71
Lean.Parser.Command,1,2
Lean.Parser.Command,44,2
Lean.Parser.Command,125,2
Lean.Parser.Command,1024,304
Lean.PrettyPrinter.Delaborator.Builtins,0,56
Lean.PrettyPrinter.Delaborator.Builtins,1,40
Lean.PrettyPrinter.Delaborator.Builtins,2,33
Lean.PrettyPrinter.Delaborator.Builtins,3,28
Lean.PrettyPrinter.Delaborator.Builtins,4,14
Lean.PrettyPrinter.Delaborator.Builtins,5,8
Lean.PrettyPrinter.Delaborator.Builtins,6,9
Lean.PrettyPrinter.Delaborator.Builtins,10,1
Lean.PrettyPrinter.Delaborator.Builtins,29,1
Lean.PrettyPrinter.Delaborator.Builtins,30,2
Lean.PrettyPrinter.Delaborator.Builtins,32,1
Lean.PrettyPrinter.Delaborator.Builtins,35,2
Lean.PrettyPrinter.Delaborator.Builtins,36,1
Lean.PrettyPrinter.Delaborator.Builtins,43,2
Lean.PrettyPrinter.Delaborator.Builtins,54,1
Lean.PrettyPrinter.Delaborator.Builtins,78,1
Lean.PrettyPrinter.Delaborator.Builtins,83,1
Lean.PrettyPrinter.Delaborator.Builtins,100,1
Lean.PrettyPrinter.Delaborator.Builtins,775,1
Lean.PrettyPrinter.Delaborator.Builtins,1024,5
Lean.PrettyPrinter.Delaborator.Builtins,1039,1
Lean.PrettyPrinter.Delaborator.Builtins,1065,1
Lean.PrettyPrinter.Delaborator.Builtins,1173,1
Lean.Parser.Module,0,35
Lean.Parser.Module,1,21
Lean.Parser.Module,2,10
Lean.Parser.Module,3,7
Lean.Parser.Module,4,7
Lean.Parser.Module,5,8
Lean.Parser.Module,26,1
Lean.Parser.Module,42,1
Lean.Parser.Module,1024,24
Lean.Meta.ReduceEval,0,3
Lean.ParserCompiler,0,17
Lean.ParserCompiler,1,1
Lean.Util.NumObjs,0,2
Lean.Util.NumObjs,1,1
Lean.Util.NumObjs,64,1
Lean.PrettyPrinter,0,14
Lean.PrettyPrinter,1,3
Lean.PrettyPrinter,4,1
Lean.PrettyPrinter,155,1
Lean.PrettyPrinter,1000,1
Lean.Meta.Diagnostics,0,14
Lean.Meta.Diagnostics,1,2
Lean.DefEqAttrib,0,8
Lean.DefEqAttrib,30,1
Lean.Meta.Tactic.AuxLemma,0,3
Lean.Meta.Tactic.AuxLemma,1,2
Lean.Meta.Closure,0,7
Lean.Meta.Closure,1,11
Lean.Meta.Closure,2,1
Lean.Meta.Closure,417,1
Lean.Util.ForEachExprWhere,0,1
Lean.Util.ForEachExprWhere,1,2
Lean.Util.ForEachExprWhere,8192,1
Lean.Meta.Tactic.Util,0,12
Lean.Meta.Tactic.Util,1,15
Lean.Meta.Tactic.Util,2,11
Lean.Meta.RecursorInfo,0,12
Lean.Meta.RecursorInfo,1,14
Lean.Meta.Tactic.Clear,0,4
Lean.Meta.Tactic.Revert,1,1
Lean.Meta.Tactic.Intro,0,6
Lean.Meta.Tactic.Intro,1,2
Lean.Data.AssocList,0,8
Lean.Data.AssocList,1,9
Lean.Meta.Tactic.FVarSubst,0,1
Lean.Meta.Tactic.FVarSubst,1,1
Lean.Meta.Tactic.Induction,0,3
Lean.Meta.Tactic.Induction,1,4
Lean.Meta.Tactic.Assert,0,5
Lean.Meta.Tactic.Assert,1,2
Lean.Meta.ACLt,0,9
Lean.Meta.ACLt,1,12
Lean.Meta.ACLt,2,8
Lean.Meta.ACLt,3,1
Lean.Meta.ACLt,4,1
Lean.Meta.ACLt,5,1
Lean.Meta.ACLt,6,1
Lean.Meta.ACLt,7,1
Lean.Meta.ACLt,8,1
Lean.Meta.ACLt,9,1
Lean.Meta.ACLt,10,1
Lean.Meta.ACLt,11,1
Lean.Util.CollectFVars,0,1
Lean.Util.CollectFVars,1,1
Lean.Meta.CollectFVars,0,2
Lean.Meta.Tactic.Subst,0,1
Lean.Meta.Tactic.Subst,1,1
Lean.Meta.Tactic.Subst,2,6
Lean.Meta.Tactic.Subst,22,1
Lean.Meta.Tactic.Subst,64,1
Lean.Meta.Match.NamedPatterns,4,3
Lean.Meta.Match.Basic,0,28
Lean.Meta.Match.Basic,1,39
Lean.Meta.Match.Basic,2,24
Lean.Meta.Match.Basic,3,24
Lean.Meta.Match.Basic,4,23
Lean.Meta.Match.Basic,5,11
Lean.Meta.Eqns,0,8
Lean.Meta.Eqns,1,1
Lean.Meta.Eqns,3,1
Lean.Meta.Match.MatchEqsExt,0,3
Lean.Meta.Match.MatchEqsExt,1,2
Lean.Meta.Match.MatchEqsExt,12,1
Lean.Meta.Match.MatchEqsExt,16,1
Lean.Meta.Match.MatchEqsExt,21,1
Lean.Meta.Tactic.Injection,0,25
Lean.Meta.Tactic.Injection,1,28
Lean.Meta.Tactic.Injection,5,1
Lean.Meta.Tactic.UnifyEq,0,6
Lean.Meta.Tactic.UnifyEq,1,2
Lean.Util.SortExprs,0,4
Lean.Util.SortExprs,1,3
Lean.HeadIndex,0,13
Lean.HeadIndex,1,28
Lean.HeadIndex,2,20
Lean.HeadIndex,3,12
Lean.HeadIndex,4,12
Lean.HeadIndex,5,12
Lean.HeadIndex,6,12
Lean.HeadIndex,7,11
Lean.HeadIndex,11,1
Lean.HeadIndex,13,1
Lean.HeadIndex,17,1
Lean.HeadIndex,19,1
Lean.HeadIndex,23,1
Lean.HeadIndex,29,1
Lean.HeadIndex,31,1
Lean.HeadIndex,37,1
Lean.HeadIndex,1024,16
Lean.Meta.KExprMap,0,1
Lean.Meta.KExprMap,1,1
Lean.Data.RArray,0,7
Lean.Data.RArray,1,2
Lean.Meta.Tactic.Simp.Arith.Nat.Basic,0,6
Lean.Meta.Tactic.Simp.Arith.Nat.Basic,1,10
Lean.Meta.Tactic.Simp.Arith.Nat.Basic,2,5
Lean.Meta.Tactic.Simp.Arith.Nat.Basic,6,2
Lean.Meta.Tactic.Simp.Arith.Nat.Basic,7,4
Lean.Meta.Tactic.Simp.Arith.Nat.Basic,1024,14
Lean.Meta.Tactic.Simp.Arith.Nat.Simp,1,2
Lean.Meta.Tactic.Simp.Arith.Int.Basic,0,6
Lean.Meta.Tactic.Simp.Arith.Int.Basic,1,17
Lean.Meta.Tactic.Simp.Arith.Int.Basic,2,9
Lean.Meta.Tactic.Simp.Arith.Int.Basic,1024,26
Lean.Meta.Tactic.Simp.Arith.Int.Simp,0,15
Lean.Meta.Tactic.Simp.Arith.Int.Simp,1,9
Lean.Meta.CongrTheorems,0,11
Lean.Meta.CongrTheorems,1,21
Lean.Meta.CongrTheorems,2,14
Lean.Meta.CongrTheorems,3,8
Lean.Meta.CongrTheorems,4,8
Lean.Meta.CongrTheorems,5,7
Lean.Meta.CongrTheorems,7,1
Lean.Meta.CongrTheorems,8,2
Lean.Meta.CongrTheorems,461,1
Lean.Meta.CongrTheorems,478,1
Lean.Meta.CongrTheorems,1024,12
Lean.Parser.Tactic.Doc,0,8
Lean.Parser.Tactic.Doc,1,6
Lean.Meta.Tactic.Simp.SimpTheorems,0,34
Lean.Meta.Tactic.Simp.SimpTheorems,1,44
Lean.Meta.Tactic.Simp.SimpTheorems,2,27
Lean.Meta.Tactic.Simp.SimpTheorems,3,11
Lean.Meta.Tactic.Simp.SimpTheorems,11,1
Lean.Meta.Tactic.Simp.SimpTheorems,13,1
Lean.Meta.Tactic.Simp.SimpTheorems,17,1
Lean.Meta.Tactic.Simp.SimpTheorems,100,3
Lean.Meta.Tactic.Simp.SimpTheorems,670,1
Lean.Meta.Tactic.Simp.SimpTheorems,1000,7
Lean.Meta.Tactic.Simp.SimpTheorems,1024,8
Lean.Meta.Tactic.Simp.SimpCongrTheorems,0,4
Lean.Meta.Tactic.Simp.SimpCongrTheorems,1,10
Lean.Meta.Tactic.Simp.SimpCongrTheorems,10,1
Lean.Meta.Tactic.Simp.SimpCongrTheorems,11,1
Lean.Meta.Tactic.Simp.SimpCongrTheorems,12,1
Lean.Meta.Tactic.Simp.SimpCongrTheorems,15,1
Lean.Meta.Tactic.Simp.SimpCongrTheorems,17,1
Lean.Meta.Tactic.Simp.Types,0,34
Lean.Meta.Tactic.Simp.Types,1,37
Lean.Meta.Tactic.Simp.Types,2,12
Lean.Meta.Tactic.Simp.Types,11,2
Lean.Meta.Tactic.Simp.Types,61,1
Lean.Meta.Tactic.Simp.Types,811,1
Lean.Meta.Tactic.Simp.Types,878,1
Lean.Meta.Tactic.Simp.Types,879,1
Lean.Meta.Tactic.Simp.Simproc,0,15
Lean.Meta.Tactic.Simp.Simproc,1,7
Lean.Meta.Tactic.Simp.Attr,0,9
Lean.Meta.Tactic.Simp.Attr,1,3
Lean.Meta.Tactic.Simp.Attr,2,2
Lean.Meta.Tactic.Simp.Attr,3,1
Lean.Meta.Tactic.Simp.Rewrite,0,11
Lean.Meta.Tactic.Simp.Rewrite,1,14
Lean.Meta.Tactic.Simp.Rewrite,2,11
Lean.Meta.Tactic.Simp.Rewrite,3,7
Lean.Meta.Tactic.Simp.Rewrite,586,1
Lean.Meta.Tactic.Simp.Rewrite,1000,2
Lean.Meta.Tactic.Simp.Diagnostics,0,6
Lean.Meta.MonadSimp,0,9
Lean.Meta.MonadSimp,1,9
Lean.Util.CollectLooseBVars,0,2
Lean.Util.CollectLooseBVars,1,1
Lean.Meta.HaveTelescope,0,14
Lean.Meta.HaveTelescope,1,14
Lean.Meta.HaveTelescope,2,8
Lean.Meta.HaveTelescope,456,1
Lean.Meta.Tactic.Simp.Main,0,57
Lean.Meta.Tactic.Simp.Main,1,2
Lean.Meta.Tactic.Simp.Main,2,1
Lean.Meta.Tactic.Simp.Main,3,2
Lean.Meta.Tactic.Simp.Main,4,2
Lean.Meta.Tactic.Simp.Main,5,1
Lean.Meta.Tactic.Simp.Main,20,1
Lean.Meta.Tactic.Simp.Main,414,1
Lean.Meta.Tactic.Simp.Main,637,1
Lean.Linter.Basic,0,2
Lean.Linter.Basic,1,1
Lean.Linter.Deprecated,0,2
Lean.Linter.Deprecated,1,5
Lean.Meta.Constructions.CtorIdx,0,2
Lean.Meta.Constructions.CtorIdx,1,5
Lean.Meta.Constructions.CtorIdx,49,1
Lean.Meta.Constructions.CtorIdx,62,1
Lean.Meta.HasNotBit,0,1
Lean.Meta.HasNotBit,1,2
Lean.Meta.HasNotBit,34,1
Lean.Meta.HasNotBit,54,1
Lean.Meta.HasNotBit,57,1
Lean.Meta.HasNotBit,84,1
Lean.Meta.Constructions.SparseCasesOn,0,2
Lean.Meta.Constructions.SparseCasesOn,1,16
Lean.Meta.Constructions.SparseCasesOn,42,1
Lean.Meta.Constructions.SparseCasesOn,80,1
Lean.Meta.Tactic.Cases,0,10
Lean.Meta.Tactic.Cases,1,4
Lean.Meta.Tactic.Cases,2,1
Lean.Meta.Tactic.Cases,30,2
Lean.Meta.Tactic.Apply,0,3
Lean.Meta.Tactic.Apply,1,4
Lean.Meta.Tactic.Apply,2,2
Lean.Meta.Tactic.Contradiction,0,1
Lean.Meta.Tactic.Contradiction,1,1
Lean.Meta.Tactic.Contradiction,16,1
Lean.Meta.KAbstract,0,1
Lean.Meta.KAbstract,1,1
Lean.Meta.GeneralizeTelescope,0,2
Lean.Meta.GeneralizeTelescope,1,1
Lean.Meta.Match.MatcherApp.Basic,0,4
Lean.Meta.Match.MatcherApp.Basic,1,20
Lean.Meta.Match.MatcherApp.Basic,53,1
Lean.Meta.Match.MatcherApp.Basic,62,1
Lean.Meta.Match.MVarRenaming,0,1
Lean.Meta.Match.MVarRenaming,1,1
Lean.Meta.Match.SimpH,0,1
Lean.Meta.Match.CaseValues,0,1
Lean.Meta.Match.CaseValues,1,2
Lean.Meta.Match.CaseArraySizes,0,1
Lean.Meta.Match.CaseArraySizes,1,3
Lean.Meta.Match.Match,0,8
Lean.Meta.Match.Match,1,6
Lean.Meta.GeneralizeVars,0,1
Lean.Elab.BindersUtil,0,16
Lean.Elab.BindersUtil,1,22
Lean.Elab.BindersUtil,2,8
Lean.Elab.BindersUtil,3,9
Lean.Elab.BindersUtil,4,6
Lean.Elab.BindersUtil,5,8
Lean.Data.Json.Elab,0,4
Lean.Data.Json.Elab,1022,4
Lean.Data.Json.Elab,1024,7
Lean.Data.Lsp.Basic,0,53
Lean.Data.Lsp.Basic,1,56
Lean.Data.Lsp.Basic,2,12
Lean.Data.Lsp.Basic,3,11
Lean.Data.Lsp.Basic,8,2
Lean.Meta.TryThis,0,15
Lean.Meta.TryThis,1,13
Lean.Meta.TryThis,2,2
Lean.Meta.TryThis,5,1
Lean.Meta.TryThis,32,5
Lean.Meta.TryThis,60,1
Lean.Meta.TryThis,75,1
Lean.Meta.TryThis,120,1
Lean.Util.Diff,0,73
Lean.Util.Diff,1,20
Lean.Util.Diff,2,11
Lean.Util.Diff,1024,6
Lean.Meta.Hint,0,11
Lean.Meta.Hint,1,16
Lean.Meta.Hint,2,11
Lean.Meta.Hint,3,12
Lean.Meta.Hint,4,7
Lean.Meta.Hint,5,1
Lean.Meta.Coe,0,1
Lean.Meta.Coe,2,1
Lean.Util.CollectLevelMVars,0,1
Lean.Util.CollectLevelMVars,1,1
Lean.Elab.Util,0,5
Lean.Elab.Util,1,4
Lean.Elab.Util,2,1
Lean.Elab.Util,3,1
Lean.Elab.Util,4,1
Lean.Elab.Util,1000,1
Lean.Elab.Attributes,0,9
Lean.Elab.Attributes,1,3
Lean.Elab.AutoBound,0,7
Lean.Elab.AutoBound,1,1
Lean.Elab.Level,0,2
Lean.Elab.Level,1,2
Lean.Elab.PreDefinition.TerminationHint,0,44
Lean.Elab.PreDefinition.TerminationHint,1,48
Lean.Elab.PreDefinition.TerminationHint,2,25
Lean.Elab.PreDefinition.TerminationHint,3,5
Lean.Elab.DeclarationRange,0,5
Lean.Elab.DeclarationRange,1,7
Lean.Elab.DeclarationRange,3,3
Lean.Elab.WhereFinally,0,4
Lean.Elab.WhereFinally,1,2
Lean.Elab.WhereFinally,2,3
Lean.Elab.InfoTree.InlayHints,0,21
Lean.Elab.InfoTree.InlayHints,1,23
Lean.Elab.Term.TermElabM,0,84
Lean.Elab.Term.TermElabM,1,87
Lean.Elab.Term.TermElabM,2,46
Lean.Elab.Term.TermElabM,3,11
Lean.Elab.Term.TermElabM,11,1
Lean.Elab.Term.TermElabM,14,1
Lean.Elab.Term.TermElabM,586,1
Lean.Elab.Term.TermElabM,748,1
Lean.Elab.Command.Scope,0,1
Lean.Elab.Command.Scope,1,1
Lean.Elab.DocString,0,50
Lean.Elab.DocString,1,47
Lean.Elab.DocString,2,16
Lean.Elab.DocString,3,1
Lean.Elab.DocString,4,1
Lean.Elab.DocString,1024,4
Lean.DocString.Add,0,4
Lean.DocString.Add,1,5
Lean.Elab.DeclModifiers,0,39
Lean.Elab.DeclModifiers,1,40
Lean.Elab.DeclModifiers,2,23
Lean.Elab.DeclModifiers,3,2
Lean.Elab.DeclModifiers,4,4
Lean.Elab.DeclModifiers,5,1
Lean.Elab.DeclModifiers,6,4
Lean.Elab.Arg,0,13
Lean.Elab.Arg,1,12
Lean.Elab.Arg,3,1
Lean.Elab.MatchAltView,0,1
Lean.Elab.MatchAltView,1,1
Lean.Elab.PatternVar,0,2
Lean.Elab.PatternVar,1,2
Lean.Elab.Quotation.Util,0,1
Lean.Elab.Quotation.Util,1,1
Lean.Elab.Quotation.Util,3,1
Lean.Elab.Quotation.Precheck,0,22
Lean.Elab.Quotation.Precheck,1,20
Lean.Elab.Quotation.Precheck,2,12
Lean.Elab.Quotation.Precheck,3,13
Lean.Elab.Quotation.Precheck,4,7
Lean.Elab.Tactic.Basic,0,3
Lean.Elab.Tactic.Basic,1,7
Lean.Meta.AbstractNestedProofs,0,2
Lean.Meta.AbstractNestedProofs,1,1
Lean.Elab.SyntheticMVars,0,13
Lean.Elab.SyntheticMVars,1,17
Lean.Elab.SyntheticMVars,2,10
Lean.Elab.SyntheticMVars,11,1
Lean.Elab.SyntheticMVars,317,1
Lean.Elab.SyntheticMVars,1024,6
Lean.Elab.Match,0,58
Lean.Elab.Match,1,48
Lean.Elab.Match,2,18
Lean.Elab.Match,3,20
Lean.Elab.Match,4,13
Lean.Elab.Match,5,16
Lean.Parser.Tactic,1024,6
Lean.Elab.Binders,0,66
Lean.Elab.Binders,1,60
Lean.Elab.Binders,2,30
Lean.Elab.Binders,3,17
Lean.Elab.Binders,4,9
Lean.Elab.SetOption,3,1
Lean.Elab.Command,0,48
Lean.Elab.Command,1,20
Lean.Elab.Command,2,18
Lean.Elab.Command,3,9
Lean.Elab.Command,4,2
Lean.Elab.Command,16,1
Lean.Elab.Command,774,1
Batteries.Util.LibraryNote,1022,4
Lean.Meta.Tactic.Constructor,2,3
Lean.Meta.Tactic.Rename,0,1
Lean.Meta.Eval,0,2
Lean.Parser.Syntax,0,54
Lean.Parser.Syntax,1024,99
Lean.Meta.Tactic.Simp.RegisterCommand,1022,1
Lean.Server.InfoUtils,0,7
Lean.Server.InfoUtils,1,10
Lean.Linter.MissingDocs,0,72
Lean.Linter.MissingDocs,1,35
Lean.Linter.MissingDocs,2,30
Lean.Linter.MissingDocs,3,16
Lean.Linter.MissingDocs,4,4
Lean.Linter.MissingDocs,5,18
Lean.Elab.Tactic.Config,0,14
Lean.Elab.Tactic.Config,1,8
Lean.Elab.Tactic.Config,2,3
Lean.Elab.Tactic.Config,3,3
Lean.Elab.Tactic.Config,4,3
Lean.Elab.Tactic.Config,1022,2
Lean.Elab.Tactic.ElabTerm,0,8
Lean.Elab.Tactic.ElabTerm,1,13
Lean.Elab.Tactic.ElabTerm,2,1
Lean.Elab.Tactic.ElabTerm,3,2
Batteries.Tactic.Unreachable,1024,2
Batteries.Linter.UnreachableTactic,0,3
Batteries.Linter.UnreachableTactic,1,1
Batteries.Lean.AttributeExtra,0,3
Batteries.Lean.AttributeExtra,1,3
Batteries.Linter.UnnecessarySeqFocus,0,4
Batteries.Linter.UnnecessarySeqFocus,1,4
Batteries.Tactic.Init,0,7
Batteries.Tactic.Init,1022,6
Batteries.Tactic.Init,1024,5
Batteries.Tactic.SeqFocus,0,3
Batteries.Tactic.SeqFocus,1,1
Batteries.Tactic.SeqFocus,1024,1
Batteries.Util.ProofWanted,0,4
Batteries.Util.ProofWanted,1,5
Batteries.Util.ProofWanted,2,2
Batteries.Util.ProofWanted,3,3
Batteries.Util.ProofWanted,1024,3
Batteries.Classes.RatCast,0,1
Batteries.Classes.SatisfiesM,0,1
Lean.Server.ServerTask,0,6
Lean.Server.ServerTask,1,1
Lean.Server.RequestCancellation,0,3
Lean.Server.RequestCancellation,1,2
Lean.Data.JsonRpc,0,161
Lean.Data.JsonRpc,1,94
Lean.Data.JsonRpc,2,53
Lean.Data.JsonRpc,3,39
Lean.Data.JsonRpc,4,9
Lean.Data.JsonRpc,5,8
Lean.Data.JsonRpc,6,8
Lean.Data.JsonRpc,7,8
Lean.Data.JsonRpc,8,9
Lean.Data.JsonRpc,9,8
Lean.Data.JsonRpc,10,8
Lean.Data.JsonRpc,11,7
Lean.Data.JsonRpc,12,1
Lean.Data.JsonRpc,32001,12
Lean.Data.JsonRpc,32002,12
Lean.Data.JsonRpc,32600,12
Lean.Data.JsonRpc,32601,12
Lean.Data.JsonRpc,32602,12
Lean.Data.JsonRpc,32603,12
Lean.Data.JsonRpc,32700,12
Lean.Data.JsonRpc,32800,12
Lean.Data.JsonRpc,32801,12
Lean.Data.JsonRpc,32900,12
Lean.Data.JsonRpc,32901,12
Lean.Data.JsonRpc,32902,12
Lean.Data.Lsp.CancelParams,0,1
Lean.Data.Lsp.CancelParams,1,1
Lean.Data.Lsp.LanguageFeatures,0,436
Lean.Data.Lsp.LanguageFeatures,1,357
Lean.Data.Lsp.LanguageFeatures,2,174
Lean.Data.Lsp.LanguageFeatures,3,65
Lean.Data.Lsp.LanguageFeatures,4,54
Lean.Data.Lsp.LanguageFeatures,5,48
Lean.Data.Lsp.LanguageFeatures,6,48
Lean.Data.Lsp.LanguageFeatures,7,48
Lean.Data.Lsp.LanguageFeatures,8,49
Lean.Data.Lsp.LanguageFeatures,9,47
Lean.Data.Lsp.LanguageFeatures,10,40
Lean.Data.Lsp.LanguageFeatures,11,40
Lean.Data.Lsp.LanguageFeatures,12,40
Lean.Data.Lsp.LanguageFeatures,13,40
Lean.Data.Lsp.LanguageFeatures,14,40
Lean.Data.Lsp.LanguageFeatures,15,40
Lean.Data.Lsp.LanguageFeatures,16,41
Lean.Data.Lsp.LanguageFeatures,17,40
Lean.Data.Lsp.LanguageFeatures,18,40
Lean.Data.Lsp.LanguageFeatures,19,40
Lean.Data.Lsp.LanguageFeatures,20,40
Lean.Data.Lsp.LanguageFeatures,21,40
Lean.Data.Lsp.LanguageFeatures,22,40
Lean.Data.Lsp.LanguageFeatures,23,39
Lean.Data.Lsp.LanguageFeatures,24,31
Lean.Data.Lsp.LanguageFeatures,25,20
Lean.Data.Lsp.LanguageFeatures,26,12
Lean.Data.Lsp.LanguageFeatures,40,1
Lean.Data.Lsp.LanguageFeatures,99,2
Lean.Data.Lsp.LanguageFeatures,102,2
Lean.Data.Lsp.LanguageFeatures,1024,52
Lean.Data.Lsp.Diagnostics,0,43
Lean.Data.Lsp.Diagnostics,1,61
Lean.Data.Lsp.Diagnostics,2,29
Lean.Data.Lsp.Diagnostics,3,16
Lean.Data.Lsp.Diagnostics,4,9
Lean.Data.Lsp.Diagnostics,12,1
Lean.Data.Lsp.CodeActions,0,16
Lean.Data.Lsp.CodeActions,1,26
Lean.Data.Lsp.CodeActions,2,9
Lean.Data.Lsp.TextSync,0,32
Lean.Data.Lsp.TextSync,1,36
Lean.Data.Lsp.TextSync,2,17
Lean.Data.Lsp.Extra,0,50
Lean.Data.Lsp.Extra,1,66
Lean.Data.Lsp.Extra,2,24
Lean.Data.Lsp.Extra,7,1
Lean.Data.Lsp.Extra,9,1
Lean.Data.Lsp.Capabilities,0,12
Lean.Data.Lsp.Capabilities,1,12
Lean.Data.Lsp.Client,0,2
Lean.Data.Lsp.Client,1,2
Lean.Data.Lsp.Workspace,0,13
Lean.Data.Lsp.Workspace,1,26
Lean.Data.Lsp.Workspace,2,17
Lean.Data.Lsp.Workspace,3,9
Lean.Data.Lsp.Workspace,4,1
Lean.Data.Lsp.InitShutdown,0,15
Lean.Data.Lsp.InitShutdown,1,18
Lean.Data.Lsp.InitShutdown,2,8
Lean.Data.Lsp.InitShutdown,16,1
Lean.Data.Lsp.Internal,0,61
Lean.Data.Lsp.Internal,1,68
Lean.Data.Lsp.Internal,2,21
Lean.Data.Lsp.Internal,3,17
Lean.Data.Lsp.Internal,4,91
Lean.Data.Lsp.Internal,5,11
Lean.Data.Lsp.Internal,6,1
Lean.Data.Lsp.Internal,7,1
Lean.Data.Lsp.Internal,8,2
Lean.Data.Lsp.Internal,16,2
Lean.Data.Lsp.Ipc,0,5
Lean.Data.Lsp.Ipc,1,6
Lean.Data.Lsp.Ipc,6,1
Lean.Data.Lsp.Ipc,55,1
Lean.Data.Lsp.Window,0,43
Lean.Data.Lsp.Window,1,28
Lean.Data.Lsp.Window,2,20
Lean.Data.Lsp.Window,3,19
Lean.Data.Lsp.Window,4,13
Lean.Server.FileSource,0,10
Lean.Server.FileSource,1,9
Lean.Server.FileSource,22,1
Lean.Server.FileSource,154,1
Lean.Language.Lean.Types,0,7
Lean.Language.Lean.Types,1,7
Lean.Elab.Import,0,28
Lean.Elab.Import,1,20
Lean.Elab.Import,2,10
Lean.Elab.Import,3,7
Lean.Elab.Import,4,7
Lean.Elab.Import,5,8
Lean.Elab.Import,9,5
Lean.Elab.Import,13,8
Lean.Elab.Import,36,8
Lean.Elab.Import,37,5
Lean.Server.Utils,0,3
Lean.Server.Utils,1,1
Lean.Widget.TaggedText,0,14
Lean.Widget.TaggedText,1,16
Lean.Widget.TaggedText,2,11
Lean.Widget.InteractiveCode,0,10
Lean.Widget.InteractiveCode,1,15
Lean.Widget.InteractiveCode,2,8
Lean.Widget.InteractiveCode,3,8
Lean.Widget.InteractiveCode,4,8
Lean.Widget.InteractiveCode,5,7
Lean.Widget.InteractiveGoal,0,7
Lean.Widget.InteractiveGoal,1,5
Lean.Widget.InteractiveGoal,2,1
Lean.Linter.UnusedVariables,0,11
Lean.Linter.UnusedVariables,1,3
Lean.Widget.InteractiveDiagnostic,0,25
Lean.Widget.InteractiveDiagnostic,1,27
Lean.Widget.InteractiveDiagnostic,2,12
Lean.Widget.InteractiveDiagnostic,3,11
Lean.Server.Snapshots,0,4
Lean.Server.Snapshots,1,3
Lean.Server.Snapshots,2,1
Lean.Server.Snapshots,48,1
Lean.Server.AsyncList,0,14
Lean.Server.AsyncList,1,15
Lean.Server.AsyncList,2,11
Lean.Server.FileWorker.Utils,0,4
Lean.Server.FileWorker.Utils,1,3
Lean.Server.FileWorker.Utils,8,1
Lean.Server.FileWorker.Utils,30000,1
Lean.Server.Requests,0,31
Lean.Server.Requests,1,33
Lean.Server.Requests,8,1
Lean.Server.Requests,418,1
Lean.Server.CodeActions.Basic,0,2
Lean.Server.CodeActions.Basic,1,2
Lean.Server.CodeActions.Basic,22,1
Lean.Server.CodeActions.Basic,47,1
Batteries.CodeAction.Attr,0,3
Batteries.CodeAction.Attr,1,2
Batteries.CodeAction.Attr,1022,1
Lean.Elab.Open,0,9
Lean.Elab.Open,1,14
Lean.Elab.Open,2,5
Lean.Elab.Open,3,1
Lean.Elab.BuiltinTerm,0,16
Lean.Elab.BuiltinTerm,1,27
Lean.Elab.BuiltinTerm,2,10
Lean.Elab.BuiltinTerm,3,9
Lean.Elab.BuiltinTerm,4,4
Lean.Elab.BuiltinTerm,5,2
Lean.Elab.BuiltinTerm,6,1
Lean.Elab.BuiltinTerm,9,1
Lean.Elab.BuiltinTerm,316,1
Lean.IdentifierSuggestion,0,9
Lean.IdentifierSuggestion,1,8
Lean.Elab.BuiltinNotation,0,117
Lean.Elab.BuiltinNotation,1,139
Lean.Elab.BuiltinNotation,2,86
Lean.Elab.BuiltinNotation,3,61
Lean.Elab.BuiltinNotation,4,10
Lean.Elab.BuiltinNotation,30,3
Lean.Elab.BuiltinNotation,54,1
Lean.Elab.BuiltinNotation,55,1
Lean.Elab.BuiltinNotation,562,1
Lean.Elab.BuiltinNotation,563,1
Lean.Server.CodeActions.Attr,0,3
Lean.Server.CodeActions.Attr,1,2
Lean.Server.CodeActions.Provider,0,8
Lean.Server.CodeActions.Provider,1,9
Lean.Server.CodeActions.Provider,48,1
Lean.Server.CodeActions.Provider,185,1
Batteries.CodeAction.Basic,0,1
Batteries.CodeAction.Basic,2,3
Batteries.CodeAction.Basic,9,1
Batteries.CodeAction.Basic,11,1
Batteries.CodeAction.Basic,45,1
Batteries.CodeAction.Basic,72,1
Lean.Meta.Tactic.ElimInfo,0,7
Lean.Meta.Tactic.ElimInfo,1,8
Lean.Meta.Tactic.ElimInfo,7,1
Lean.Meta.Tactic.ElimInfo,8,1
Lean.Meta.Tactic.ElimInfo,12,4
Lean.Meta.Tactic.ElimInfo,13,5
Lean.Meta.Tactic.ElimInfo,14,1
Lean.Meta.Tactic.ElimInfo,16,1
Lean.Meta.Tactic.ElimInfo,24,1
Lean.Meta.Tactic.FunIndInfo,0,9
Lean.Meta.Tactic.FunIndInfo,1,15
Lean.Meta.Tactic.FunIndInfo,2,11
Lean.Meta.Tactic.FunIndInfo,10,1
Lean.Meta.Tactic.FunIndInfo,11,1
Lean.Meta.Tactic.FunIndInfo,13,1
Lean.Meta.Tactic.FunIndInfo,14,1
Lean.Meta.Tactic.FunIndInfo,79,1
Lean.Meta.Tactic.FunIndInfo,1024,6
Lean.Meta.Tactic.FunIndCollect,0,4
Lean.Meta.Tactic.FunIndCollect,1,2
Lean.Meta.Tactic.FunIndCollect,64,1
Lean.Elab.App,0,40
Lean.Elab.App,1,37
Lean.Elab.App,2,22
Lean.Elab.App,3,14
Lean.Elab.App,6,1
Lean.Elab.App,12,2
Lean.Elab.App,13,2
Lean.Elab.App,1037,1
Lean.Meta.Tactic.Generalize,0,3
Lean.Meta.Tactic.Generalize,1,1
Lean.Elab.Tactic.Location,0,14
Lean.Elab.Tactic.Location,1,10
Lean.Elab.Tactic.Generalize,0,6
Lean.Elab.Tactic.Generalize,1,2
Lean.Elab.Tactic.Generalize,2,1
Lean.Elab.Tactic.Generalize,3,2
Lean.Elab.Tactic.Induction,0,37
Lean.Elab.Tactic.Induction,1,29
Lean.Elab.Tactic.Induction,2,8
Lean.Elab.Tactic.Induction,8,1
Lean.Elab.Tactic.Induction,918,1
Batteries.Lean.Position,10,2
Batteries.Lean.Position,32,13
Batteries.CodeAction.Misc,0,53
Batteries.CodeAction.Misc,1,58
Batteries.CodeAction.Misc,2,40
Batteries.CodeAction.Misc,3,8
Batteries.CodeAction.Misc,4,5
Batteries.CodeAction.Misc,32,5
Batteries.CodeAction.Misc,57,1
Batteries.CodeAction.Misc,179,1
Batteries.CodeAction.Deprecated,0,1
Batteries.CodeAction.Deprecated,1,1
Batteries.Tactic.Alias,0,18
Batteries.Tactic.Alias,1,20
Batteries.Tactic.Alias,2,16
Batteries.Tactic.Alias,3,6
Batteries.Tactic.Alias,4,1
Batteries.Tactic.Alias,5,2
Batteries.Tactic.Alias,1022,2
Batteries.Data.List.Basic,0,59
Batteries.Data.List.Basic,1,19
Batteries.Data.List.Basic,2,18
Batteries.Data.List.Basic,50,2
Batteries.Data.List.Basic,51,1
Batteries.Data.List.Lemmas,0,99
Batteries.Data.List.Lemmas,1,84
Batteries.Data.List.Count,0,1
Batteries.Data.List.Count,1,2
Batteries.Data.Array.Match,0,17
Batteries.Data.Array.Match,1,180
Batteries.Data.List.Matcher,0,3
Batteries.Data.List.Matcher,1,2
Batteries.Data.List.Scan,0,17
Batteries.Data.List.Scan,1,23
Batteries.CodeAction.Match,0,27
Batteries.CodeAction.Match,1,30
Batteries.CodeAction.Match,2,29
Batteries.CodeAction.Match,3,16
Batteries.CodeAction.Match,4,16
Batteries.CodeAction.Match,5,12
Batteries.CodeAction.Match,16,1
Batteries.CodeAction.Match,32,2
Batteries.CodeAction.Match,46,1
Batteries.CodeAction.Match,58,1
Batteries.CodeAction.Match,64,1
Batteries.CodeAction.Match,74,1
Batteries.CodeAction.Match,189,1
Batteries.Control.AlternativeMonad,0,1
Batteries.Tactic.Lint.Basic,0,2
Batteries.Tactic.Lint.Basic,1,2
Batteries.Tactic.Lint.Basic,1022,2
Batteries.Tactic.Lint.Misc,0,2
Batteries.Tactic.Lint.Misc,1,1
Batteries.Data.MLList.Basic,0,5
Batteries.Data.MLList.Basic,1,1
Batteries.Control.Nondet.Basic,0,1
Batteries.Control.Nondet.Basic,1,1
Batteries.Data.UInt,0,1
Batteries.Data.UInt,1,2
Batteries.Data.UInt,2,6
Batteries.Data.UInt,8,3
Batteries.Data.UInt,16,2
Batteries.Data.UInt,32,1
Batteries.Data.Array.Basic,0,14
Batteries.Data.Array.Basic,1,5
Batteries.Data.Array.Lemmas,1,2
Batteries.Data.Array.Merge,0,13
Batteries.Data.Array.Merge,1,10
Batteries.Data.Array.Monadic,0,7
Batteries.Data.Array.Monadic,1,6
Batteries.Data.Array.Scan,0,90
Batteries.Data.Array.Scan,1,9
Batteries.Data.AssocList,0,10
Batteries.Data.AssocList,1,12
Batteries.Data.BinaryHeap.Basic,0,18
Batteries.Data.BinaryHeap.Basic,1,18
Batteries.Data.BinaryHeap.Basic,2,1
Batteries.Data.BinomialHeap.Basic,0,107
Batteries.Data.BinomialHeap.Basic,1,92
Batteries.Data.BinomialHeap.Basic,2,4
Batteries.Data.BinomialHeap.Basic,1024,11
Batteries.Data.BinomialHeap.Lemmas,0,2
Batteries.Data.BinomialHeap.Lemmas,1,3
Batteries.Data.BinomialHeap.Lemmas,2,1
Batteries.Data.BitVec.Basic,0,1
Batteries.Data.Nat.Basic,0,82
Batteries.Data.Nat.Basic,1,38
Batteries.Data.Nat.Basic,2,4
Batteries.Data.Nat.Lemmas,0,131
Batteries.Data.Nat.Lemmas,1,101
Batteries.Data.Nat.Lemmas,2,3
Batteries.Data.Fin.OfBits,2,3
Batteries.Data.Int,0,7
Batteries.Data.Int,2,10
Batteries.Data.BitVec.Lemmas,0,12
Batteries.Data.BitVec.Lemmas,1,5
Batteries.Data.BitVec.Lemmas,2,7
Batteries.Data.ByteArray,0,5
Batteries.Data.ByteArray,1,8
Batteries.Data.ByteSlice,0,18
Batteries.Data.ByteSlice,1,13
Batteries.Data.Char.Basic,0,1
Batteries.Data.Char.Basic,1,4
Batteries.Data.Char.Basic,32,1
Batteries.Data.Char.Basic,55296,3
Batteries.Data.Char.Basic,57343,5
Batteries.Data.Char.Basic,1114111,2
Batteries.Data.Char.Basic,1114112,3
Batteries.Data.Char.AsciiCasing,32,2
Batteries.Data.Char.AsciiCasing,65,10
Batteries.Data.Char.AsciiCasing,90,8
Batteries.Data.Char.AsciiCasing,97,9
Batteries.Data.Char.AsciiCasing,122,7
Batteries.Data.DList.Basic,0,1
Batteries.Data.DList.Basic,1,1
Batteries.Data.Fin.Basic,0,27
Batteries.Data.Fin.Basic,1,84
Batteries.Data.Fin.Fold,0,60
Batteries.Data.Fin.Fold,1,176
Batteries.Data.Fin.Fold,2,2
Batteries.Data.Fin.Lemmas,0,44
Batteries.Data.Fin.Lemmas,1,53
Batteries.Data.FloatArray,0,2
Batteries.Data.FloatArray,1,2
Batteries.Data.HashMap.Basic,0,5
Batteries.Data.HashMap.Basic,1,1
Batteries.Data.HashMap.Basic,21,1
Batteries.Data.HashMap.Basic,176,1
Lean.Util.Heartbeats,90,1
Lean.Util.Heartbeats,100,1
Batteries.Data.MLList.Heartbeats,0,2
Batteries.Data.MLList.Heartbeats,10,1
Batteries.Data.MLList.Heartbeats,100,2
Batteries.Data.MLList.IO,0,4
Batteries.Data.Nat.Bisect,1,3
Batteries.Data.Nat.Bisect,2,2
Batteries.Data.Nat.Bitwise,0,3
Batteries.Data.Nat.Digits,0,3
Batteries.Data.Nat.Digits,1,1
Batteries.Data.Nat.Digits,10,3
Batteries.Data.Nat.Digits,48,1
Batteries.Data.PairingHeap,0,12
Batteries.Data.PairingHeap,1,18
Batteries.Data.PairingHeap,2,5
Batteries.Data.PairingHeap,1024,6
Batteries.Data.RBMap.Basic,0,50
Batteries.Data.RBMap.Basic,1,72
Batteries.Data.RBMap.Basic,2,34
Batteries.Data.RBMap.Basic,20,2
Batteries.Data.RBMap.Basic,23,1
Batteries.Data.RBMap.Basic,71,2
Batteries.Data.RBMap.Basic,802,1
Batteries.Data.RBMap.Basic,805,1
Batteries.Data.RBMap.Basic,811,1
Batteries.Data.RBMap.Basic,817,1
Batteries.Data.RBMap.Basic,1024,10
Batteries.Data.RBMap.Basic,1132,1
Batteries.Data.RBMap.WF,1,7
Batteries.Data.RBMap.Alter,0,1
Batteries.Data.RBMap.Alter,1,56
Batteries.Data.RBMap.Depth,0,3
Batteries.Data.RBMap.Depth,1,10
Batteries.Data.RBMap.Depth,2,8
Batteries.Data.RBMap.Lemmas,2,1
Batteries.Data.Random.MersenneTwister,0,8
Batteries.Data.Random.MersenneTwister,1,10
Batteries.Data.Random.MersenneTwister,7,1
Batteries.Data.Random.MersenneTwister,11,1
Batteries.Data.Random.MersenneTwister,15,1
Batteries.Data.Random.MersenneTwister,17,1
Batteries.Data.Random.MersenneTwister,18,1
Batteries.Data.Random.MersenneTwister,29,1
Batteries.Data.Random.MersenneTwister,31,2
Batteries.Data.Random.MersenneTwister,32,6
Batteries.Data.Random.MersenneTwister,37,1
Batteries.Data.Random.MersenneTwister,43,1
Batteries.Data.Random.MersenneTwister,64,6
Batteries.Data.Random.MersenneTwister,156,1
Batteries.Data.Random.MersenneTwister,312,1
Batteries.Data.Random.MersenneTwister,397,1
Batteries.Data.Random.MersenneTwister,624,1
Batteries.Data.Random.MersenneTwister,4357,1
Batteries.Data.Random.MersenneTwister,19650218,1
Batteries.Data.Random.MersenneTwister,1812433253,1
Batteries.Data.Random.MersenneTwister,2567483615,1
Batteries.Data.Random.MersenneTwister,2636928640,1
Batteries.Data.Random.MersenneTwister,4022730752,1
Batteries.Data.Random.MersenneTwister,4294967295,1
Batteries.Data.Random.MersenneTwister,6148914691236517205,1
Batteries.Data.Random.MersenneTwister,6364136223846793005,1
Batteries.Data.Random.MersenneTwister,8202884508482404352,1
Batteries.Data.Random.MersenneTwister,13043109905998158313,1
Batteries.Data.Random.MersenneTwister,18444473444759240704,1
Batteries.Data.Range.Lemmas,0,1
Batteries.Data.Range.Lemmas,1,1
Batteries.Lean.Float,0,30
Batteries.Lean.Float,1,8
Batteries.Lean.Float,2,7
Batteries.Lean.Float,3,2
Batteries.Lean.Float,5,1
Batteries.Lean.Float,48,2
Batteries.Lean.Float,52,1
Batteries.Lean.Float,53,5
Batteries.Lean.Float,1024,2
Batteries.Data.Rat.Float,0,1
Batteries.Data.Rat.Float,1,1
Batteries.Data.RunningStats,0,3
Batteries.Data.RunningStats,1,7
Batteries.Data.RunningStats,2,2
Batteries.Data.Stream,0,9
Batteries.Data.Stream,1,1
Batteries.Data.String.Basic,0,2
Batteries.Data.String.Basic,1,1
Batteries.Data.String.Legacy,0,17
Batteries.Data.String.Lemmas,0,18
Batteries.Data.String.Matcher,0,1
Batteries.Data.String.Matcher,1,1
Batteries.Data.UnionFind.Basic,0,15
Batteries.Data.UnionFind.Basic,1,8
Batteries.Data.UnionFind.Lemmas,0,4
Batteries.Data.Vector.Lemmas,0,10
Batteries.Data.Vector.Lemmas,1,16
Batteries.Lean.Expr,0,4
Batteries.Lean.Expr,1,8
Batteries.Lean.Expr,4,1
Batteries.Lean.Expr,16,1
Batteries.Lean.Expr,30,1
Batteries.Lean.Expr,94,1
Batteries.Lean.Expr,104,1
Batteries.Lean.Expr,512,1
Batteries.Lean.Expr,1056,3
Batteries.Lean.IO.Process,0,2
Batteries.Lean.Json,0,4
Batteries.Lean.Json,2,1
Batteries.Lean.Json,5,1
Batteries.Lean.Json,10,1
Batteries.Lean.Meta.Basic,0,1
Lean.Meta.DiscrTree.Util,0,1
Batteries.Lean.PersistentHashMap,0,2
Batteries.Lean.Meta.DiscrTree,4,1
Batteries.Lean.Meta.DiscrTree,8,1
Batteries.Lean.Meta.DiscrTree,16,1
Batteries.Lean.Meta.DiscrTree,64,1
Batteries.Lean.Meta.DiscrTree,92,1
Batteries.Lean.Meta.Inaccessible,0,1
Batteries.Lean.Meta.InstantiateMVars,2,1
Batteries.Lean.Meta.SavedState,0,2
Lean.Meta.Tactic.Simp.SimpAll,0,5
Lean.Meta.Tactic.Simp.SimpAll,1,2
Lean.Meta.Tactic.Simp.BuiltinSimprocs.Nat,0,20
Lean.Meta.Tactic.Simp.BuiltinSimprocs.Nat,1,18
Lean.Meta.Tactic.Simp.BuiltinSimprocs.Nat,2,12
Lean.Meta.Tactic.Simp.BuiltinSimprocs.Nat,3,2
Lean.Meta.Tactic.Simp.BuiltinSimprocs.Nat,4,9
Lean.Meta.Tactic.Simp.BuiltinSimprocs.Nat,6,12
Lean.Meta.Tactic.Simp.BuiltinSimprocs.Fin,0,12
Lean.Meta.Tactic.Simp.BuiltinSimprocs.Fin,1,15
Lean.Meta.Tactic.Simp.BuiltinSimprocs.Fin,2,4
Lean.Meta.Tactic.Simp.BuiltinSimprocs.Fin,3,12
Lean.Meta.Tactic.Simp.BuiltinSimprocs.Fin,4,12
Lean.Meta.Tactic.Simp.BuiltinSimprocs.Fin,5,1
Lean.Meta.Tactic.Simp.BuiltinSimprocs.Fin,6,10
Lean.Meta.Tactic.Simp.BuiltinSimprocs.Fin,9,1
Lean.Meta.Tactic.Simp.BuiltinSimprocs.UInt,1,16
Lean.Meta.Tactic.Simp.BuiltinSimprocs.UInt,2,8
Lean.Meta.Tactic.Simp.BuiltinSimprocs.UInt,4,16
Lean.Meta.Tactic.Simp.BuiltinSimprocs.UInt,6,20
Lean.Meta.Tactic.Simp.BuiltinSimprocs.UInt,1022,1
Lean.Meta.Tactic.Simp.BuiltinSimprocs.Int,0,2
Lean.Meta.Tactic.Simp.BuiltinSimprocs.Int,1,3
Lean.Meta.Tactic.Simp.BuiltinSimprocs.Int,2,6
Lean.Meta.Tactic.Simp.BuiltinSimprocs.Int,3,4
Lean.Meta.Tactic.Simp.BuiltinSimprocs.Int,4,6
Lean.Meta.Tactic.Simp.BuiltinSimprocs.Int,6,5
Lean.Meta.Tactic.Simp.BuiltinSimprocs.SInt,0,1
Lean.Meta.Tactic.Simp.BuiltinSimprocs.SInt,1,32
Lean.Meta.Tactic.Simp.BuiltinSimprocs.SInt,2,12
Lean.Meta.Tactic.Simp.BuiltinSimprocs.SInt,3,8
Lean.Meta.Tactic.Simp.BuiltinSimprocs.SInt,4,16
Lean.Meta.Tactic.Simp.BuiltinSimprocs.SInt,6,20
Lean.Meta.Tactic.Simp.BuiltinSimprocs.SInt,31,12
Lean.Meta.Tactic.Simp.BuiltinSimprocs.SInt,1022,1
Lean.Meta.Tactic.Simp.BuiltinSimprocs.Char,1,10
Lean.Meta.Tactic.Simp.BuiltinSimprocs.Char,3,3
Lean.Meta.Tactic.Simp.BuiltinSimprocs.Char,4,6
Lean.Meta.Tactic.Simp.BuiltinSimprocs.String,1,2
Lean.Meta.Tactic.Simp.BuiltinSimprocs.String,3,2
Lean.Meta.Tactic.Simp.BuiltinSimprocs.String,4,6
Lean.Meta.Tactic.Simp.BuiltinSimprocs.String,6,2
Lean.Meta.Tactic.Simp.BuiltinSimprocs.BitVec,0,1
Lean.Meta.Tactic.Simp.BuiltinSimprocs.BitVec,1,1
Lean.Meta.Tactic.Simp.BuiltinSimprocs.BitVec,2,4
Lean.Meta.Tactic.Simp.BuiltinSimprocs.BitVec,3,24
Lean.Meta.Tactic.Simp.BuiltinSimprocs.BitVec,4,6
Lean.Meta.Tactic.Simp.BuiltinSimprocs.BitVec,5,1
Lean.Meta.Tactic.Simp.BuiltinSimprocs.BitVec,6,16
Lean.Meta.Tactic.Simp.BuiltinSimprocs.BitVec,9,1
Lean.Meta.MethodSpecs,0,2
Lean.Meta.MethodSpecs,1,3
Lean.Meta.Tactic.Simp.BuiltinSimprocs.MethodSpecs,4,4
Lean.Meta.Tactic.Simp.BuiltinSimprocs.CtorIdx,1,2
Lean.Meta.Tactic.Simp.LoopProtection,0,5
Lean.Elab.Tactic.Simp,0,53
Lean.Elab.Tactic.Simp,1,64
Lean.Elab.Tactic.Simp,2,43
Lean.Elab.Tactic.Simp,3,27
Lean.Elab.Tactic.Simp,4,14
Lean.Elab.Tactic.Simp,5,14
Lean.Elab.Tactic.Simp,6,12
Lean.Elab.Tactic.Simp,7,11
Lean.Elab.Tactic.Simp,1000,1
Batteries.Tactic.OpenPrivate,0,6
Batteries.Tactic.OpenPrivate,1,6
Batteries.Tactic.OpenPrivate,2,10
Batteries.Tactic.OpenPrivate,3,4
Batteries.Tactic.OpenPrivate,4,6
Batteries.Tactic.OpenPrivate,11,1
Batteries.Tactic.OpenPrivate,107,1
Batteries.Tactic.OpenPrivate,1022,2
Batteries.Lean.Meta.Simp,1,1
Batteries.Lean.Meta.Simp,2,3
Batteries.Lean.Meta.Simp,3,1
Batteries.Lean.Meta.Simp,4,1
Batteries.Lean.Meta.Simp,1000,1
Batteries.Lean.Meta.UnusedNames,0,14
Batteries.Lean.Meta.UnusedNames,1,19
Batteries.Lean.Meta.UnusedNames,2,11
Batteries.Lean.NameMapAttribute,0,2
Batteries.Lean.NameMapAttribute,1,1
Batteries.Lean.NameMapAttribute,2,1
Lean.Meta.Tactic.Refl,3,2
Lean.Meta.ProdN,0,10
Lean.Elab.Do.Basic,0,21
Lean.Elab.Do.Basic,1,15
Lean.Elab.Do.Basic,3,2
Lean.Elab.Do.Basic,4,2
Lean.Elab.Do.Basic,1023,1
Lean.Elab.Do.Legacy,0,75
Lean.Elab.Do.Legacy,1,64
Lean.Elab.Do.Legacy,2,36
Lean.Elab.Do.Legacy,3,29
Lean.Elab.Do.Legacy,4,28
Lean.Elab.Do.Legacy,5,20
Lean.Elab.Do.Legacy,6,19
Lean.Elab.Do.Legacy,7,12
Lean.Elab.Do.Legacy,8,12
Lean.Elab.Do.Legacy,9,12
Lean.Elab.Do.Legacy,10,12
Lean.Elab.Do.Legacy,11,11
Lean.Elab.Do.Legacy,24,6
Lean.Elab.Do.Legacy,27,2
Lean.Elab.Do.Legacy,655,1
Lean.Elab.Do.Legacy,665,1
Lean.Elab.Do.Legacy,685,1
Lean.Elab.Do.Legacy,1000,1
Lean.Elab.Do.Legacy,1009,1
Lean.Elab.Do.Legacy,1013,1
Lean.Elab.Do.Legacy,1021,1
Lean.Elab.Do.Legacy,1025,1
Lean.Elab.Do.Legacy,1036,1
Lean.Elab.Do.Legacy,1195,1
Lean.Elab.Do.Legacy,1251,1
Lean.Elab.Tactic.RenameInaccessibles,0,5
Lean.Elab.Tactic.RenameInaccessibles,1,1
Lean.Elab.Tactic.BuiltinTactic,0,45
Lean.Elab.Tactic.BuiltinTactic,1,50
Lean.Elab.Tactic.BuiltinTactic,2,10
Lean.Elab.Tactic.BuiltinTactic,3,10
Lean.Elab.Tactic.BuiltinTactic,4,1
Lean.Elab.Tactic.BuiltinTactic,5,2
Lean.Elab.Tactic.BuiltinTactic,6,1
Lean.Elab.Tactic.BuiltinTactic,8,1
Lean.Elab.Tactic.BuiltinTactic,16,1
Lean.Elab.Tactic.BuiltinTactic,482,1
Batteries.Tactic.Case,0,9
Batteries.Tactic.Case,1,4
Batteries.Tactic.Case,1022,2
Lean.Meta.Tactic.Congr,1000000,1
Lean.Meta.Tactic.Ext,0,4
Lean.Meta.Tactic.Ext,1,2
Lean.Meta.Tactic.Ext,8,1
Lean.Meta.Tactic.Ext,12,2
Lean.Elab.Tactic.RCases,0,14
Lean.Elab.Tactic.RCases,1,19
Lean.Elab.Tactic.RCases,2,12
Lean.Elab.Tactic.RCases,3,12
Lean.Elab.Tactic.RCases,4,12
Lean.Elab.Tactic.RCases,5,12
Lean.Elab.Tactic.RCases,6,11
Lean.Meta.Tactic.Repeat,0,1
Lean.Meta.Tactic.Repeat,100000,3
Lean.Elab.Tactic.Repeat,0,2
Lean.Elab.Tactic.Repeat,1,4
Lean.Elab.Tactic.Repeat,100000,2
Lean.Elab.Tactic.Ext,0,2
Lean.Elab.Tactic.Ext,3,2
Lean.Elab.Tactic.Ext,100,1
Batteries.Tactic.Congr,0,3
Batteries.Tactic.Congr,1,1
Batteries.Tactic.Congr,1022,3
Batteries.Tactic.GeneralizeProofs,0,8
Batteries.Tactic.GeneralizeProofs,1,7
Batteries.Tactic.GeneralizeProofs,8,4
Batteries.Tactic.GeneralizeProofs,11,1
Batteries.Tactic.GeneralizeProofs,210,1
Batteries.Tactic.GeneralizeProofs,1022,1
Lean.Elab.Syntax,0,51
Lean.Elab.Syntax,1,46
Lean.Elab.Syntax,2,18
Lean.Elab.Syntax,3,23
Lean.Elab.Syntax,4,15
Lean.Elab.Syntax,5,16
Lean.Elab.Syntax,6,12
Lean.Elab.Syntax,7,13
Lean.Elab.Syntax,8,13
Lean.Elab.Syntax,9,13
Batteries.Tactic.HelpCmd,1022,9
Batteries.Tactic.Instances,0,2
Batteries.Tactic.Instances,1022,2
Lean.Server.Rpc.RequestHandling,0,9
Lean.Widget.UserWidget,0,16
Lean.Widget.UserWidget,1,14
Lean.Meta.Tactic.ExposeNames,0,1
Batteries.Tactic.Lemma,0,2
Batteries.Tactic.Lemma,1,2
Batteries.Tactic.Lemma,1022,1
Batteries.Tactic.Lint.Simp,0,13
Batteries.Tactic.Lint.Simp,1,2
Batteries.Tactic.Lint.Simp,2,1
Batteries.Tactic.Lint.Simp,1000,1
Batteries.Tactic.Lint.TypeClass,0,3
Batteries.Tactic.Lint.TypeClass,1,3
Batteries.Tactic.Lint.Frontend,0,25
Batteries.Tactic.Lint.Frontend,1,20
Batteries.Tactic.Lint.Frontend,2,11
Batteries.Tactic.Lint.Frontend,1022,1
Batteries.Tactic.Lint.Frontend,1024,7
Batteries.Tactic.NoMatch,0,2
Batteries.Tactic.NoMatch,1024,5
Batteries.Tactic.PermuteGoals,0,2
Batteries.Tactic.PermuteGoals,1,1
Batteries.Tactic.PermuteGoals,1022,2
Batteries.Tactic.PermuteGoals,1024,1
Batteries.Tactic.PrintDependents,0,2
Batteries.Tactic.PrintDependents,1,1
Batteries.Tactic.PrintDependents,1022,1
Batteries.Tactic.PrintOpaques,0,1
Batteries.Tactic.PrintOpaques,1,1
Batteries.Tactic.PrintOpaques,1022,1
Batteries.Tactic.PrintPrefix,0,1
Batteries.Tactic.PrintPrefix,1,1
Batteries.Tactic.PrintPrefix,1022,1
Batteries.Tactic.ShowUnused,1022,1
Lean.Elab.MacroArgUtil,0,7
Lean.Elab.MacroArgUtil,1,6
Lean.Elab.MacroArgUtil,2,2
Lean.Elab.AuxDef,0,10
Lean.Elab.AuxDef,1,9
Lean.Elab.AuxDef,2,5
Lean.Elab.AuxDef,3,5
Lean.Elab.AuxDef,4,5
Lean.Elab.AuxDef,5,5
Lean.Elab.AuxDef,6,5
Lean.Elab.AuxDef,7,5
Lean.Elab.AuxDef,8,5
Lean.Elab.AuxDef,1022,1
Lean.Elab.ElabRules,0,40
Lean.Elab.ElabRules,1,41
Lean.Elab.ElabRules,2,31
Lean.Elab.ElabRules,3,19
Lean.Elab.ElabRules,4,21
Lean.Elab.ElabRules,5,22
Lean.Elab.ElabRules,6,24
Lean.Elab.ElabRules,7,26
Lean.Elab.ElabRules,8,13
Lean.LibrarySuggestions.Basic,0,15
Lean.LibrarySuggestions.Basic,1,20
Lean.LibrarySuggestions.Basic,2,5
Lean.LibrarySuggestions.Basic,5,1
Lean.LibrarySuggestions.Basic,10,3
Lean.LibrarySuggestions.Basic,16,1
Lean.LibrarySuggestions.Basic,37,1
Lean.LibrarySuggestions.Basic,59,1
Lean.LibrarySuggestions.Basic,100,2
Lean.Elab.Tactic.SimpTrace,0,31
Lean.Elab.Tactic.SimpTrace,1,35
Lean.Elab.Tactic.SimpTrace,2,23
Lean.Elab.Tactic.SimpTrace,3,15
Lean.Elab.Tactic.SimpTrace,4,5
Lean.Elab.Tactic.SimpTrace,100,2
Batteries.Tactic.SqueezeScope,1022,1
Batteries.Tactic.Trans,0,10
Batteries.Tactic.Trans,1,9
Batteries.Tactic.Trans,1022,2
Batteries.Util.Cache,0,2
Batteries.Util.Cache,1,1
Batteries.Util.ExtendedBinder,0,4
Batteries.Util.ExtendedBinder,1022,2
Lean.Linter.Sets,1022,1
Lean.LibrarySuggestions.SymbolFrequency,0,6
Lean.LibrarySuggestions.SymbolFrequency,1,1
Lean.LibrarySuggestions.SineQuaNon,1,6
Lean.LibrarySuggestions.SineQuaNon,2,3
Lean.LibrarySuggestions.SineQuaNon,15,2
Lean.Elab.ParseImportsFast,0,5
Lean.Elab.ParseImportsFast,1,3
Lean.Elab.ParseImportsFast,10,1
Lean.Elab.ParseImportsFast,32,1
Lean.Elab.ParseImportsFast,33,1
Lean.Elab.ParseImportsFast,39,2
Lean.Elab.ParseImportsFast,46,3
Lean.Elab.ParseImportsFast,63,1
Lean.Elab.ParseImportsFast,95,2
Lean.Elab.AssertExists,0,6
Lean.Elab.AssertExists,1,8
Mathlib.Tactic.Linter.DirectoryDependency,0,8
Mathlib.Tactic.Linter.DirectoryDependency,1,1
Mathlib.Tactic.Linter.Header,0,14
Mathlib.Tactic.Linter.Header,1,14
Mathlib.Tactic.Linter.Header,2,2
Mathlib.Tactic.Linter.Header,3,1
Mathlib.Tactic.Linter.Header,45,1
Mathlib.Tactic.Linter.EmptyLine,0,1
Mathlib.Tactic.Linter.EmptyLine,1,2
Mathlib.Tactic.Linter.EmptyLine,2,1
Mathlib.Tactic.Linter.EmptyLine,8,2
Mathlib.Tactic.Linter.EmptyLine,10,6
Mathlib.Tactic.Linter.EmptyLine,8595,1
Mathlib.Tactic.DeclarationNames,0,1
Mathlib.Tactic.DeclarationNames,1,1
Mathlib.Tactic.DeclarationNames,2,1
Mathlib.Tactic.DeclarationNames,3,1
Mathlib.Tactic.DeclarationNames,4,1
Mathlib.Tactic.Linter.Lint,0,1
Lean.Elab.Tactic.Doc,0,16
Lean.Elab.Tactic.Doc,1,13
Lean.Elab.Tactic.Doc,2,9
Lean.Elab.Tactic.Doc,3,5
Lean.Elab.Tactic.Doc,10,20
Mathlib.Tactic.Linter.TacticDocumentation,0,1
Mathlib.Tactic.Linter.UnusedTacticExtension,0,1
Mathlib.Tactic.Linter.UnusedTacticExtension,1022,2
Mathlib.Lean.Expr.Basic,0,4
Mathlib.Lean.Expr.Basic,1,10
Mathlib.Lean.Expr.Basic,20,4
Mathlib.Lean.Expr.Basic,159,1
Mathlib.Lean.Expr.Basic,160,1
Mathlib.Lean.Expr.Basic,161,1
Mathlib.Lean.Expr.Basic,162,1
Mathlib.Lean.Elab.InfoTree,2,2
Mathlib.Lean.Elab.InfoTree,1024,1
Mathlib.Tactic.Linter.Style,0,7
Mathlib.Tactic.Linter.Style,1,6
Mathlib.Tactic.Linter.Style,2,4
Mathlib.Tactic.Linter.Style,3,1
Mathlib.Tactic.Linter.Style,11,1
Mathlib.Tactic.Linter.Style,525,1
Mathlib.Tactic.Linter.Whitespace,1,2
Lean.Elab.DeclNameGen,0,2
Lean.Elab.DeclUtil,0,6
Lean.Elab.DeclUtil,1,5
Lean.Elab.DefView,0,17
Lean.Elab.DefView,1,27
Lean.Elab.DefView,2,15
Lean.Elab.DefView,3,17
Lean.Elab.DefView,4,12
Lean.Elab.DefView,5,9
ImportGraph.Imports.ImportGraph,0,1
ImportGraph.Imports.Redundant,0,1
ImportGraph.Imports.RequiredModules,0,4
ImportGraph.Imports.RequiredModules,16,1
ImportGraph.Imports.RequiredModules,118,1
Mathlib.Tactic.MinImports,0,6
Mathlib.Tactic.MinImports,1,4
Mathlib.Tactic.MinImports,95,6
Mathlib.Tactic.MinImports,1022,2
Mathlib.Lean.ContextInfo,0,14
Mathlib.Lean.ContextInfo,1,2
Mathlib.Lean.ContextInfo,4,1
Mathlib.Lean.ContextInfo,75,1
Mathlib.Lean.ContextInfo,1000,1
Mathlib.Tactic.TacticAnalysis,0,23
Mathlib.Tactic.TacticAnalysis,1,20
Mathlib.Tactic.TacticAnalysis,2,11
Mathlib.Tactic.ExtractGoal,0,11
Mathlib.Tactic.ExtractGoal,1,3
Mathlib.Tactic.ExtractGoal,1022,1
Mathlib.Util.ParseCommand,1022,1
Mathlib.Tactic.TacticAnalysis.Declarations,0,33
Mathlib.Tactic.TacticAnalysis.Declarations,1,30
Mathlib.Tactic.TacticAnalysis.Declarations,2,12
Mathlib.Tactic.TacticAnalysis.Declarations,3,6
Mathlib.Tactic.TacticAnalysis.Declarations,1000,2
Mathlib.Tactic.Lemma,0,1
Mathlib.Tactic.Lemma,1,1
Mathlib.Tactic.Lemma,1022,1
Mathlib.Lean.Elab.Term,1,1
Mathlib.Tactic.TypeStar,1024,2
Lean.Meta.Tactic.Rfl,1,2
Lean.Meta.Tactic.Rfl,2,2
Lean.Meta.Tactic.Rfl,4,2
Lean.Meta.Tactic.Rfl,30,1
Lean.Meta.Tactic.Symm,0,1
Mathlib.Lean.Meta.Simp,0,3
Mathlib.Lean.Meta.Simp,1,4
Mathlib.Lean.Meta.Simp,2,8
Mathlib.Lean.Meta.Simp,16,1
Mathlib.Lean.Meta.Simp,32,3
Mathlib.Lean.Meta.Simp,1000,2
Lean.Data.Xml.Basic,0,13
Lean.Data.Xml.Basic,1,16
Lean.Data.Xml.Basic,2,11
Lean.Data.Xml.Parser,0,7
Lean.Data.Xml.Parser,9,2
Lean.Data.Xml.Parser,10,5
Lean.Data.Xml.Parser,13,1
Lean.Data.Xml.Parser,16,1
Lean.Data.Xml.Parser,32,5
Lean.Data.Xml.Parser,34,24
Lean.Data.Xml.Parser,37,10
Lean.Data.Xml.Parser,38,26
Lean.Data.Xml.Parser,39,26
Lean.Data.Xml.Parser,40,4
Lean.Data.Xml.Parser,41,3
Lean.Data.Xml.Parser,42,1
Lean.Data.Xml.Parser,43,1
Lean.Data.Xml.Parser,45,6
Lean.Data.Xml.Parser,46,2
Lean.Data.Xml.Parser,48,4
Lean.Data.Xml.Parser,57,3
Lean.Data.Xml.Parser,58,3
Lean.Data.Xml.Parser,59,3
Lean.Data.Xml.Parser,60,14
Lean.Data.Xml.Parser,61,1
Lean.Data.Xml.Parser,62,9
Lean.Data.Xml.Parser,63,1
Lean.Data.Xml.Parser,65,5
Lean.Data.Xml.Parser,76,1
Lean.Data.Xml.Parser,77,1
Lean.Data.Xml.Parser,88,1
Lean.Data.Xml.Parser,90,4
Lean.Data.Xml.Parser,91,1
Lean.Data.Xml.Parser,93,1
Lean.Data.Xml.Parser,95,4
Lean.Data.Xml.Parser,97,8
Lean.Data.Xml.Parser,102,3
Lean.Data.Xml.Parser,108,1
Lean.Data.Xml.Parser,109,1
Lean.Data.Xml.Parser,120,2
Lean.Data.Xml.Parser,122,4
Lean.Data.Xml.Parser,124,3
Lean.Data.Xml.Parser,183,1
Lean.Data.Xml.Parser,768,4
Lean.Data.Xml.Parser,879,4
Lean.Data.Xml.Parser,8255,4
Lean.Data.Xml.Parser,8256,4
Lean.Data.Xml.Parser,55295,4
Lean.Data.Xml.Parser,57344,5
Lean.Data.Xml.Parser,65533,5
Lean.Data.Xml.Parser,65536,5
Lean.Data.Xml.Parser,1114111,5
Lean.Data.RBMap,0,20
Lean.Data.RBMap,1,20
Lean.Data.RBMap,14,3
Lean.Data.RBMap,382,1
Lean.Data.RBMap,387,1
Lean.Data.RBMap,393,1
Lean.Data.RBTree,0,1
Lean.Compiler.ClosedTermCache,0,1
Lean.Compiler.ClosedTermCache,1,1
Lean.Compiler.IR.FreeVars,0,6
Lean.Compiler.IR.FreeVars,1,2
Lean.Compiler.LCNF.Util,3,2
Lean.Compiler.LCNF.BaseTypes,0,8
Lean.Compiler.LCNF.Irrelevant,0,1
Lean.Compiler.LCNF.Irrelevant,1,1
Lean.Compiler.LCNF.Irrelevant,12,2
Lean.Compiler.LCNF.Irrelevant,13,1
Lean.Compiler.IR.ToIRType,0,13
Lean.Compiler.IR.ToIRType,1,20
Lean.Compiler.IR.ToIRType,2,18
Lean.Compiler.IR.ToIRType,3,12
Lean.Compiler.IR.ToIRType,4,11
Lean.Compiler.IR.ToIRType,8,2
Lean.Compiler.IR.ToIRType,16,2
Lean.Compiler.IR.ToIRType,32,2
Lean.Compiler.IR.Boxing,0,8
Lean.Compiler.IR.Boxing,1,9
Lean.Compiler.IR.Boxing,2,2
Lean.Compiler.IR.Boxing,42,3
Lean.Compiler.IR.Boxing,288,3
Lean.Compiler.IR.RC,0,8
Lean.Compiler.IR.RC,1,7
Lean.Compiler.IR.AddExtern,0,1
Lean.Compiler.IR.AddExtern,1,1
Lean.Compiler.IR.NormIds,0,2
Lean.Compiler.IR.NormIds,1,4
Lean.Compiler.IR.SimpCase,0,2
Lean.Compiler.IR.SimpCase,2,2
Lean.Compiler.IR.LiveVars,0,1
Lean.Compiler.IR.LiveVars,1,1
Lean.Compiler.IR.ResetReuse,0,9
Lean.Compiler.IR.ResetReuse,1,13
Lean.Compiler.IR.ResetReuse,2,7
Lean.Compiler.IR.Checker,0,5
Lean.Compiler.IR.Checker,1,2
Lean.Compiler.IR.Borrow,0,18
Lean.Compiler.IR.Borrow,1,13
Lean.Compiler.IR.Borrow,11,1
Lean.Compiler.IR.Borrow,19,1
Lean.Compiler.IR.Borrow,21,1
Lean.Compiler.IR.Borrow,121,1
Lean.Compiler.IR.Borrow,194,1
Lean.Compiler.IR.Borrow,195,1
Lean.Compiler.IR.ExpandResetReuse,0,2
Lean.Compiler.IR.ExpandResetReuse,1,6
Lean.Compiler.IR.EmitUtil,0,1
Lean.Compiler.IR.EmitC,0,41
Lean.Compiler.IR.EmitC,1,15
Lean.Compiler.IR.EmitC,2,9
Lean.Compiler.IR.EmitC,9,2
Lean.Compiler.IR.EmitC,10,2
Lean.Compiler.IR.EmitC,13,2
Lean.Compiler.IR.EmitC,16,2
Lean.Compiler.IR.EmitC,25,2
Lean.Compiler.IR.EmitC,31,2
Lean.Compiler.IR.EmitC,34,2
Lean.Compiler.IR.EmitC,63,2
Lean.Compiler.IR.EmitC,76,1
Lean.Compiler.IR.EmitC,77,1
Lean.Compiler.IR.EmitC,92,2
Lean.Compiler.IR.Sorry,0,1
Lean.Compiler.IR.Sorry,1,1
Lean.Compiler.IR.ToIR,0,9
Lean.Compiler.IR.ToIR,1,14
Lean.Compiler.IR.LLVMBindings,0,24
Lean.Compiler.IR.LLVMBindings,1,9
Lean.Compiler.IR.LLVMBindings,2,3
Lean.Compiler.IR.LLVMBindings,3,1
Lean.Compiler.IR.LLVMBindings,4,1
Lean.Compiler.IR.LLVMBindings,5,1
Lean.Compiler.IR.LLVMBindings,6,1
Lean.Compiler.IR.LLVMBindings,7,1
Lean.Compiler.IR.LLVMBindings,8,4
Lean.Compiler.IR.LLVMBindings,9,1
Lean.Compiler.IR.LLVMBindings,10,1
Lean.Compiler.IR.LLVMBindings,11,1
Lean.Compiler.IR.LLVMBindings,12,1
Lean.Compiler.IR.LLVMBindings,13,1
Lean.Compiler.IR.LLVMBindings,14,1
Lean.Compiler.IR.LLVMBindings,15,1
Lean.Compiler.IR.LLVMBindings,16,2
Lean.Compiler.IR.LLVMBindings,32,4
Lean.Compiler.IR.LLVMBindings,64,3
Lean.Compiler.IR.LLVMBindings,18446744073709551615,1
Lean.Compiler.IR.EmitLLVM,0,56
Lean.Compiler.IR.EmitLLVM,1,34
Lean.Compiler.IR.EmitLLVM,2,5
Lean.Compiler.IR.EmitLLVM,8,3
Lean.Compiler.IR.EmitLLVM,9,2
Lean.Compiler.IR.EmitLLVM,10,2
Lean.Compiler.IR.EmitLLVM,13,2
Lean.Compiler.IR.EmitLLVM,16,3
Lean.Compiler.IR.EmitLLVM,25,2
Lean.Compiler.IR.EmitLLVM,31,3
Lean.Compiler.IR.EmitLLVM,32,1
Lean.Compiler.IR.EmitLLVM,34,2
Lean.Compiler.IR.EmitLLVM,64,1
Lean.Compiler.IR.EmitLLVM,92,2
Lean.Compiler.IR.EmitLLVM,342,1
Lean.Compiler.IR.EmitLLVM,343,1
Lean.Compiler.IR.EmitLLVM,685,1
Lean.Compiler.CSimpAttr,0,2
Lean.Compiler.CSimpAttr,1,2
Lean.Compiler.LCNF.AlphaEqv,0,2
Lean.Compiler.LCNF.AlphaEqv,1,1
Lean.Compiler.LCNF.InferType,0,18
Lean.Compiler.LCNF.InferType,1,1
Lean.Compiler.LCNF.Bind,0,1
Lean.Compiler.LCNF.Internalize,1,4
Lean.Compiler.LCNF.PrettyPrinter,0,6
Lean.Compiler.LCNF.PrettyPrinter,1,1
Lean.Compiler.LCNF.Check,0,8
Lean.Compiler.LCNF.Check,1,2
Lean.Compiler.LCNF.ToExpr,0,3
Lean.Compiler.LCNF.ToExpr,1,1
Lean.Compiler.LCNF.CSE,0,2
Lean.Compiler.LCNF.CSE,1,1
Lean.Compiler.LCNF.ElimDead,0,1
Lean.Compiler.LCNF.FixedParams,0,18
Lean.Compiler.LCNF.FixedParams,1,20
Lean.Compiler.LCNF.FixedParams,2,12
Lean.Compiler.LCNF.PullFunDecls,0,2
Lean.Compiler.LCNF.PullFunDecls,1,1
Lean.Compiler.LCNF.FVarUtil,0,5
Lean.Compiler.LCNF.JoinPoints,0,12
Lean.Compiler.LCNF.JoinPoints,1,7
Lean.Compiler.LCNF.Level,0,3
Lean.Compiler.LCNF.Level,1,2
Lean.Compiler.LCNF.PullLetDecls,0,9
Lean.Compiler.LCNF.PullLetDecls,1,2
Lean.Compiler.LCNF.SpecInfo,0,16
Lean.Compiler.LCNF.SpecInfo,1,20
Lean.Compiler.LCNF.SpecInfo,2,13
Lean.Compiler.LCNF.SpecInfo,3,8
Lean.Compiler.LCNF.SpecInfo,4,7
Lean.Compiler.LCNF.SpecInfo,43,1
Lean.Compiler.LCNF.SpecInfo,221,1
Lean.Compiler.LCNF.SpecInfo,1024,10
Lean.Compiler.LCNF.MonadScope,0,2
Lean.Compiler.LCNF.ReduceJpArity,0,1
Lean.Compiler.LCNF.Simp.FunDeclInfo,0,9
Lean.Compiler.LCNF.Simp.FunDeclInfo,1,15
Lean.Compiler.LCNF.Simp.FunDeclInfo,2,10
Lean.Compiler.LCNF.Simp.FunDeclInfo,1024,6
Lean.Compiler.LCNF.Simp.DiscrM,0,11
Lean.Compiler.LCNF.Simp.DiscrM,1,11
Lean.Compiler.LCNF.Simp.JpCases,0,5
Lean.Compiler.LCNF.Simp.JpCases,1,2
Lean.Compiler.LCNF.Simp.Config,0,1
Lean.Compiler.LCNF.Simp.Config,1,1
Lean.Compiler.LCNF.Simp.SimpM,0,2
Lean.Compiler.LCNF.Simp.SimpM,1,6
Lean.Compiler.LCNF.Simp.InlineCandidate,0,3
Lean.Compiler.LCNF.Simp.InlineCandidate,1,2
Lean.Compiler.LCNF.Simp.Used,0,2
Lean.Compiler.LCNF.Simp.DefaultAlt,0,2
Lean.Compiler.LCNF.Simp.DefaultAlt,1,6
Lean.Compiler.LCNF.Simp.DefaultAlt,35,1
Lean.Compiler.LCNF.Simp.DefaultAlt,63,1
Lean.Compiler.LCNF.Simp.ConstantFold,0,25
Lean.Compiler.LCNF.Simp.ConstantFold,1,20
Lean.Compiler.LCNF.Simp.ConstantFold,2,1
Lean.Compiler.LCNF.Simp.ConstantFold,4,1
Lean.Compiler.LCNF.Simp.ConstantFold,8,1
Lean.Compiler.LCNF.Simp.ConstantFold,16,1
Lean.Compiler.LCNF.Simp.ConstantFold,32,1
Lean.Compiler.LCNF.Simp.ConstantFold,256,1
Lean.Compiler.LCNF.Simp,0,1
Lean.Compiler.LCNF.Simp,2,1
Lean.Compiler.LCNF.Closure,0,3
Lean.Compiler.LCNF.Closure,1,2
Lean.Compiler.LCNF.Specialize,0,2
Lean.Compiler.LCNF.Specialize,1,1
Lean.Compiler.LCNF.ToMono,0,3
Lean.Compiler.LCNF.ToMono,1,3
Lean.Compiler.LCNF.ToMono,11,2
Lean.Compiler.LCNF.ToMono,179,1
Lean.Compiler.LCNF.ToMono,187,1
Lean.Compiler.LCNF.DeclHash,0,2
Lean.Compiler.LCNF.DeclHash,1,1
Lean.Compiler.LCNF.AuxDeclCache,0,8
Lean.Compiler.LCNF.AuxDeclCache,1,9
Lean.Compiler.LCNF.LambdaLifting,0,12
Lean.Compiler.LCNF.LambdaLifting,1,2
Lean.Compiler.LCNF.FloatLetIn,0,17
Lean.Compiler.LCNF.FloatLetIn,1,24
Lean.Compiler.LCNF.FloatLetIn,2,17
Lean.Compiler.LCNF.FloatLetIn,3,12
Lean.Compiler.LCNF.FloatLetIn,1024,8
Lean.Compiler.LCNF.ReduceArity,0,12
Lean.Compiler.LCNF.ReduceArity,1,3
Lean.Compiler.LCNF.ElimDeadBranches,0,20
Lean.Compiler.LCNF.ElimDeadBranches,1,19
Lean.Compiler.LCNF.ElimDeadBranches,2,12
Lean.Compiler.LCNF.ElimDeadBranches,3,11
Lean.Compiler.LCNF.ElimDeadBranches,8,1
Lean.Compiler.LCNF.ElimDeadBranches,51,1
Lean.Compiler.LCNF.ElimDeadBranches,56,1
Lean.Compiler.LCNF.ElimDeadBranches,72,1
Lean.Compiler.LCNF.ElimDeadBranches,73,1
Lean.Compiler.LCNF.StructProjCases,0,10
Lean.Compiler.LCNF.StructProjCases,1,1
Lean.Compiler.LCNF.StructProjCases,11,2
Lean.Compiler.LCNF.StructProjCases,16,1
Lean.Compiler.LCNF.StructProjCases,30,1
Lean.Compiler.LCNF.StructProjCases,38,1
Lean.Compiler.LCNF.StructProjCases,116,1
Lean.Compiler.LCNF.ExtractClosed,0,4
Lean.Compiler.LCNF.ExtractClosed,1,2
Lean.Compiler.LCNF.Visibility,0,2
Lean.Compiler.LCNF.Passes,0,12
Lean.Compiler.LCNF.Passes,1,5
Lean.Compiler.LCNF.Passes,2,3
Lean.Compiler.LCNF.Passes,3,1
Lean.Compiler.LCNF.Passes,4,1
Lean.Compiler.LCNF.Passes,5,1
Lean.Meta.CasesInfo,0,18
Lean.Meta.CasesInfo,1,13
Lean.Meta.CasesInfo,2,1
Lean.Meta.CasesInfo,6,3
Lean.Meta.CasesInfo,10,1
Lean.Meta.CasesInfo,12,1
Lean.Meta.CasesInfo,49,1
Lean.Meta.CasesInfo,60,1
Lean.Meta.CasesInfo,61,1
Lean.Meta.CasesInfo,62,1
Lean.Meta.CasesInfo,63,1
Lean.Meta.CasesInfo,64,1
Lean.Meta.CasesInfo,65,1
Lean.Meta.CasesInfo,71,1
Lean.Meta.CasesInfo,76,2
Lean.Meta.CasesInfo,80,1
Lean.Compiler.LCNF.ToLCNF,0,23
Lean.Compiler.LCNF.ToLCNF,1,19
Lean.Compiler.LCNF.ToLCNF,2,12
Lean.Compiler.LCNF.ToLCNF,3,12
Lean.Compiler.LCNF.ToLCNF,4,11
Lean.Compiler.LCNF.ToDecl,0,33
Lean.Util.SCC,0,3
Lean.Util.SCC,1,2
Lean.Compiler.LCNF.SplitSCC,1,2
Lean.Compiler.LCNF.Main,0,9
Lean.Compiler.LCNF.Main,1,2
Lean.Compiler.LCNF.Main,8192,1
Lean.Compiler.LCNF.Testing,0,12
Lean.Compiler.LCNF.Testing,1,4
Lean.Compiler.LCNF.Probing,0,7
Lean.Compiler.LCNF.Probing,1,8
Lean.Elab.BinderPredicates,0,23
Lean.Elab.BinderPredicates,1,18
Lean.Elab.BinderPredicates,2,11
Lean.Elab.BinderPredicates,3,11
Lean.Elab.BinderPredicates,4,14
Lean.Elab.BinderPredicates,5,11
Lean.Elab.BinderPredicates,6,11
Lean.Elab.BinderPredicates,7,11
Lean.Elab.BinderPredicates,8,11
Lean.Elab.BinderPredicates,9,11
Lean.Elab.Deriving.Basic,0,15
Lean.Elab.Deriving.Basic,1,8
Lean.Elab.Deriving.Basic,2,5
Lean.Elab.Deriving.Basic,3,4
Lean.Elab.Deriving.Basic,4,3
Lean.Elab.Deriving.Basic,1000,1
Lean.Util.NumApps,0,5
Lean.Util.NumApps,1,2
Lean.Util.NumApps,64,1
Lean.Elab.PreDefinition.Basic,0,11
Lean.Elab.PreDefinition.Basic,1,6
Lean.Elab.PreDefinition.Basic,2,2
Lean.Elab.PreDefinition.Mutual,0,6
Lean.Elab.PreDefinition.TerminationMeasure,0,3
Lean.Elab.PreDefinition.TerminationMeasure,1,1
Lean.Elab.PreDefinition.TerminationMeasure,2,2
Lean.Elab.PreDefinition.TerminationMeasure,8,1
Lean.Elab.PreDefinition.TerminationMeasure,53,1
Lean.Elab.PreDefinition.TerminationMeasure,89,1
Lean.Elab.PreDefinition.TerminationMeasure,92,1
Lean.Elab.PreDefinition.Structural.Basic,0,6
Lean.Elab.PreDefinition.Structural.Basic,1,3
Lean.Elab.PreDefinition.Structural.Basic,2,3
Lean.Elab.PreDefinition.Structural.Basic,79,1
Lean.Elab.PreDefinition.Structural.Basic,89,1
Lean.Elab.PreDefinition.Structural.Basic,90,1
Lean.Elab.PreDefinition.FixedParams,0,18
Lean.Elab.PreDefinition.FixedParams,1,8
Lean.Elab.PreDefinition.FixedParams,2,7
Lean.Elab.PreDefinition.FixedParams,4,1
Lean.Elab.PreDefinition.FixedParams,6,2
Lean.Elab.PreDefinition.FixedParams,8,1
Lean.Elab.PreDefinition.FixedParams,9,1
Lean.Elab.PreDefinition.FixedParams,11,1
Lean.Elab.PreDefinition.FixedParams,12,3
Lean.Elab.PreDefinition.FixedParams,200,1
Lean.Elab.PreDefinition.FixedParams,274,1
Lean.Elab.PreDefinition.FixedParams,280,1
Lean.Elab.PreDefinition.FixedParams,293,1
Lean.Elab.PreDefinition.FixedParams,296,1
Lean.Elab.PreDefinition.FixedParams,342,1
Lean.Elab.PreDefinition.FixedParams,361,1
Lean.Elab.PreDefinition.FixedParams,383,1
Lean.Elab.PreDefinition.FixedParams,415,1
Lean.Elab.PreDefinition.FixedParams,455,1
Lean.Elab.PreDefinition.FixedParams,456,1
Lean.Elab.PreDefinition.FixedParams,457,1
Lean.Elab.PreDefinition.FixedParams,462,1
Lean.Elab.PreDefinition.Structural.IndGroupInfo,0,9
Lean.Elab.PreDefinition.Structural.IndGroupInfo,1,2
Lean.Elab.PreDefinition.Structural.IndGroupInfo,2,1
Lean.Elab.PreDefinition.Structural.IndGroupInfo,6,1
Lean.Elab.PreDefinition.Structural.IndGroupInfo,7,1
Lean.Elab.PreDefinition.Structural.IndGroupInfo,10,2
Lean.Elab.PreDefinition.Structural.IndGroupInfo,13,1
Lean.Elab.PreDefinition.Structural.IndGroupInfo,18,1
Lean.Elab.PreDefinition.Structural.IndGroupInfo,104,1
Lean.Elab.PreDefinition.Structural.IndGroupInfo,113,1
Lean.Elab.PreDefinition.Structural.RecArgInfo,0,2
Lean.Elab.PreDefinition.Structural.RecArgInfo,1,1
Lean.Elab.PreDefinition.Structural.RecArgInfo,10,2
Lean.Elab.PreDefinition.Structural.RecArgInfo,13,1
Lean.Elab.PreDefinition.Structural.RecArgInfo,14,1
Lean.Elab.PreDefinition.Structural.RecArgInfo,16,1
Lean.Elab.PreDefinition.Structural.RecArgInfo,18,1
Lean.Elab.PreDefinition.Structural.FindRecArg,0,11
Lean.Elab.PreDefinition.Structural.FindRecArg,1,6
Lean.Elab.PreDefinition.Structural.FindRecArg,2,1
Lean.Elab.PreDefinition.Structural.FindRecArg,10,1
Lean.Elab.PreDefinition.Structural.FindRecArg,59,1
Lean.Elab.PreDefinition.Structural.FindRecArg,66,1
Lean.Elab.PreDefinition.Structural.FindRecArg,94,1
Lean.Elab.PreDefinition.Structural.FindRecArg,95,1
Lean.Elab.PreDefinition.Structural.FindRecArg,107,1
Lean.Elab.PreDefinition.Structural.FindRecArg,113,1
Lean.Elab.PreDefinition.Structural.FindRecArg,213,1
Lean.Elab.PreDefinition.Structural.Preprocess,39,1
Lean.Elab.PreDefinition.Structural.Preprocess,56,1
Lean.Util.HasConstCache,0,1
Lean.Util.HasConstCache,1,1
Lean.Meta.PProdN,0,11
Lean.Meta.PProdN,1,16
Lean.Meta.PProdN,2,1
Lean.Meta.PProdN,4,1
Lean.Meta.PProdN,9,2
Lean.Meta.PProdN,18,1
Lean.Meta.PProdN,59,1
Lean.Meta.PProdN,76,1
Lean.Meta.PProdN,89,1
Lean.Meta.PProdN,123,1
Lean.Meta.PProdN,174,1
Lean.Meta.Match.AltTelescopes,0,4
Lean.Meta.Match.AltTelescopes,2,1
Lean.Meta.Match.AltTelescopes,44,1
Lean.Meta.Tactic.SplitIf,0,21
Lean.Meta.Tactic.SplitIf,1,12
Lean.Meta.Tactic.SplitIf,2,7
Lean.Meta.Tactic.SplitIf,78,1
Lean.Meta.Tactic.SplitIf,93,1
Lean.Meta.Tactic.SplitIf,128,1
Lean.Meta.Tactic.SplitIf,133,1
Lean.Meta.Tactic.SplitIf,290,1
Lean.Meta.Tactic.SplitIf,294,1
Lean.Meta.Tactic.SplitIf,306,1
Lean.Meta.Tactic.SplitIf,310,1
Lean.Meta.Tactic.SplitIf,1000,4
Lean.Meta.Tactic.Split,0,5
Lean.Meta.Tactic.Split,1,3
Lean.Meta.Match.MatcherApp.Transform,0,5
Lean.Meta.Match.MatcherApp.Transform,1,1
Lean.Meta.Match.MatcherApp.Transform,2,1
Lean.Meta.Match.MatcherApp.Transform,6,1
Lean.Meta.Match.MatcherApp.Transform,8,1
Lean.Meta.Match.MatcherApp.Transform,319,1
Lean.Meta.Match.MatcherApp.Transform,321,1
Lean.Elab.PreDefinition.Structural.BRecOn,0,7
Lean.Elab.PreDefinition.Structural.BRecOn,1,2
Lean.LabelAttribute,1022,1
Lean.Meta.Iterator,0,1
Lean.Meta.Iterator,1,1
Lean.Meta.Tactic.Backtrack,0,1
Lean.Meta.Tactic.Backtrack,1,1
Lean.Meta.Tactic.Backtrack,6,1
Lean.Meta.Tactic.SolveByElim,0,2
Lean.Meta.Tactic.SolveByElim,1,2
Lean.Meta.Tactic.SolveByElim,6,11
Lean.Meta.IndPredBelow,0,11
Lean.Meta.IndPredBelow,1,10
Lean.Elab.PreDefinition.Structural.IndPred,0,2
Lean.Elab.PreDefinition.Structural.IndPred,1,1
Lean.Elab.PreDefinition.EqnsUtils,16,1
Lean.Elab.PreDefinition.Structural.Eqns,0,1
Lean.Elab.PreDefinition.Structural.Eqns,1,1
Lean.Elab.PreDefinition.Structural.Main,0,2
Lean.Meta.ArgsPacker.Basic,0,1
Lean.Meta.ArgsPacker.Basic,1,1
Lean.Meta.ArgsPacker,0,16
Lean.Meta.ArgsPacker,1,17
Lean.Meta.ArgsPacker,2,5
Lean.Meta.ArgsPacker,3,5
Lean.Meta.ArgsPacker,4,3
Lean.Meta.ArgsPacker,6,1
Lean.Meta.ArgsPacker,21,2
Lean.Meta.ArgsPacker,23,1
Lean.Meta.ArgsPacker,136,1
Lean.Meta.ArgsPacker,178,1
Lean.Meta.ArgsPacker,412,1
Lean.Meta.ArgsPacker,432,1
Lean.Meta.ArgsPacker,467,1
Lean.Meta.ArgsPacker,468,1
Lean.Meta.ArgsPacker,533,1
Lean.Meta.Tactic.Rewrite,0,3
Lean.Meta.Tactic.Rewrite,1,1
Lean.Meta.Tactic.Rewrite,30,1
Lean.Elab.PreDefinition.WF.Eqns,0,6
Lean.Elab.PreDefinition.WF.Eqns,1,1
Lean.Elab.PreDefinition.WF.PackMutual,0,10
Lean.Elab.PreDefinition.WF.PackMutual,1,2
Lean.Elab.PreDefinition.WF.PackMutual,4,2
Lean.Elab.PreDefinition.WF.PackMutual,6,1
Lean.Elab.PreDefinition.WF.PackMutual,8,1
Lean.Elab.PreDefinition.WF.PackMutual,55,1
Lean.Elab.PreDefinition.WF.PackMutual,119,1
Lean.Elab.PreDefinition.WF.PackMutual,120,1
Lean.Elab.PreDefinition.WF.PackMutual,135,1
Lean.Elab.PreDefinition.WF.FloatRecApp,36,1
Lean.Elab.PreDefinition.WF.FloatRecApp,39,1
Lean.Elab.PreDefinition.WF.Rel,0,2
Lean.Elab.PreDefinition.WF.Rel,1,2
Lean.Elab.PreDefinition.WF.Rel,6,1
Lean.Elab.PreDefinition.WF.Rel,33,1
Lean.Elab.PreDefinition.WF.Fix,0,6
Lean.Elab.PreDefinition.WF.Fix,1,3
Lean.Elab.PreDefinition.WF.Fix,2,1
Lean.Elab.PreDefinition.WF.Preprocess,0,5
Lean.Elab.PreDefinition.WF.Preprocess,1,1
Lean.Elab.PreDefinition.WF.Preprocess,2,7
Lean.Elab.PreDefinition.WF.GuessLex,0,38
Lean.Elab.PreDefinition.WF.GuessLex,1,51
Lean.Elab.PreDefinition.WF.GuessLex,2,13
Lean.Elab.PreDefinition.WF.GuessLex,3,7
Lean.Elab.PreDefinition.WF.GuessLex,5,2
Lean.Elab.PreDefinition.WF.GuessLex,15,1
Lean.Elab.PreDefinition.WF.GuessLex,32,2
Lean.Elab.PreDefinition.WF.GuessLex,439,1
Lean.Elab.PreDefinition.WF.GuessLex,1024,8
Lean.Elab.PreDefinition.WF.Main,0,3
Lean.Elab.Tactic.Conv.Basic,0,13
Lean.Elab.Tactic.Conv.Basic,1,7
Lean.Elab.Tactic.Conv.Basic,2,14
Lean.Elab.Tactic.Conv.Basic,3,6
Lean.Elab.Tactic.Conv.Basic,4,4
Lean.Elab.Tactic.Conv.Congr,0,16
Lean.Elab.Tactic.Conv.Congr,1,15
Lean.Elab.Tactic.Conv.Congr,2,18
Lean.Elab.Tactic.Conv.Congr,33,1
Lean.Elab.Tactic.Conv.Congr,158,1
Lean.Elab.Tactic.Rewrite,0,4
Lean.Elab.Tactic.Rewrite,1,9
Lean.Elab.Tactic.Rewrite,2,4
Lean.Elab.Tactic.Rewrite,3,1
Lean.Elab.Tactic.Conv.Rewrite,0,1
Lean.Elab.Tactic.Conv.Rewrite,1,1
Lean.Elab.Tactic.Conv.Rewrite,2,1
Lean.Elab.Tactic.Change,0,3
Lean.Elab.Tactic.Change,1,3
Lean.Elab.Tactic.Change,2,3
Lean.Elab.Tactic.Conv.Change,0,1
Lean.Elab.Tactic.Conv.Change,1,1
Lean.Meta.Tactic.Lets,0,9
Lean.Meta.Tactic.Lets,1,4
Lean.Elab.Tactic.Lets,0,9
Lean.Elab.Tactic.Lets,1,13
Lean.Elab.Tactic.Lets,2,6
Lean.Elab.Tactic.Lets,3,4
Lean.Elab.Tactic.Conv.Lets,0,4
Lean.Elab.Tactic.Conv.Lets,1,4
Lean.Elab.Tactic.Conv.Lets,2,2
Lean.Elab.Tactic.Split,0,10
Lean.Elab.Tactic.Split,1,11
Lean.Elab.Tactic.Split,2,6
Lean.Elab.Tactic.Conv.Simp,0,22
Lean.Elab.Tactic.Conv.Simp,1,14
Lean.Elab.Tactic.Conv.Simp,2,7
Lean.Elab.Tactic.Conv.Simp,3,8
Lean.Elab.Tactic.Conv.Simp,4,5
Lean.Elab.Tactic.Conv.Pattern,0,23
Lean.Elab.Tactic.Conv.Pattern,1,20
Lean.Elab.Tactic.Conv.Pattern,2,4
Lean.Elab.Tactic.Conv.Pattern,3,1
Lean.Elab.Tactic.Conv.Pattern,4,1
Lean.Elab.Tactic.Delta,1,1
Lean.Elab.Tactic.Delta,2,1
Lean.Elab.Tactic.Conv.Delta,1,1
Lean.Meta.Tactic.Unfold,0,3
Lean.Meta.Tactic.Unfold,43,1
Lean.Meta.Tactic.Unfold,94,1
Lean.Elab.Tactic.Unfold,1,1
Lean.Elab.Tactic.Unfold,2,1
Lean.Elab.Tactic.Conv.Unfold,1,1
Lean.Elab.PreDefinition.PartialFixpoint.Eqns,0,6
Lean.Elab.PreDefinition.PartialFixpoint.Eqns,1,1
Lean.Meta.Order,0,4
Lean.Elab.PreDefinition.PartialFixpoint.Main,0,12
Lean.Elab.PreDefinition.PartialFixpoint.Main,1,4
Lean.Elab.PreDefinition.PartialFixpoint.Main,2,1
Lean.Elab.PreDefinition.PartialFixpoint.Main,4,1
Lean.Elab.PreDefinition.PartialFixpoint.Main,52,1
Lean.Elab.PreDefinition.PartialFixpoint.Main,82,1
Lean.Elab.PreDefinition.PartialFixpoint.Main,86,1
Lean.Elab.PreDefinition.PartialFixpoint.Main,148,1
Lean.Meta.Injective,0,7
Lean.Meta.Injective,2,2
Lean.Elab.PreDefinition.Main,0,25
Lean.Elab.PreDefinition.Main,1,4
Lean.Elab.MutualDef,0,39
Lean.Elab.MutualDef,1,22
Lean.Elab.MutualDef,2,6
Lean.Elab.MutualDef,3,12
Lean.Elab.LetRec,0,2
Lean.Elab.LetRec,1,2
Lean.Language.Lean,0,2
Lean.Language.Lean,1,2
Lean.Server.References,0,16
Lean.Server.References,1,14
Lean.Util.Profiler,0,46
Lean.Util.Profiler,1,26
Lean.Util.Profiler,2,1
Lean.Util.Profiler,48,1
Lean.Util.Profiler,1000,4
Lean.Util.Profiler,1000000,1
Lean.Util.Profiler,1000000000,1
Lean.Elab.Frontend,0,13
Lean.Elab.Frontend,1,3
Lean.Elab.Frontend,5,1
Lean.Elab.Frontend,1000000000,1
Lean.Meta.NatTable,0,5
Lean.Meta.NatTable,4,1
Lean.Meta.NatTable,24,1
Lean.Meta.Constructions.CtorElim,1,2
Lean.Meta.Constructions.RecOn,1,2
Lean.Meta.Constructions.BRecOn,0,4
Lean.Meta.Constructions.BRecOn,1,4
Lean.Meta.Constructions.CasesOnSameCtor,0,4
Lean.Meta.Constructions.CasesOnSameCtor,1,12
Lean.Meta.Constructions.CasesOnSameCtor,3,1
Lean.Meta.Constructions.CasesOnSameCtor,30,1
Lean.Meta.Constructions.CasesOnSameCtor,33,1
Lean.Meta.Constructions.CasesOnSameCtor,58,2
Lean.Meta.Constructions.CasesOnSameCtor,60,2
Lean.Meta.Constructions.CasesOnSameCtor,135,1
Lean.Meta.Constructions.CasesOnSameCtor,141,1
Lean.Meta.SizeOf,0,1
Lean.Meta.SizeOf,1,5
Lean.Meta.SizeOf,1000,1
Lean.Elab.Coinductive,0,8
Lean.Elab.Coinductive,1,1
Lean.Elab.Coinductive,13,1
Lean.Elab.Coinductive,124,1
Lean.Elab.ComputedFields,0,4
Lean.Elab.ComputedFields,1,3
Lean.Elab.ComputedFields,2,3
Lean.Elab.MutualInductive,0,32
Lean.Elab.MutualInductive,1,13
Lean.Elab.Declaration,0,47
Lean.Elab.Declaration,1,48
Lean.Elab.Declaration,2,21
Lean.Elab.Declaration,3,19
Lean.Elab.Declaration,4,17
Lean.Elab.Declaration,5,20
Lean.Elab.Declaration,6,22
Lean.Elab.Declaration,41,1
Lean.Elab.Declaration,248,1
Lean.Elab.Tactic.Injection,1,2
Lean.Elab.Tactic.Injection,2,1
Lean.Elab.Tactic.Injection,5,1
Lean.Elab.Tactic.Simproc,0,2
Lean.Elab.Tactic.Simproc,1,2
Lean.Elab.Tactic.Simproc,2,2
Lean.Elab.Tactic.Simproc,3,2
Lean.Elab.Calc,0,10
Lean.Elab.Calc,1,10
Lean.Elab.Calc,2,5
Lean.Elab.Calc,34,1
Lean.Elab.Calc,35,1
Lean.Elab.Calc,53,1
Lean.Elab.Calc,57,1
Lean.Elab.Calc,72,1
Lean.Elab.Calc,133,1
Lean.Elab.Tactic.Calc,0,1
Lean.Elab.Tactic.Calc,1,2
Lean.Elab.Tactic.Calc,32,1
Lean.Elab.Tactic.Calc,65,1
Lean.Elab.Tactic.Congr,0,2
Lean.Elab.Tactic.Congr,1,4
Lean.Elab.Tactic.Congr,1000000,1
Lean.Elab.Tactic.Guard,0,51
Lean.Elab.Tactic.Guard,1,27
Lean.Elab.Tactic.Guard,2,31
Lean.Elab.Tactic.Guard,3,12
Lean.Elab.Tactic.FalseOrByContra,0,1
Lean.Meta.Canonicalizer,0,2
Lean.Meta.Canonicalizer,1,2
Lean.Elab.Tactic.Omega.OmegaM,0,13
Lean.Elab.Tactic.Omega.OmegaM,1,4
Lean.Elab.Tactic.Omega.MinNatAbs,0,24
Lean.Elab.Tactic.Omega.Core,0,34
Lean.Elab.Tactic.Omega.Core,1,37
Lean.Elab.Tactic.Omega.Core,2,14
Lean.Elab.Tactic.Omega.Core,3,12
Lean.Elab.Tactic.Omega.Core,4,11
Lean.Elab.Tactic.Omega.Frontend,0,4
Lean.Elab.Tactic.Omega.Frontend,1,5
Lean.Elab.Tactic.Omega.Frontend,10,2
Lean.Elab.Tactic.Simpa,0,22
Lean.Elab.Tactic.Simpa,1,19
Lean.Elab.Tactic.Simpa,2,12
Lean.Elab.Tactic.Simpa,3,14
Lean.Elab.Tactic.Simpa,4,10
Lean.Elab.Tactic.Simpa,5,5
Lean.Elab.Tactic.Simpa,15,5
Lean.Elab.Tactic.Simpa,116,5
Lean.Meta.Tactic.NormCast,0,19
Lean.Meta.Tactic.NormCast,1,20
Lean.Meta.Tactic.NormCast,2,13
Lean.Meta.Tactic.NormCast,3,2
Lean.Meta.Tactic.NormCast,1000,4
Lean.Meta.Tactic.NormCast,1024,6
Lean.Elab.Tactic.NormCast,0,28
Lean.Elab.Tactic.NormCast,1,6
Lean.Elab.Tactic.NormCast,2,10
Lean.Elab.Tactic.NormCast,5,1
Lean.Elab.Tactic.NormCast,1000,1
Lean.Elab.Tactic.Symm,0,2
Lean.Elab.Tactic.Symm,1,1
Lean.Elab.Tactic.SolveByElim,0,25
Lean.Elab.Tactic.SolveByElim,1,34
Lean.Elab.Tactic.SolveByElim,2,10
Lean.Elab.Tactic.SolveByElim,3,14
Lean.Elab.Tactic.SolveByElim,4,20
Lean.Elab.Tactic.SolveByElim,5,8
Lean.Elab.Tactic.SolveByElim,6,4
Lean.Elab.Tactic.SolveByElim,11,1
Lean.Elab.Tactic.SolveByElim,50,4
Lean.Elab.Tactic.SolveByElim,100,1
Lean.Meta.LazyDiscrTree,0,72
Lean.Meta.LazyDiscrTree,1,46
Lean.Meta.LazyDiscrTree,2,21
Lean.Meta.LazyDiscrTree,3,12
Lean.Meta.LazyDiscrTree,4,14
Lean.Meta.LazyDiscrTree,5,12
Lean.Meta.LazyDiscrTree,6,13
Lean.Meta.LazyDiscrTree,8,1
Lean.Meta.LazyDiscrTree,17,1
Lean.Meta.LazyDiscrTree,1000,4
Lean.Meta.LazyDiscrTree,1024,14
Lean.Meta.LazyDiscrTree,1879,1
Lean.Meta.LazyDiscrTree,2411,1
Lean.Meta.LazyDiscrTree,3541,1
Lean.Meta.LazyDiscrTree,5237,1
Lean.Meta.LazyDiscrTree,7883,1
Lean.Meta.Sym.ExprPtr,0,1
Lean.Meta.Sym.ExprPtr,1,1
Lean.Meta.Sym.ExprPtr,3,1
Lean.Meta.Sym.AlphaShareCommon,0,2
Lean.Meta.Sym.AlphaShareCommon,1,2
Lean.Meta.Sym.SymM,0,17
Lean.Meta.Sym.SymM,1,21
Lean.Meta.Sym.SymM,2,12
Lean.Meta.Sym.SymM,3,11
Lean.Meta.Tactic.Grind.Theorems,0,19
Lean.Meta.Tactic.Grind.Theorems,1,20
Lean.Meta.Tactic.Grind.Theorems,2,16
Lean.Meta.Tactic.Grind.Theorems,3,11
Lean.Meta.Tactic.Grind.Theorems,6,1
Lean.Meta.Tactic.Grind.Theorems,81,1
Lean.Meta.Tactic.Grind.Theorems,1024,8
Lean.Meta.Tactic.Grind.Extension,0,43
Lean.Meta.Tactic.Grind.Extension,1,90
Lean.Meta.Tactic.Grind.Extension,2,58
Lean.Meta.Tactic.Grind.Extension,3,37
Lean.Meta.Tactic.Grind.Extension,4,36
Lean.Meta.Tactic.Grind.Extension,5,25
Lean.Meta.Tactic.Grind.Extension,6,25
Lean.Meta.Tactic.Grind.Extension,7,25
Lean.Meta.Tactic.Grind.Extension,8,26
Lean.Meta.Tactic.Grind.Extension,9,24
Lean.Meta.Tactic.Grind.Extension,10,11
Lean.Meta.Tactic.Grind.Extension,12,1
Lean.Meta.Tactic.Grind.Extension,14,1
Lean.Meta.Tactic.Grind.Extension,17,2
Lean.Meta.Tactic.Grind.Extension,205,2
Lean.Meta.Tactic.Grind.Extension,1024,42
Lean.Meta.Sym.Util,0,1
Lean.Meta.Tactic.Grind.Util,0,1
Lean.Meta.Tactic.Grind.Util,1,2
Lean.Meta.Tactic.Grind.Util,5,4
Lean.Meta.Tactic.Grind.EMatchTheorem,0,38
Lean.Meta.Tactic.Grind.EMatchTheorem,1,42
Lean.Meta.Tactic.Grind.EMatchTheorem,2,19
Lean.Meta.Tactic.Grind.EMatchTheorem,3,8
Lean.Meta.Tactic.Grind.EMatchTheorem,7,1
Lean.Meta.Tactic.Grind.EMatchTheorem,8,2
Lean.Meta.Tactic.Grind.EMatchTheorem,13,1
Lean.Meta.Tactic.Grind.EMatchTheorem,26,4
Lean.Meta.Tactic.Grind.EMatchTheorem,133,1
Lean.Meta.Tactic.Grind.EMatchTheorem,134,1
Lean.Meta.Tactic.Grind.EMatchTheorem,137,1
Lean.Meta.Tactic.Grind.EMatchTheorem,138,1
Lean.Meta.Tactic.Grind.EMatchTheorem,1000,1
Lean.Meta.Tactic.Grind.EMatchTheorem,1024,8
Lean.Meta.Tactic.Grind.EMatchTheorem,1336,1
Lean.Meta.Tactic.Grind.Cases,0,5
Lean.Meta.Tactic.Grind.Cases,1,5
Lean.Meta.Tactic.Grind.Attr,0,95
Lean.Meta.Tactic.Grind.Attr,1,59
Lean.Meta.Tactic.Grind.Attr,2,27
Lean.Meta.Tactic.Grind.Attr,3,15
Lean.Meta.Tactic.Grind.Attr,4,12
Lean.Meta.Tactic.Grind.Attr,5,12
Lean.Meta.Tactic.Grind.Attr,6,12
Lean.Meta.Tactic.Grind.Attr,7,12
Lean.Meta.Tactic.Grind.Attr,8,12
Lean.Meta.Tactic.Grind.Attr,9,11
Lean.Meta.Tactic.Grind.CheckResult,0,8
Lean.Meta.Tactic.Grind.CheckResult,1,16
Lean.Meta.Tactic.Grind.CheckResult,2,12
Lean.Meta.Tactic.Grind.CheckResult,3,7
Lean.Meta.Tactic.Grind.CheckResult,1024,8
Lean.Meta.Tactic.Grind.Types,0,113
Lean.Meta.Tactic.Grind.Types,1,108
Lean.Meta.Tactic.Grind.Types,2,26
Lean.Meta.Tactic.Grind.Types,3,12
Lean.Meta.Tactic.Grind.Types,4,13
Lean.Meta.Tactic.Grind.Types,5,12
Lean.Meta.Tactic.Grind.Types,6,13
Lean.Meta.Tactic.Grind.Types,7,13
Lean.Meta.Tactic.Grind.Types,8,16
Lean.Meta.Tactic.Grind.Types,9,2
Lean.Meta.Tactic.Grind.Types,10,2
Lean.Meta.Tactic.Grind.Types,11,2
Lean.Meta.Tactic.Grind.Types,13,1
Lean.Meta.Tactic.Grind.Types,14,2
Lean.Meta.Tactic.Grind.Types,15,1
Lean.Meta.Tactic.Grind.Types,16,1
Lean.Meta.Tactic.Grind.Types,48,1
Lean.Meta.Tactic.Grind.Types,50,1
Lean.Meta.Tactic.Grind.Types,64,1
Lean.Meta.Tactic.Grind.Types,1022,3
Lean.Meta.Tactic.Grind.Types,1024,5
Lean.Meta.Tactic.Grind.Types,1528,1
Lean.Meta.Tactic.Grind.Types,1606,1
Lean.Meta.Tactic.Grind.Action,0,15
Lean.Meta.Tactic.Grind.Action,1,11
Lean.Meta.Tactic.Grind.Action,2,4
Lean.Meta.Tactic.Grind.Action,3,3
Lean.Meta.Tactic.Grind.MarkNestedSubsingletons,2,1
Lean.Meta.Tactic.Grind.Anchor,0,2
Lean.Meta.Tactic.Grind.Anchor,1,1
Lean.Meta.Tactic.Grind.Anchor,4,3
Lean.Meta.Tactic.Grind.Anchor,64,2
Lean.Meta.Tactic.Grind.MatchDiscrOnly,2,1
Lean.Meta.Tactic.Grind.Simp,0,10
Lean.Meta.Tactic.Grind.Proof,2,1
Lean.Meta.Tactic.Grind.Proof,336,1
Lean.Meta.Tactic.Grind.PropagatorAttr,0,1
Lean.Meta.Tactic.Grind.PropagatorAttr,1,1
Lean.Meta.Tactic.Grind.MatchCond,0,1
Lean.Meta.Tactic.Grind.Arith.CommRing.Poly,0,12
Lean.Meta.Tactic.Grind.Arith.CommRing.Poly,1,9
Lean.Meta.Tactic.Grind.Arith.CommRing.Types,0,33
Lean.Meta.Tactic.Grind.Arith.CommRing.Types,1,42
Lean.Meta.Tactic.Grind.Arith.CommRing.Types,2,23
Lean.Meta.Tactic.Grind.Arith.CommRing.Types,3,12
Lean.Meta.Tactic.Grind.Arith.CommRing.Types,4,12
Lean.Meta.Tactic.Grind.Arith.CommRing.Types,5,12
Lean.Meta.Tactic.Grind.Arith.CommRing.Types,6,12
Lean.Meta.Tactic.Grind.Arith.CommRing.Types,7,11
Lean.Meta.Tactic.Grind.Arith.Util,0,6
Lean.Meta.Tactic.Grind.Arith.Util,1,1
Lean.Meta.Tactic.Grind.Arith.Cutsat.ToIntInfo,0,20
Lean.Meta.Tactic.Grind.Arith.Cutsat.ToIntInfo,1,20
Lean.Meta.Tactic.Grind.Arith.Cutsat.ToIntInfo,2,12
Lean.Meta.Tactic.Grind.Arith.Cutsat.ToIntInfo,3,11
Lean.Meta.Tactic.Grind.Arith.Cutsat.Types,0,80
Lean.Meta.Tactic.Grind.Arith.Cutsat.Types,1,139
Lean.Meta.Tactic.Grind.Arith.Cutsat.Types,2,60
Lean.Meta.Tactic.Grind.Arith.Cutsat.Types,3,60
Lean.Meta.Tactic.Grind.Arith.Cutsat.Types,4,59
Lean.Meta.Tactic.Grind.Arith.Cutsat.Types,5,48
Lean.Meta.Tactic.Grind.Arith.Cutsat.Types,6,48
Lean.Meta.Tactic.Grind.Arith.Cutsat.Types,7,48
Lean.Meta.Tactic.Grind.Arith.Cutsat.Types,8,47
Lean.Meta.Tactic.Grind.Arith.Cutsat.Types,9,36
Lean.Meta.Tactic.Grind.Arith.Cutsat.Types,10,36
Lean.Meta.Tactic.Grind.Arith.Cutsat.Types,11,36
Lean.Meta.Tactic.Grind.Arith.Cutsat.Types,12,35
Lean.Meta.Tactic.Grind.Arith.Cutsat.Types,13,24
Lean.Meta.Tactic.Grind.Arith.Cutsat.Types,14,24
Lean.Meta.Tactic.Grind.Arith.Cutsat.Types,15,24
Lean.Meta.Tactic.Grind.Arith.Cutsat.Types,16,23
Lean.Meta.Tactic.Grind.Arith.Cutsat.Types,17,11
Lean.Meta.Tactic.Grind.Arith.CommRing.MonadCanon,0,1
Lean.Meta.Tactic.Grind.Arith.CommRing.MonadRing,0,2
Lean.Meta.Tactic.Grind.Arith.CommRing.Functions,0,3
Lean.Meta.Tactic.Grind.Arith.CommRing.DenoteExpr,0,4
Lean.Meta.Tactic.Grind.Arith.CommRing.DenoteExpr,1,3
Lean.Meta.Tactic.Grind.Arith.CommRing.RingM,0,6
Lean.Meta.Tactic.Grind.Arith.CommRing.RingM,1,2
Lean.Meta.Tactic.Grind.Arith.CommRing.PP,0,5
Lean.Meta.Tactic.Grind.Arith.CommRing.PP,1,4
Lean.Meta.Tactic.Grind.Arith.Linear.Types,0,87
Lean.Meta.Tactic.Grind.Arith.Linear.Types,1,122
Lean.Meta.Tactic.Grind.Arith.Linear.Types,2,59
Lean.Meta.Tactic.Grind.Arith.Linear.Types,3,37
Lean.Meta.Tactic.Grind.Arith.Linear.Types,4,37
Lean.Meta.Tactic.Grind.Arith.Linear.Types,5,36
Lean.Meta.Tactic.Grind.Arith.Linear.Types,6,24
Lean.Meta.Tactic.Grind.Arith.Linear.Types,7,12
Lean.Meta.Tactic.Grind.Arith.Linear.Types,8,12
Lean.Meta.Tactic.Grind.Arith.Linear.Types,9,12
Lean.Meta.Tactic.Grind.Arith.Linear.Types,10,12
Lean.Meta.Tactic.Grind.Arith.Linear.Types,11,12
Lean.Meta.Tactic.Grind.Arith.Linear.Types,12,12
Lean.Meta.Tactic.Grind.Arith.Linear.Types,13,11
Lean.Meta.Tactic.Grind.Arith.Linear.LinearM,0,2
Lean.Meta.Tactic.Grind.Arith.Linear.LinearM,1,1
Lean.Meta.Tactic.Grind.Arith.Linear.LinearM,2,1
Lean.Meta.Tactic.Grind.Arith.Linear.Util,0,7
Lean.Meta.Tactic.Grind.Arith.Linear.Util,1,1
Lean.Meta.Tactic.Grind.Arith.Linear.Var,0,6
Lean.Meta.Tactic.Grind.Arith.Linear.Reify,0,1
Lean.Meta.Tactic.Grind.Arith.Linear.PP,0,7
Lean.Meta.Tactic.Grind.Arith.Linear.PP,1,4
Lean.Meta.Tactic.Grind.AC.Seq,0,24
Lean.Meta.Tactic.Grind.AC.Seq,1,34
Lean.Meta.Tactic.Grind.AC.Seq,2,23
Lean.Meta.Tactic.Grind.AC.Seq,3,12
Lean.Meta.Tactic.Grind.AC.Seq,4,11
Lean.Meta.Tactic.Grind.AC.Types,0,31
Lean.Meta.Tactic.Grind.AC.Types,1,55
Lean.Meta.Tactic.Grind.AC.Types,2,24
Lean.Meta.Tactic.Grind.AC.Types,3,24
Lean.Meta.Tactic.Grind.AC.Types,4,24
Lean.Meta.Tactic.Grind.AC.Types,5,24
Lean.Meta.Tactic.Grind.AC.Types,6,24
Lean.Meta.Tactic.Grind.AC.Types,7,23
Lean.Meta.Tactic.Grind.AC.Types,8,12
Lean.Meta.Tactic.Grind.AC.Types,9,12
Lean.Meta.Tactic.Grind.AC.Types,10,12
Lean.Meta.Tactic.Grind.AC.Types,11,12
Lean.Meta.Tactic.Grind.AC.Types,12,12
Lean.Meta.Tactic.Grind.AC.Types,13,12
Lean.Meta.Tactic.Grind.AC.Types,14,12
Lean.Meta.Tactic.Grind.AC.Types,15,12
Lean.Meta.Tactic.Grind.AC.Types,16,11
Lean.Meta.Tactic.Grind.AC.Util,0,2
Lean.Meta.Tactic.Grind.AC.Util,1,2
Lean.Meta.Tactic.Grind.AC.PP,0,3
Lean.Meta.Tactic.Grind.AC.PP,1,4
Lean.Meta.Tactic.Grind.PP,0,10
Lean.Meta.Tactic.Grind.PP,1,4
Lean.Meta.Tactic.Grind.Beta,1,1
Lean.Meta.Tactic.Grind.Arith.Cutsat.Util,0,14
Lean.Meta.Tactic.Grind.Arith.Cutsat.Util,1,3
Lean.Meta.Tactic.Grind.Arith.Cutsat.Norm,0,1
Lean.Meta.Tactic.Grind.Arith.Cutsat.ToInt,0,4
Lean.Meta.Tactic.Grind.Arith.Cutsat.ToInt,1,6
Lean.Meta.Tactic.Grind.Arith.Cutsat.ToInt,37,2
Lean.Meta.Tactic.Grind.Arith.Cutsat.ToInt,511,1
Lean.Meta.Tactic.Grind.Arith.Cutsat.ToInt,519,1
Lean.Meta.Tactic.Grind.Core,0,2
Lean.Meta.Tactic.Grind.RevertAll,0,1
Lean.Meta.Tactic.Grind.RevertAll,1,1
Lean.Meta.Tactic.Grind.Split,0,21
Lean.Meta.Tactic.Grind.Split,1,32
Lean.Meta.Tactic.Grind.Split,2,17
Lean.Meta.Tactic.Grind.Split,1024,6
Lean.Meta.Tactic.Grind.Proj,0,1
Lean.Meta.Tactic.Grind.Proj,1,2
Lean.Meta.Tactic.Grind.Ext,0,1
Lean.Meta.Tactic.Grind.Ext,1,1
Lean.Meta.Tactic.Grind.Diseq,30,1
Lean.Meta.Tactic.Grind.Diseq,44,1
Lean.Meta.Tactic.Grind.Propagate,0,4
Lean.Meta.Tactic.Grind.Propagate,1,2
Lean.Meta.Tactic.Grind.Propagate,3,2
Lean.Meta.Tactic.Grind.Propagate,4,2
Lean.Meta.Tactic.Grind.Propagate,5,12
Lean.Meta.Tactic.Grind.EqResolution,0,1
Lean.Meta.Tactic.Grind.EqResolution,1,1
Lean.Meta.Tactic.Grind.ForallProp,0,5
Lean.Meta.Tactic.Grind.ForallProp,1,2
Lean.Meta.Tactic.Grind.ForallProp,2,4
Lean.Meta.Tactic.Grind.CtorIdx,0,1
Lean.Meta.Tactic.Grind.CtorIdx,1,2
Lean.Meta.Tactic.Grind.CtorIdx,6,1
Lean.Meta.Tactic.Grind.CtorIdx,37,1
Lean.Meta.Tactic.Grind.EMatch,0,22
Lean.Meta.Tactic.Grind.EMatch,1,18
Lean.Meta.Tactic.Grind.EMatch,2,11
Lean.Meta.Tactic.Grind.EMatch,22,1
Lean.Meta.Tactic.Grind.EMatch,882,1
Lean.Meta.Tactic.Grind.EMatch,1022,1
Lean.Util.ParamMinimizer,0,10
Lean.Util.ParamMinimizer,1,17
Lean.Util.ParamMinimizer,2,10
Lean.Util.ParamMinimizer,1024,6
Lean.Meta.Tactic.Grind.EMatchTheoremPtr,0,1
Lean.Meta.Tactic.Grind.EMatchTheoremPtr,1,1
Lean.Meta.Tactic.Grind.EMatchTheoremPtr,3,1
Lean.Meta.Tactic.Grind.EMatchAction,0,1
Lean.Meta.Tactic.Grind.Finish,0,1
Lean.Meta.Tactic.Grind.Finish,10000,1
Lean.Meta.Tactic.Grind.Arith.FieldNormNum,1,4
Lean.Meta.Tactic.Grind.Arith.Simproc,0,6
Lean.Meta.Tactic.Grind.Arith.Simproc,1,5
Lean.Meta.Tactic.Grind.Arith.Simproc,3,12
Lean.Meta.Tactic.Grind.SimpUtil,0,4
Lean.Meta.Tactic.Grind.SimpUtil,1,2
Lean.Meta.Tactic.Grind.SimpUtil,2,1
Lean.Meta.Tactic.Grind.SimpUtil,1000,2
Lean.Meta.Tactic.Grind.Main,0,35
Lean.Meta.Tactic.Grind.Main,1,2
Lean.Meta.Tactic.LibrarySearch,0,12
Lean.Meta.Tactic.LibrarySearch,1,13
Lean.Meta.Tactic.LibrarySearch,2,9
Lean.Meta.Tactic.LibrarySearch,3,1
Lean.Meta.Tactic.LibrarySearch,5,1
Lean.Meta.Tactic.LibrarySearch,6,1
Lean.Meta.Tactic.LibrarySearch,8,1
Lean.Meta.Tactic.LibrarySearch,9,1
Lean.Meta.Tactic.LibrarySearch,10,2
Lean.Meta.Tactic.LibrarySearch,20,1
Lean.Meta.Tactic.LibrarySearch,50,1
Lean.Meta.Tactic.LibrarySearch,100,1
Lean.Meta.Tactic.LibrarySearch,1000,3
Lean.Meta.Tactic.LibrarySearch,10000,1
Lean.Elab.Tactic.LibrarySearch,0,5
Lean.Elab.Tactic.LibrarySearch,1,8
Lean.Elab.Tactic.LibrarySearch,2,12
Lean.Elab.Tactic.LibrarySearch,6,2
Lean.Elab.Tactic.LibrarySearch,10,2
Lean.Elab.Tactic.LibrarySearch,90,1
Lean.Elab.Tactic.ShowTerm,0,2
Lean.Elab.Tactic.ShowTerm,1,2
Lean.Elab.Tactic.Rfl,0,1
Lean.Meta.Tactic.Rewrites,0,21
Lean.Meta.Tactic.Rewrites,1,23
Lean.Meta.Tactic.Rewrites,2,9
Lean.Meta.Tactic.Rewrites,3,2
Lean.Meta.Tactic.Rewrites,4,2
Lean.Meta.Tactic.Rewrites,5,1
Lean.Meta.Tactic.Rewrites,6,4
Lean.Meta.Tactic.Rewrites,10,1
Lean.Meta.Tactic.Rewrites,20,1
Lean.Meta.Tactic.Rewrites,100,1
Lean.Elab.Tactic.Rewrites,0,9
Lean.Elab.Tactic.Rewrites,1,9
Lean.Elab.Tactic.Rewrites,2,7
Lean.Elab.Tactic.Rewrites,10,2
Lean.Elab.Tactic.Rewrites,20,2
Lean.Elab.Tactic.Rewrites,90,3
Lean.Elab.Tactic.DiscrTreeKey,0,2
Lean.Elab.Tactic.DiscrTreeKey,1,2
Lean.Elab.Tactic.BVDecide.LRAT.Trim,0,7
Lean.Elab.Tactic.BVDecide.LRAT.Trim,1,5
Lean.Elab.Tactic.BVDecide.External,0,18
Lean.Elab.Tactic.BVDecide.External,1,18
Lean.Elab.Tactic.BVDecide.External,118,1
Lean.Elab.Tactic.BVDecide.External,255,2
Lean.Elab.Tactic.BVDecide.External,1000,1
Lean.Elab.Tactic.BVDecide.Frontend.Attr,10,3
Lean.Elab.Tactic.BVDecide.Frontend.BVDecide.Reflect,0,8
Lean.Elab.Tactic.BVDecide.Frontend.BVDecide.Reflect,1,10
Lean.Elab.Tactic.BVDecide.Frontend.BVDecide.Reflect,6,1
Lean.Elab.Tactic.BVDecide.Frontend.BVDecide.Reflect,309,1
Lean.Elab.Tactic.BVDecide.Frontend.BVDecide.ReifiedBVExpr,1,1
Lean.Elab.Tactic.BVDecide.Frontend.BVDecide.ReifiedBVPred,0,2
Lean.Elab.Tactic.BVDecide.Frontend.BVDecide.ReifiedBVPred,1,2
Lean.Elab.Tactic.BVDecide.Frontend.BVDecide.ReifiedBVLogical,1,2
Lean.Elab.Tactic.BVDecide.Frontend.Normalize.Basic,0,11
Lean.Elab.Tactic.BVDecide.Frontend.Normalize.Basic,1,12
Lean.Elab.Tactic.BVDecide.Frontend.Normalize.ApplyControlFlow,0,11
Lean.Elab.Tactic.BVDecide.Frontend.Normalize.ApplyControlFlow,1,3
Lean.Elab.Tactic.BVDecide.Frontend.Normalize.ApplyControlFlow,3,2
Lean.Elab.Tactic.BVDecide.Frontend.Normalize.Simproc,0,27
Lean.Elab.Tactic.BVDecide.Frontend.Normalize.Simproc,1,31
Lean.Elab.Tactic.BVDecide.Frontend.Normalize.Simproc,2,5
Lean.Elab.Tactic.BVDecide.Frontend.Normalize.Rewrite,0,4
Lean.Elab.Tactic.BVDecide.Frontend.Normalize.Rewrite,2,1
Lean.Elab.Tactic.BVDecide.Frontend.Normalize.AndFlatten,0,4
Lean.Elab.Tactic.BVDecide.Frontend.Normalize.AndFlatten,1,2
Lean.Elab.Tactic.BVDecide.Frontend.Normalize.EmbeddedConstraint,0,3
Lean.Elab.Tactic.BVDecide.Frontend.Normalize.EmbeddedConstraint,2,1
Lean.Meta.Tactic.AC.Main,0,25
Lean.Meta.Tactic.AC.Main,1,14
Lean.Meta.Tactic.AC.Main,52,1
Lean.Meta.Tactic.AC.Main,131,1
Lean.Elab.Tactic.BVDecide.Frontend.Normalize.AC,0,15
Lean.Elab.Tactic.BVDecide.Frontend.Normalize.AC,1,6
Lean.Elab.Tactic.BVDecide.Frontend.Normalize.AC,2,1
Lean.Elab.Tactic.BVDecide.Frontend.Normalize.AC,1024,2
Lean.Elab.Tactic.BVDecide.Frontend.Normalize.TypeAnalysis,0,6
Lean.Elab.Tactic.BVDecide.Frontend.Normalize.TypeAnalysis,1,9
Lean.Elab.Tactic.BVDecide.Frontend.Normalize.TypeAnalysis,2,7
Lean.Elab.Tactic.BVDecide.Frontend.Normalize.TypeAnalysis,3,2
Lean.Elab.Tactic.BVDecide.Frontend.Normalize.TypeAnalysis,40,1
Lean.Elab.Tactic.BVDecide.Frontend.Normalize.TypeAnalysis,65,1
Lean.Elab.Tactic.BVDecide.Frontend.Normalize.Structures,4,1
Lean.Elab.Tactic.BVDecide.Frontend.Normalize.Structures,5,1
Lean.Elab.Tactic.BVDecide.Frontend.Normalize.IntToBitVec,0,4
Lean.Elab.Tactic.BVDecide.Frontend.Normalize.IntToBitVec,1,1
Lean.Elab.Tactic.BVDecide.Frontend.Normalize.IntToBitVec,2,1
Lean.Elab.Tactic.BVDecide.Frontend.Normalize.Enums,0,7
Lean.Elab.Tactic.BVDecide.Frontend.Normalize.Enums,1,4
Lean.Elab.Tactic.BVDecide.Frontend.Normalize.Enums,2,1
Lean.Elab.Tactic.BVDecide.Frontend.Normalize.Enums,4,1
Lean.Elab.Tactic.BVDecide.Frontend.Normalize.Enums,5,1
Lean.Elab.Tactic.BVDecide.Frontend.Normalize.Enums,51,1
Lean.Elab.Tactic.BVDecide.Frontend.Normalize.Enums,60,2
Lean.Elab.Tactic.BVDecide.Frontend.Normalize.Enums,125,1
Lean.Elab.Tactic.BVDecide.Frontend.Normalize.Enums,184,1
Lean.Elab.Tactic.BVDecide.Frontend.Normalize.Enums,389,1
Lean.Elab.Tactic.BVDecide.Frontend.Normalize.ShortCircuit,0,3
Lean.Elab.Tactic.BVDecide.Frontend.Normalize.ShortCircuit,2,1
Lean.Elab.Tactic.BVDecide.Frontend.Normalize,0,1
Lean.Elab.Tactic.BVDecide.Frontend.Normalize,1,2
Lean.Elab.Tactic.BVDecide.Frontend.LRAT,0,1
Lean.Elab.Tactic.BVDecide.Frontend.LRAT,1,1
Lean.Elab.Tactic.BVDecide.Frontend.BVDecide,0,15
Lean.Elab.Tactic.BVDecide.Frontend.BVDecide,1,10
Lean.Elab.Tactic.BVDecide.Frontend.BVDecide,6,1
Lean.Elab.Tactic.BVDecide.Frontend.BVDecide,73,1
Lean.Elab.Tactic.BVDecide.Frontend.BVCheck,0,1
Lean.Elab.Tactic.BVDecide.Frontend.BVCheck,1,2
Lean.Elab.Tactic.BVDecide.Frontend.BVCheck,2,3
Lean.Elab.Tactic.BVDecide.Frontend.BVTrace,0,1
Lean.Elab.Tactic.BVDecide.Frontend.BVTrace,1,2
Lean.Elab.Tactic.Classical,1,1
Lean.Elab.Tactic.Classical,10,1
Lean.Elab.Tactic.Grind.Basic,0,5
Lean.Elab.Tactic.Grind.Basic,1,4
Lean.Elab.Tactic.Grind.Param,0,15
Lean.Elab.Tactic.Grind.Param,1,15
Lean.Elab.Tactic.Grind.Param,2,4
Lean.Elab.Tactic.ConfigSetter,0,4
Lean.Elab.Tactic.ConfigSetter,1022,1
Lean.Elab.Tactic.Grind.Config,0,7
Lean.Elab.Tactic.Grind.Config,1,6
Lean.Elab.Tactic.Grind.Config,2,2
Lean.Elab.Tactic.Grind.Config,3,5
Lean.Elab.Tactic.Grind.Config,4,5
Lean.Meta.Tactic.Grind.Parser,0,15
Lean.Meta.Tactic.Grind.Parser,1024,48
Lean.Elab.Tactic.Grind.Main,0,63
Lean.Elab.Tactic.Grind.Main,1,58
Lean.Elab.Tactic.Grind.Main,2,46
Lean.Elab.Tactic.Grind.Main,3,35
Lean.Elab.Tactic.Grind.Main,4,21
Lean.Elab.Tactic.Grind.Main,5,21
Lean.Elab.Tactic.Grind.Main,6,21
Lean.Elab.Tactic.Grind.Main,8,12
Lean.Elab.Tactic.Grind.Main,9,9
Lean.Elab.Tactic.Grind.Main,10,12
Lean.Elab.Tactic.Grind.Main,20,12
Lean.Elab.Tactic.Grind.Main,50,12
Lean.Elab.Tactic.Grind.Main,100,1
Lean.Elab.Tactic.Grind.Main,1000,36
Lean.Elab.Tactic.Grind.Main,10000,12
Lean.Meta.Tactic.Grind.Arith.Cutsat.SearchM,0,18
Lean.Meta.Tactic.Grind.Arith.Cutsat.SearchM,1,20
Lean.Meta.Tactic.Grind.Arith.Cutsat.Nat,0,2
Lean.Meta.Tactic.Grind.Arith.Cutsat.Nat,1,3
Lean.Meta.Tactic.Grind.Arith.Cutsat.Var,0,8
Lean.Meta.Tactic.Grind.Arith.Cutsat.Var,1,1
Lean.Meta.Tactic.Grind.ProofUtil,1,1
Lean.Meta.Tactic.Grind.Arith.CommRing.NonCommRingM,0,1
Lean.Meta.Tactic.Grind.Arith.CommRing.NonCommRingM,1,1
Lean.Meta.Tactic.Grind.Arith.CommRing.MonadSemiring,0,2
Lean.Meta.Tactic.Grind.Arith.CommRing.SemiringM,0,1
Lean.Meta.Tactic.Grind.Arith.CommRing.SemiringM,1,1
Lean.Meta.Tactic.Grind.Arith.CommRing.NonCommSemiringM,0,1
Lean.Meta.Tactic.Grind.Arith.CommRing.NonCommSemiringM,1,1
Lean.Meta.Tactic.Grind.Arith.CommRing.Reify,0,2
Lean.Meta.Tactic.Grind.Arith.CommRing.SafePoly,0,3
Lean.Meta.Tactic.Grind.Arith.Cutsat.CommRing,0,1
Lean.Meta.Tactic.Grind.VarRename,0,4
Lean.Meta.Tactic.Grind.VarRename,1,3
Lean.Meta.Tactic.Grind.Arith.Cutsat.VarRename,0,2
Lean.Meta.Tactic.Grind.Arith.CommRing.VarRename,0,2
Lean.Meta.Tactic.Grind.Arith.Cutsat.Proof,0,1
Lean.Meta.Tactic.Grind.Arith.Cutsat.Proof,1,1
Lean.Meta.Tactic.Grind.Arith.Cutsat.Proof,2,1
Lean.Meta.Tactic.Grind.Arith.Cutsat.Proof,3,1
Lean.Meta.Tactic.Grind.Arith.Cutsat.Proof,4,1
Lean.Meta.Tactic.Grind.Arith.Cutsat.Proof,5,1
Lean.Meta.Tactic.Grind.Arith.Cutsat.Proof,6,1
Lean.Meta.Tactic.Grind.Arith.Cutsat.DvdCnstr,0,6
Lean.Meta.Tactic.Grind.Arith.Cutsat.DvdCnstr,1,2
Lean.Meta.Tactic.Grind.Arith.Cutsat.LeCnstr,0,6
Lean.Meta.Tactic.Grind.Arith.Cutsat.LeCnstr,1,7
Lean.Meta.Tactic.Grind.Arith.Cutsat.EqCnstr,0,3
Lean.Meta.Tactic.Grind.Arith.Cutsat.EqCnstr,1,7
Lean.Meta.Tactic.Grind.Arith.Cutsat.Inv,0,12
Lean.Meta.Tactic.Grind.Arith.Cutsat.Inv,1,7
Lean.Meta.Tactic.Grind.Arith.Cutsat.Inv,2,10
Lean.Meta.Tactic.Grind.Arith.Cutsat.Inv,4,1
Lean.Meta.Tactic.Grind.Arith.Cutsat.Inv,6,8
Lean.Meta.Tactic.Grind.Arith.Cutsat.Inv,24,2
Lean.Meta.Tactic.Grind.Arith.Cutsat.Inv,30,1
Lean.Meta.Tactic.Grind.Arith.Cutsat.Inv,36,1
Lean.Meta.Tactic.Grind.Arith.Cutsat.Inv,37,1
Lean.Meta.Tactic.Grind.Arith.Cutsat.Inv,41,1
Lean.Meta.Tactic.Grind.Arith.Cutsat.Inv,42,1
Lean.Meta.Tactic.Grind.Arith.Cutsat.Inv,49,1
Lean.Meta.Tactic.Grind.Arith.Cutsat.Inv,50,1
Lean.Meta.Tactic.Grind.Arith.Cutsat.Inv,56,1
Lean.Meta.Tactic.Grind.Arith.Cutsat.Inv,61,1
Lean.Meta.Tactic.Grind.Arith.Cutsat.Inv,66,1
Lean.Meta.Tactic.Grind.Arith.Cutsat.Inv,71,1
Lean.Meta.Tactic.Grind.Arith.Cutsat.Inv,80,1
Lean.Meta.Tactic.Grind.Arith.Cutsat.Inv,82,1
Lean.Meta.Tactic.Grind.Arith.Cutsat.Inv,84,1
Lean.Meta.Tactic.Grind.Arith.Cutsat.Inv,88,1
Lean.Meta.Tactic.Grind.Arith.Cutsat.Inv,92,1
Lean.Meta.Tactic.Grind.Arith.Cutsat.Inv,93,1
Lean.Meta.Tactic.Grind.Arith.Cutsat.Inv,94,1
Lean.Meta.Tactic.Grind.Arith.Cutsat.Inv,95,1
Lean.Meta.Tactic.Grind.Arith.Cutsat.Inv,100,1
Lean.Meta.Tactic.Grind.Arith.Cutsat.Inv,104,1
Lean.Meta.Tactic.Grind.Arith.Cutsat.ReorderVars,0,15
Lean.Meta.Tactic.Grind.Arith.Cutsat.ReorderVars,1,3
Lean.Meta.Tactic.Grind.Arith.Cutsat.Search,0,32
Lean.Meta.Tactic.Grind.Arith.Cutsat.Search,1,34
Lean.Meta.Tactic.Grind.Arith.Cutsat.Search,2,12
Lean.Meta.Tactic.Grind.Arith.Cutsat.Search,13,1
Lean.Meta.Tactic.Grind.Arith.Cutsat.Search,386,1
Lean.Meta.Tactic.Grind.Arith.Cutsat.Search,455,1
Lean.Meta.Tactic.Grind.Arith.Linear.SearchM,0,2
Lean.Meta.Tactic.Grind.Arith.Linear.SearchM,1,2
Lean.Meta.Tactic.Grind.Arith.Linear.DenoteExpr,0,1
Lean.Meta.Tactic.Grind.Arith.Linear.VarRename,0,2
Lean.Meta.Tactic.Grind.Arith.Linear.OfNatModule,0,5
Lean.Meta.Tactic.Grind.Arith.Linear.OfNatModule,1,1
Lean.Meta.Tactic.Grind.Arith.Linear.Proof,0,6
Lean.Meta.Tactic.Grind.Arith.Linear.Proof,1,2
Lean.Meta.Tactic.Grind.Arith.Linear.Proof,43,1
Lean.Meta.Tactic.Grind.Arith.Linear.Proof,490,1
Lean.Meta.Tactic.Grind.Arith.Linear.IneqCnstr,0,3
Lean.Meta.Tactic.Grind.Arith.Linear.IneqCnstr,1,1
Lean.Meta.Tactic.Grind.Arith.Linear.IneqCnstr,2,1
Lean.Meta.Tactic.Grind.Arith.Linear.IneqCnstr,3,1
Lean.Meta.Tactic.Grind.Arith.Linear.IneqCnstr,4,2
Lean.Meta.Tactic.Grind.Arith.Linear.Search,0,3
Lean.Meta.Tactic.Grind.Arith.Linear.Search,1,6
Lean.Meta.Tactic.Grind.Arith.CommRing.Proof,0,8
Lean.Meta.Tactic.Grind.Arith.CommRing.Proof,1,3
Lean.Meta.Tactic.Grind.Arith.CommRing.Inv,6,1
Lean.Meta.Tactic.Grind.Arith.CommRing.Inv,55,1
Lean.Meta.Tactic.Grind.Arith.CommRing.EqCnstr,0,12
Lean.Meta.Tactic.Grind.Arith.CommRing.EqCnstr,1,13
Lean.Meta.Tactic.Grind.Arith.CommRing.EqCnstr,27,1
Lean.Meta.Tactic.Grind.Arith.CommRing.EqCnstr,188,1
Lean.Meta.Tactic.Grind.AC.VarRename,0,3
Lean.Meta.Tactic.Grind.AC.Proof,0,2
Lean.Meta.Tactic.Grind.AC.Proof,1,2
Lean.Meta.Tactic.Grind.AC.Proof,2,1
Lean.Meta.Tactic.Grind.AC.Proof,275,1
Lean.Meta.Tactic.Grind.AC.Eq,0,3
Lean.Meta.Tactic.Grind.AC.Eq,1,1
Lean.Meta.Tactic.Grind.Filter,0,12
Lean.Meta.Tactic.Grind.Filter,1,19
Lean.Meta.Tactic.Grind.Filter,2,12
Lean.Meta.Tactic.Grind.Filter,3,12
Lean.Meta.Tactic.Grind.Filter,4,12
Lean.Meta.Tactic.Grind.Filter,5,12
Lean.Meta.Tactic.Grind.Filter,6,11
Lean.Elab.Tactic.Grind.ShowState,0,2
Lean.Meta.Tactic.Try.Collect,0,6
Lean.Meta.Tactic.Try.Collect,1,4
Lean.Meta.Tactic.Try.Collect,64,1
Lean.Elab.Parallel,0,1
Lean.Elab.Tactic.Try,0,10
Lean.Elab.Tactic.Try,1,5
Lean.Elab.Tactic.Try,2,3
Lean.Elab.Tactic.Try,3,2
Lean.Elab.Tactic.Try,6,1
Lean.Elab.Tactic.Try,8,4
Lean.Elab.Tactic.Try,10,1
Lean.Elab.Tactic.Try,1000,2
Lean.Elab.Tactic.AsAuxLemma,0,1
Lean.Elab.Tactic.AsAuxLemma,1,1
Lean.Elab.Tactic.AsAuxLemma,2,1
Lean.Elab.Tactic.Show,0,1
Lean.Elab.Tactic.Show,1,1
Lean.Elab.Tactic.Do.ProofMode.MGoal,0,7
Lean.Elab.Tactic.Do.ProofMode.MGoal,1,4
Lean.Elab.Tactic.Do.ProofMode.MGoal,2,2
Lean.Elab.Tactic.Do.ProofMode.MGoal,3,4
Lean.Elab.Tactic.Do.ProofMode.Basic,0,1
Lean.Elab.Tactic.Do.ProofMode.Basic,1,1
Lean.Elab.Tactic.Do.ProofMode.Focus,0,1
Lean.Elab.Tactic.Do.ProofMode.Focus,1,1
Lean.Elab.Tactic.Do.ProofMode.Clear,0,1
Lean.Elab.Tactic.Do.ProofMode.Clear,1,2
Lean.Elab.Tactic.Do.ProofMode.Intro,0,14
Lean.Elab.Tactic.Do.ProofMode.Intro,1,6
Lean.Elab.Tactic.Do.ProofMode.Revert,0,12
Lean.Elab.Tactic.Do.ProofMode.Revert,1,10
Lean.Elab.Tactic.Do.ProofMode.Exact,0,1
Lean.Elab.Tactic.Do.ProofMode.Exact,1,1
Lean.Elab.Tactic.Do.ProofMode.Pure,0,2
Lean.Elab.Tactic.Do.ProofMode.Pure,1,1
Lean.Elab.Tactic.Do.ProofMode.Specialize,0,5
Lean.Elab.Tactic.Do.ProofMode.Specialize,1,4
Lean.Elab.Tactic.Do.ProofMode.Specialize,2,4
Lean.Elab.Tactic.Do.ProofMode.Specialize,3,3
Lean.Elab.Tactic.Do.ProofMode.Specialize,4,3
Lean.Elab.Tactic.Do.ProofMode.Specialize,33,2
Lean.Elab.Tactic.Do.ProofMode.Specialize,36,1
Lean.Elab.Tactic.Do.ProofMode.Specialize,37,1
Lean.Elab.Tactic.Do.ProofMode.Specialize,46,1
Lean.Elab.Tactic.Do.ProofMode.Specialize,74,1
Lean.Elab.Tactic.Do.ProofMode.Specialize,106,1
Lean.Elab.Tactic.Do.ProofMode.Specialize,176,1
Lean.Elab.Tactic.Do.ProofMode.Cases,0,1
Lean.Elab.Tactic.Do.ProofMode.Cases,1,2
Lean.Elab.Tactic.Do.ProofMode.Cases,2,2
Lean.Elab.Tactic.Do.ProofMode.Cases,3,2
Lean.Elab.Tactic.Do.ProofMode.Have,0,5
Lean.Elab.Tactic.Do.ProofMode.Have,1,6
Lean.Elab.Tactic.Do.ProofMode.Have,2,10
Lean.Elab.Tactic.Do.ProofMode.Have,3,7
Lean.Elab.Tactic.Do.ProofMode.Have,4,4
Lean.Elab.Tactic.Do.ProofMode.Refine,0,5
Lean.Elab.Tactic.Do.ProofMode.Refine,1,2
Lean.Elab.Tactic.Do.Attr,0,28
Lean.Elab.Tactic.Do.Attr,1,20
Lean.Elab.Tactic.Do.Attr,2,12
Lean.Elab.Tactic.Do.Attr,3,3
Lean.Elab.Tactic.Do.Attr,1000,3
Lean.Elab.Tactic.Do.LetElim,0,17
Lean.Elab.Tactic.Do.LetElim,1,29
Lean.Elab.Tactic.Do.LetElim,2,10
Lean.Elab.Tactic.Do.LetElim,10,1
Lean.Elab.Tactic.Do.Spec,0,3
Lean.Elab.Tactic.Do.Spec,2,1
Lean.Elab.Tactic.Do.Spec,3,1
Lean.Elab.Tactic.Do.Spec,4,2
Lean.Meta.Match.Rewrite,0,1
Lean.Elab.Tactic.Do.VCGen.Split,0,21
Lean.Elab.Tactic.Do.VCGen.Split,1,24
Lean.Elab.Tactic.Do.VCGen.Split,2,13
Lean.Elab.Tactic.Do.VCGen.Split,3,2
Lean.Elab.Tactic.Do.VCGen.Split,4,2
Lean.Elab.Tactic.Do.VCGen.Basic,0,13
Lean.Elab.Tactic.Do.VCGen.Basic,1,17
Lean.Elab.Tactic.Do.VCGen.Basic,2,1
Lean.Elab.Tactic.Do.VCGen.Basic,1000,5
Lean.Elab.Tactic.Do.VCGen.SuggestInvariant,0,6
Lean.Elab.Tactic.Do.VCGen.SuggestInvariant,1,1
Lean.Elab.Tactic.Do.VCGen.SuggestInvariant,2,1
Lean.Elab.Tactic.Do.VCGen,0,28
Lean.Elab.Tactic.Do.VCGen,1,12
Lean.Elab.Tactic.Do.VCGen,2,4
Lean.Elab.Tactic.Do.VCGen,3,3
Lean.Elab.Tactic.Do.VCGen,4,1
Lean.Elab.Quotation,0,59
Lean.Elab.Quotation,1,47
Lean.Elab.Quotation,2,34
Lean.Elab.Quotation,3,26
Lean.Elab.Quotation,4,4
Lean.Elab.Quotation,5,5
Lean.Elab.Quotation,1022,1
Lean.Elab.StructInstHint,0,7
Lean.Elab.StructInstHint,1,4
Lean.Elab.StructInstHint,2,1
Lean.Elab.StructInstHint,32,1
Lean.Elab.StructInst,0,20
Lean.Elab.StructInst,1,21
Lean.Elab.StructInst,2,14
Lean.Elab.StructInst,3,11
Lean.Elab.StructInst,4,2
Lean.Elab.Structure,0,49
Lean.Elab.Structure,1,49
Lean.Elab.Structure,2,27
Lean.Elab.Structure,3,13
Lean.Elab.Structure,4,11
Lean.Elab.Structure,5,1
Lean.Elab.Structure,1024,14
Lean.Elab.Print,0,3
Lean.Elab.Print,1,4
Lean.Elab.Print,2,3
Lean.Elab.PreDefinition.EqUnfold,33,1
Lean.Elab.PreDefinition.EqUnfold,74,1
Lean.Elab.Deriving.Util,0,36
Lean.Elab.Deriving.Util,1,29
Lean.Elab.Deriving.Inhabited,0,2
Lean.Elab.Deriving.Nonempty,0,1
Lean.Elab.Deriving.Repr,0,5
Lean.Elab.Deriving.Repr,1,1
Lean.Elab.Deriving.FromToJson,0,15
Lean.Elab.Deriving.FromToJson,1,1
Lean.Elab.Deriving.FromToJson,63,2
Lean.Elab.Deriving.SizeOf,0,1
Lean.Elab.Deriving.Hashable,0,2
Lean.Elab.Deriving.Hashable,1,1
Lean.Elab.Extra,0,2
Lean.Elab.Extra,1,7
Lean.Elab.Extra,2,3
Lean.Elab.Extra,3,3
Lean.Elab.Macro,0,29
Lean.Elab.Macro,1,27
Lean.Elab.Macro,2,10
Lean.Elab.Macro,3,9
Lean.Elab.Macro,4,10
Lean.Elab.Macro,5,10
Lean.Elab.Macro,6,12
Lean.Elab.Macro,7,12
Lean.Elab.Macro,8,13
Lean.Elab.Notation,0,50
Lean.Elab.Notation,1,45
Lean.Elab.Notation,2,9
Lean.Elab.Notation,3,9
Lean.Elab.Notation,4,11
Lean.Elab.Notation,5,10
Lean.Elab.Notation,6,12
Lean.Elab.Notation,7,12
Lean.Elab.Notation,8,12
Lean.Elab.Notation,9,12
Lean.Elab.Mixfix,0,52
Lean.Elab.Mixfix,1,48
Lean.Elab.Mixfix,2,17
Lean.Elab.Mixfix,3,22
Lean.Elab.Mixfix,4,27
Lean.Elab.Mixfix,5,27
Lean.Elab.Mixfix,6,37
Lean.Elab.Mixfix,7,37
Lean.Elab.Mixfix,8,37
Lean.Elab.Mixfix,9,37
Lean.Elab.MacroRules,0,50
Lean.Elab.MacroRules,1,34
Lean.Elab.MacroRules,2,14
Lean.Elab.MacroRules,3,13
Lean.Elab.MacroRules,4,9
Lean.Elab.MacroRules,5,12
Lean.Elab.BuiltinCommand,0,47
Lean.Elab.BuiltinCommand,1,52
Lean.Elab.BuiltinCommand,2,35
Lean.Elab.BuiltinCommand,3,22
Lean.Elab.BuiltinCommand,4,4
Lean.Elab.BuiltinCommand,5,6
Lean.Elab.BuiltinEvalCommand,0,5
Lean.Elab.BuiltinEvalCommand,1,5
Lean.Elab.GuardMsgs,0,87
Lean.Elab.GuardMsgs,1,50
Lean.Elab.GuardMsgs,2,29
Lean.Elab.GuardMsgs,3,3
Lean.Elab.GuardMsgs,4,3
Lean.Elab.GuardMsgs,7,4
Lean.Elab.GuardMsgs,10,30
Lean.Elab.GuardMsgs,100,4
Lean.Elab.CheckTactic,0,4
Lean.Elab.CheckTactic,1,4
Lean.Elab.CheckTactic,2,4
Lean.Elab.CheckTactic,3,3
Lean.Elab.CheckTactic,4,1
Lean.Elab.CheckTactic,5,1
Lean.Elab.MatchExpr,0,10
Lean.Elab.MatchExpr,1,12
Lean.Elab.MatchExpr,2,8
Lean.Elab.MatchExpr,3,5
Lean.Elab.MatchExpr,4,2
Lean.Elab.MatchExpr,5,2
Lean.Elab.MatchExpr,6,2
Lean.Elab.MatchExpr,7,2
Lean.Elab.Time,0,1
Lean.Elab.Time,1,1
Lean.Elab.RecommendedSpelling,0,6
Lean.Elab.RecommendedSpelling,1,5
Lean.Elab.RecommendedSpelling,2,4
Lean.Elab.RecommendedSpelling,3,4
Lean.Elab.RecommendedSpelling,4,5
Lean.Elab.RecommendedSpelling,5,5
Lean.Elab.RecommendedSpelling,6,5
Lean.Elab.RecommendedSpelling,7,6
Lean.Elab.RecommendedSpelling,8,6
Lean.Elab.InfoTrees,0,1
Lean.Elab.InfoTrees,1,1
Lean.Elab.InfoTrees,2,1
Lean.Elab.ErrorExplanation,0,24
Lean.Elab.ErrorExplanation,1,13
Lean.Elab.ErrorExplanation,2,18
Lean.Elab.ErrorExplanation,3,20
Lean.Elab.ErrorExplanation,4,10
Lean.Elab.ErrorExplanation,5,1
Lean.Elab.DocString.Builtin.Parsing,34,2
Lean.Elab.DocString.Builtin.Parsing,35,2
Lean.Elab.DocString.Builtin.Parsing,114,2
Lean.Elab.DocString.Builtin.Scopes,0,8
Lean.Elab.DocString.Builtin.Scopes,1,9
Lean.Elab.DocString.Builtin.Postponed,0,20
Lean.Elab.DocString.Builtin.Postponed,1,4
Lean.Elab.DocString.Builtin.Postponed,8,1
Lean.Data.EditDistance,0,6
Lean.Data.EditDistance,1,240
Lean.Elab.DocString.Builtin.Keywords,0,1
Lean.Elab.DocString.Builtin.Keywords,1,1
Lean.Elab.DocString.Builtin.Keywords,2,1
Lean.Elab.DocString.Builtin.Keywords,3,1
Lean.Elab.DocString.Builtin.Keywords,4,1
Lean.Elab.DocString.Builtin.Keywords,5,1
Lean.Elab.DocString.Builtin.Keywords,6,1
Lean.Elab.DocString.Builtin,0,103
Lean.Elab.DocString.Builtin,1,105
Lean.Elab.DocString.Builtin,2,30
Lean.Elab.DocString.Builtin,3,22
Lean.Elab.DocString.Builtin,4,18
Lean.Elab.DocString.Builtin,5,19
Lean.Elab.DocString.Builtin,6,8
Lean.Elab.DocString.Builtin,7,3
Lean.Elab.DocString.Builtin,8,5
Lean.Elab.DocString.Builtin,10,1
Lean.Elab.DocString.Builtin,12,2
Lean.Meta.UnificationHint,0,4
Lean.Meta.UnificationHint,1,4
Lean.Meta.ExprDefEq,0,34
Lean.Meta.ExprDefEq,1,37
Lean.Meta.ExprDefEq,2,12
Lean.Meta.ExprDefEq,3,11
Lean.Meta.ExprDefEq,64,1
Lean.Meta.Tactic.FunInd,0,8
Lean.Meta.Tactic.FunInd,1,16
Lean.Meta.Tactic.Grind.Arith.Types,0,1
Lean.Meta.Tactic.Grind.Arith.Types,1,1
Lean.Meta.Tactic.Grind.Arith.CommRing.Internalize,0,2
Lean.Meta.Tactic.Grind.Arith.Linear.Inv,6,1
Lean.Meta.Tactic.Grind.Arith.Linear.Inv,103,1
Lean.Meta.Tactic.Grind.MBTC,0,4
Lean.Meta.Tactic.Grind.MBTC,1,3
Lean.Meta.Tactic.Grind.Arith.Propagate,0,7
Lean.Meta.Tactic.Grind.Arith.Propagate,1,7
Lean.Meta.Tactic.Grind.Arith.Propagate,2,1
Lean.Meta.Tactic.Grind.Arith.Propagate,6,1
Lean.Meta.Tactic.Grind.Order.Types,0,25
Lean.Meta.Tactic.Grind.Order.Types,1,29
Lean.Meta.Tactic.Grind.Order.Types,2,11
Lean.Meta.Tactic.Grind.Order.OrderM,0,1
Lean.Meta.Tactic.Grind.Order.OrderM,1,1
Lean.Meta.Tactic.Grind.Order.Util,0,6
Lean.Meta.Tactic.Grind.Order.Proof,4,2
Lean.Meta.Tactic.Grind.Order.Proof,175,1
Lean.Meta.Tactic.Grind.Order.Proof,228,1
Lean.Meta.Tactic.Grind.Order.Assert,2,2
Lean.Meta.Tactic.Grind.Order.Assert,86,1
Lean.Meta.Tactic.Grind.Order.Assert,111,1
Lean.Meta.Tactic.Grind.RegisterCommand,1022,1
Lean.Meta.SplitSparseCasesOn,0,3
Lean.Meta.SplitSparseCasesOn,1,2
Lean.Meta.Match.MatchEqs,0,8
Lean.Meta.Match.MatchEqs,1,1
Lean.Meta.Sym.AlphaShareBuilder,0,1
Lean.Meta.Sym.AlphaShareBuilder,2,2
Lean.Meta.Sym.AlphaShareBuilder,24,1
Lean.Meta.Sym.AlphaShareBuilder,25,2
Lean.Meta.Sym.AlphaShareBuilder,27,1
Lean.Meta.Sym.AlphaShareBuilder,31,1
Lean.Meta.Sym.AlphaShareBuilder,34,1
Lean.Meta.Sym.AlphaShareBuilder,42,1
Lean.Meta.Sym.AlphaShareBuilder,74,1
Lean.Meta.Sym.AlphaShareBuilder,148,1
Lean.Meta.Sym.AlphaShareBuilder,152,1
Lean.Meta.Sym.AlphaShareBuilder,156,1
Lean.Meta.Sym.AlphaShareBuilder,160,1
Lean.Meta.Sym.AlphaShareBuilder,167,1
Lean.Meta.Sym.AlphaShareBuilder,174,1
Lean.Meta.Sym.MaxFVar,37,1
Lean.Meta.Sym.MaxFVar,52,1
Lean.Meta.Sym.ReplaceS,0,2
Lean.Meta.Sym.InstantiateS,0,2
Lean.Meta.Sym.InstantiateS,1,1
Lean.Meta.Sym.InstantiateS,20,1
Lean.Meta.Sym.InstantiateS,21,1
Lean.Meta.Sym.InstantiateS,32,1
Lean.Meta.Sym.InstantiateS,34,1
Lean.Meta.Sym.Intro,0,8
Lean.Meta.Sym.Intro,1,9
Lean.Meta.Sym.AbstractS,0,2
Lean.Meta.Sym.AbstractS,1,1
Lean.Meta.Sym.LitValues,0,7
Lean.Meta.Sym.LitValues,1,2
Lean.Meta.Sym.Offset,0,8
Lean.Meta.Sym.Offset,1,9
Lean.Meta.Sym.Pattern,0,3
Lean.Meta.Sym.Pattern,1,2
Lean.Meta.Sym.Pattern,10000000,1
Lean.Meta.Sym.Apply,0,9
Lean.Meta.Sym.Apply,1,10
Lean.Meta.Sym.Simp.SimpM,0,16
Lean.Meta.Sym.Simp.SimpM,1,13
Lean.Meta.Sym.Simp.SimpM,2,3
Lean.Meta.Sym.Simp.SimpM,100000,3
Lean.Meta.Sym.Simp.Result,1,2
Lean.Meta.Sym.Simp.App,0,4
Lean.Meta.Sym.Simp.App,2,1
Lean.Meta.Sym.Simp.App,454,1
Lean.Meta.Sym.Simp.DiscrTree,0,1
Lean.Meta.Sym.Simp.DiscrTree,1,1
Lean.Meta.Sym.Simp.Forall,1,1
Lean.Meta.Sym.Simp.Theorems,0,2
Lean.Meta.Sym.Simp.Theorems,1,2
Lean.Meta.Sym.Simp.Discharger,1,1
Lean.Meta.Sym.Simp.Rewrite,0,2
Lean.Meta.Sym.Simp.Goal,0,12
Lean.Meta.Sym.Simp.Goal,1,15
Lean.Meta.Sym.Simp.Goal,2,13
Lean.Meta.Sym.Simp.Goal,100000,2
Lean.Meta.Sym.Simp.Debug,2,1
Lean.Meta.Sym.Simp.Debug,100000,1
Lean.Meta.Sym.Simp.EvalGround,0,4
Lean.Meta.Sym.Simp.EvalGround,1,2
Lean.Meta.Sym.Simp.EvalGround,255,1
Lean.Meta.Sym.Simp.EvalGround,1022,3
Lean.Meta.Sym.Grind,0,36
Lean.Meta.Sym.Grind,1,42
Lean.Meta.Sym.Grind,2,13
Lean.Meta.Sym.Grind,100000,2
Lean.Util.TestExtern,0,2
Lean.Util.TestExtern,1,1
Lean.Util.TestExtern,1022,1
Lean.Util.Reprove,1,1
Lean.Util.Reprove,3,1
Lean.Util.Reprove,1022,1
Lean.Server.Completion.CompletionUtils,0,11
Lean.Server.Completion.CompletionUtils,1,10
Lean.Data.FuzzyMatching,0,17
Lean.Data.FuzzyMatching,1,29
Lean.Data.FuzzyMatching,2,17
Lean.Data.FuzzyMatching,4,1
Lean.Server.Logging,0,13
Lean.Server.Logging,1,16
Lean.Server.Logging,2,11
Lean.Server.Watchdog,0,77
Lean.Server.Watchdog,1,80
Lean.Server.Watchdog,2,31
Lean.Server.Watchdog,3,18
Lean.Server.Watchdog,4,4
Lean.Server.Watchdog,10,1
Lean.Server.Watchdog,1000,1
Lean.Server.Watchdog,1024,1
Lean.Server.FileWorker.ExampleHover,32,4
Lean.Server.FileWorker.ExampleHover,96,4
Lean.Server.GoTo,0,27
Lean.Server.GoTo,1,23
Lean.Server.GoTo,2,12
Lean.Server.GoTo,3,7
Lean.Server.GoTo,4,7
Lean.Server.GoTo,5,8
Lean.Server.FileWorker.InlayHints,0,10
Lean.Server.FileWorker.InlayHints,1,3
Lean.Server.FileWorker.InlayHints,2,1
Lean.Server.FileWorker.InlayHints,6,1
Lean.Server.FileWorker.InlayHints,87,1
Lean.Server.FileWorker.InlayHints,162,1
Lean.Server.FileWorker.InlayHints,3000,1
Lean.Server.FileWorker.SemanticHighlighting,0,11
Lean.Server.FileWorker.SemanticHighlighting,1,4
Lean.Server.FileWorker.SemanticHighlighting,5,4
Lean.Server.FileWorker.SemanticHighlighting,10,1
Lean.Server.FileWorker.SemanticHighlighting,11,1
Lean.Server.FileWorker.SemanticHighlighting,3000,1
Lean.Server.FileWorker.SignatureHelp,0,20
Lean.Server.FileWorker.SignatureHelp,1,23
Lean.Server.FileWorker.SignatureHelp,2,8
Lean.Server.Completion.CompletionInfoSelection,0,1
Lean.Server.Completion.EligibleHeaderDecls,0,2
Lean.Server.Completion.EligibleHeaderDecls,1,1
Lean.Server.Completion.CompletionCollectors,0,4
Lean.Server.Completion.CompletionCollectors,1,1
Lean.Server.Completion.CompletionItemCompression,0,1
Lean.Server.FileWorker.RequestHandling,0,5
Lean.Server.FileWorker.RequestHandling,1,1
Lean.Server.FileWorker.WidgetRequests,0,25
Lean.Server.FileWorker.WidgetRequests,1,31
Lean.Server.FileWorker.WidgetRequests,2,12
Lean.Server.FileWorker.WidgetRequests,3,12
Lean.Server.FileWorker.WidgetRequests,4,11
Lean.Server.FileWorker.WidgetRequests,8,1
Lean.Server.FileWorker.SetupFile,0,15
Lean.Server.FileWorker.SetupFile,1,18
Lean.Server.FileWorker.SetupFile,2,12
Lean.Server.FileWorker.SetupFile,3,11
Lean.Server.Completion.ImportCompletion,0,51
Lean.Server.Completion.ImportCompletion,1,40
Lean.Server.Completion.ImportCompletion,2,23
Lean.Server.Completion.ImportCompletion,3,8
Lean.Server.Completion.ImportCompletion,4,8
Lean.Server.Completion.ImportCompletion,5,8
Lean.Server.Completion.ImportCompletion,10,8
Lean.Server.Completion.ImportCompletion,32,5
Lean.Server.Completion.ImportCompletion,60,8
Lean.Server.CodeActions.UnknownIdentifier,0,15
Lean.Server.CodeActions.UnknownIdentifier,1,4
Lean.Server.FileWorker,0,43
Lean.Server.FileWorker,1,16
Lean.Server.FileWorker,2,1
Lean.Server.FileWorker,10,1
Lean.Server.FileWorker,200,1
Lean.Server.FileWorker,1000,1
Lean.Server.FileWorker,10000,2
Lean.Server.Test.Cancel,1024,6
Lean.Widget.Commands,0,14
Lean.Widget.Commands,1,12
Lean.Widget.Commands,2,3
Lean.Widget.Commands,3,1
Lean.Widget.Commands,1022,1
Lean.Widget.Commands,1024,1
Lean.Server.Test.Runner,0,73
Lean.Server.Test.Runner,1,85
Lean.Server.Test.Runner,2,26
Lean.Server.Test.Runner,3,23
Lean.Server.Test.Runner,4,11
Lean.Server.Test.Runner,10,17
Lean.Server.Test.Runner,11,1
Lean.Server.Test.Runner,32,10
Lean.Server.Test.Runner,46,1
Lean.Server.Test.Runner,58,5
Lean.Server.Test.Runner,95,1
Lean.Server.Test.Runner,439,1
Lean.Linter.Builtin,0,63
Lean.Linter.Builtin,1,60
Lean.Linter.Builtin,2,24
Lean.Linter.Builtin,3,16
Lean.Linter.Builtin,4,22
Lean.Linter.Builtin,5,9
Lean.Linter.Builtin,6,10
Lean.Linter.ConstructorAsVariable,0,3
Lean.Linter.ConstructorAsVariable,1,1
Lean.Linter.List,0,10
Lean.Linter.UnusedSimpArgs,0,1
Lean.Linter.UnusedSimpArgs,1,1
Lean.Replay,0,3
Lean.Replay,1,2
Lean.LibrarySuggestions.MePo,0,1
Lean.LibrarySuggestions.MePo,1,2
Lean.LibrarySuggestions.MePo,6,1
Lean.LibrarySuggestions.MePo,24,1
Mathlib.Tactic.PPWithUniv,1024,1
Mathlib.Tactic.ExtendDoc,1022,1
Mathlib.Tactic.Basic,0,22
Mathlib.Tactic.Basic,1,11
Mathlib.Tactic.Basic,1022,3
Mathlib.Tactic.Basic,1024,2
Mathlib.Util.AddRelatedDecl,0,3
Mathlib.Util.AddRelatedDecl,1,1
Mathlib.Util.AddRelatedDecl,2,1
Mathlib.Util.AddRelatedDecl,3,2
Mathlib.Util.AddRelatedDecl,4,2
Mathlib.Util.AddRelatedDecl,5,2
Mathlib.Tactic.Simps.NotationClass,0,8
Mathlib.Tactic.Simps.NotationClass,1,8
Mathlib.Tactic.Simps.NotationClass,1022,1
Mathlib.Tactic.Simps.Basic,0,141
Mathlib.Tactic.Simps.Basic,1,44
Mathlib.Tactic.Simps.Basic,2,26
Mathlib.Tactic.Simps.Basic,3,17
Mathlib.Tactic.Simps.Basic,1000,2
Mathlib.Tactic.Simps.Basic,1022,7
Mathlib.Tactic.Eqns,1022,1
Mathlib.Data.String.Defs,32,2
Mathlib.Tactic.Translate.GuessName,0,7
Mathlib.Tactic.Translate.GuessName,1,1
Mathlib.Tactic.Translate.GuessName,39,1
Mathlib.Tactic.Translate.UnfoldBoundary,0,12
Mathlib.Tactic.Translate.UnfoldBoundary,1,10
Mathlib.Tactic.Translate.Core,0,63
Mathlib.Tactic.Translate.Core,1,42
Mathlib.Tactic.Translate.Core,2,20
Mathlib.Tactic.Translate.Core,3,4
Mathlib.Tactic.Translate.ToAdditive,1022,4
Mathlib.Tactic.Translate.ToAdditive,1024,2
Mathlib.Algebra.Notation.Defs,0,5
Mathlib.Algebra.Notation.Defs,1,1
Mathlib.Algebra.Notation.Defs,65,4
Mathlib.Algebra.Notation.Defs,66,2
Mathlib.Data.Int.Notation,1024,1
Mathlib.Data.Nat.BinaryRec,0,127
Mathlib.Data.Nat.BinaryRec,1,52
Mathlib.Data.Nat.BinaryRec,2,16
Mathlib.Tactic.MkIffOfInductiveProp,0,7
Mathlib.Tactic.MkIffOfInductiveProp,1,5
Mathlib.Tactic.MkIffOfInductiveProp,1022,2
Mathlib.Tactic.OfNat,0,1
Mathlib.Tactic.OfNat,1024,1
Mathlib.Data.Nat.Notation,1024,1
Mathlib.Algebra.Group.Defs,0,378
Mathlib.Algebra.Group.Defs,1,300
Mathlib.Algebra.Group.Defs,2,7
Mathlib.Algebra.Group.Defs,3,4
Mathlib.Data.Set.Defs,0,93
Mathlib.Data.Set.Defs,1,96
Mathlib.Data.Set.Defs,2,51
Mathlib.Data.Set.Defs,3,57
Mathlib.Data.Set.Defs,4,33
Mathlib.Data.Set.Defs,5,16
Mathlib.Data.Set.Defs,100,2
Mathlib.Data.Set.Defs,1024,4
Mathlib.Tactic.Translate.ToDual,0,3
Mathlib.Tactic.Translate.ToDual,1022,5
Mathlib.Tactic.Translate.ToDual,1024,2
Mathlib.Order.Defs.Unbundled,0,4
Mathlib.Order.Defs.Unbundled,1,4
Mathlib.Algebra.Group.Semiconj.Defs,0,3
Mathlib.Algebra.Group.Semiconj.Defs,1,3
Mathlib.Algebra.Group.Commute.Defs,0,2
Mathlib.Algebra.Group.Commute.Defs,1,2
Mathlib.Tactic.AdaptationNote,0,6
Mathlib.Tactic.AdaptationNote,1,6
Mathlib.Tactic.AdaptationNote,2,2
Mathlib.Tactic.AdaptationNote,1022,3
Mathlib.Tactic.Attr.Register,0,17
Mathlib.Tactic.Attr.Register,1022,34
Mathlib.Tactic.Attr.Register,1024,1
Mathlib.Logic.Function.Defs,2,2
Mathlib.Logic.Function.Defs,3,1
Mathlib.Logic.Function.Defs,80,2
Mathlib.Logic.Function.Defs,81,1
Mathlib.Logic.ExistsUnique,0,35
Mathlib.Logic.ExistsUnique,1,41
Mathlib.Logic.ExistsUnique,2,21
Mathlib.Logic.ExistsUnique,3,20
Mathlib.Logic.ExistsUnique,4,9
Mathlib.Logic.ExistsUnique,1022,2
Mathlib.Tactic.Push.Attr,0,13
Mathlib.Tactic.Push.Attr,1,15
Mathlib.Tactic.Push.Attr,2,11
Mathlib.Tactic.Push.Attr,1022,1
Mathlib.Logic.Function.Basic,0,1
Mathlib.Logic.Function.Basic,1024,2
Mathlib.Logic.IsEmpty.Defs,0,1
Mathlib.Tactic.Inhabit,0,1
Mathlib.Tactic.Inhabit,1022,1
Mathlib.Logic.Unique,0,1
Mathlib.Logic.Unique,1,4
Mathlib.Util.CompileInductive,0,9
Mathlib.Util.CompileInductive,1,11
Mathlib.Util.CompileInductive,1022,2
Mathlib.Tactic.Core,0,16
Mathlib.Tactic.Core,1,6
Mathlib.Tactic.Core,2,2
Mathlib.Tactic.Core,1022,1
Mathlib.Tactic.SplitIfs,1022,1
Mathlib.Data.FunLike.Basic,0,1
Mathlib.Data.FunLike.Equiv,0,1
Mathlib.Logic.Relator,40,2
Mathlib.Logic.Relator,41,1
Mathlib.Tactic.Use,0,4
Mathlib.Tactic.Use,1,2
Mathlib.Tactic.Use,2,1
Mathlib.Tactic.Use,3,1
Mathlib.Tactic.Use,4,1
Mathlib.Tactic.Use,1022,2
Mathlib.Tactic.Use,1024,1
Mathlib.Tactic.SimpRw,0,3
Mathlib.Tactic.SimpRw,1,5
Mathlib.Tactic.SimpRw,2,3
Mathlib.Tactic.SimpRw,1022,1
Mathlib.Lean.PrettyPrinter.Delaborator,2,1
Mathlib.Util.WithWeakNamespace,0,1
Mathlib.Util.WithWeakNamespace,1022,1
Mathlib.Tactic.ScopedNS,0,1
Mathlib.Tactic.ScopedNS,1022,1
Mathlib.Util.Notation3,0,29
Mathlib.Util.Notation3,1,24
Mathlib.Util.Notation3,2,10
Mathlib.Util.Notation3,3,2
Mathlib.Util.Notation3,4,2
Mathlib.Util.Notation3,1022,2
Mathlib.Util.Notation3,1024,8
Mathlib.Data.Quot,0,1
Mathlib.Data.Quot,1023,1
Mathlib.Tactic.Substs,1022,1
Mathlib.Logic.Equiv.Defs,0,6
Mathlib.Logic.Equiv.Defs,1,5
Mathlib.Logic.Equiv.Defs,2,8
Mathlib.Logic.Equiv.Defs,25,2
Mathlib.Logic.Equiv.Defs,26,1
Aesop.Check,0,1
Aesop.Check,1,1
Aesop.Options.Public,0,9
Aesop.Options.Public,1,15
Aesop.Options.Public,2,10
Aesop.Options.Public,12,3
Aesop.Options.Public,14,2
Aesop.Options.Public,15,1
Aesop.Options.Public,16,1
Aesop.Options.Public,21,3
Aesop.Options.Public,23,2
Aesop.Options.Public,25,1
Aesop.Options.Public,26,1
Aesop.Options.Public,27,1
Aesop.Options.Public,32,1
Aesop.Options.Public,33,1
Aesop.Options.Public,1024,6
Aesop.Options.Internal,0,1
Aesop.Options.Internal,1,1
Aesop.Forward.PremiseIndex,0,2
Aesop.Forward.PremiseIndex,1,1
Aesop.Forward.SlotIndex,0,2
Aesop.Forward.SlotIndex,1,1
Aesop.Forward.LevelIndex,0,2
Aesop.Forward.LevelIndex,1,1
Aesop.Nanos,0,1
Aesop.Nanos,1,2
Aesop.Nanos,9,1
Aesop.Nanos,46,1
Aesop.Nanos,51,1
Aesop.Nanos,1000000,1
Aesop.Util.UnorderedArraySet,0,10
Aesop.Util.Basic,0,13
Aesop.Util.Basic,1,1
Aesop.Forward.Substitution,0,16
Aesop.Forward.Substitution,1,13
Aesop.Forward.Substitution,2,2
Aesop.Forward.Substitution,95,1
Aesop.Forward.Substitution,96,1
Aesop.Rule.Name,0,41
Aesop.Rule.Name,1,56
Aesop.Rule.Name,2,29
Aesop.Rule.Name,3,9
Aesop.Rule.Name,4,9
Aesop.Rule.Name,5,9
Aesop.Rule.Name,6,9
Aesop.Rule.Name,7,8
Aesop.Tracing,0,5
Aesop.Tracing,1,1
Aesop.Tracing,1022,2
Aesop.Stats.Basic,0,41
Aesop.Stats.Basic,1,30
Aesop.RulePattern.Cache,0,1
Aesop.RulePattern.Cache,1,1
Aesop.BaseM,0,1
Aesop.BaseM,1,1
Aesop.RulePattern,0,9
Aesop.RulePattern,1,7
Aesop.Util.UnionFind,0,2
Aesop.Util.UnionFind,1,2
Aesop.Forward.RuleInfo,0,17
Aesop.Forward.RuleInfo,1,6
Aesop.Forward.RuleInfo,2,1
Aesop.Forward.RuleInfo,145,1
Aesop.Percent,0,5
Aesop.Percent,1,8
Aesop.Percent,4,1
Aesop.Percent,5,2
Aesop.Percent,9,1
Aesop.Percent,10,4
Aesop.Percent,46,1
Aesop.Percent,72,1
Aesop.Percent,100,2
Aesop.RuleTac.RuleTerm,0,16
Aesop.RuleTac.RuleTerm,1,18
Aesop.Rule.Forward,0,9
Aesop.Rule.Forward,1,10
Aesop.Forward.Match.Types,0,9
Aesop.Forward.Match.Types,1,3
Aesop.Index.Basic,0,25
Aesop.Index.Basic,1,33
Aesop.Index.Basic,2,24
Aesop.Index.Basic,3,11
Aesop.Index.Basic,4,1
Aesop.Index.Basic,7,1
Aesop.Index.Basic,13,1
Aesop.Index.Basic,17,1
Aesop.RuleTac.FVarIdSubst,0,1
Aesop.RuleTac.FVarIdSubst,1,1
Aesop.RuleTac.GoalDiff,0,2
Aesop.RuleTac.GoalDiff,1,1
Aesop.Script.CtorNames,0,9
Aesop.Script.CtorNames,1,1
Aesop.Util.EqualUpToIds,0,16
Aesop.Util.EqualUpToIds,1,18
Aesop.Util.EqualUpToIds,2,11
Aesop.Script.Tactic,0,2
Aesop.Script.Tactic,1,2
Aesop.Script.GoalWithMVars,0,1
Aesop.Script.GoalWithMVars,1,1
Aesop.Script.TacticState,0,4
Aesop.Script.TacticState,1,1
Aesop.Script.Util,0,2
Aesop.Script.Util,1,2
Aesop.Script.Step,0,30
Aesop.Script.Step,1,6
Aesop.RuleTac.Basic,0,12
Aesop.RuleTac.Basic,1,13
Aesop.RuleTac.Descr,0,12
Aesop.RuleTac.Descr,1,23
Aesop.RuleTac.Descr,2,12
Aesop.RuleTac.Descr,3,12
Aesop.RuleTac.Descr,4,12
Aesop.RuleTac.Descr,5,12
Aesop.RuleTac.Descr,6,12
Aesop.RuleTac.Descr,7,12
Aesop.RuleTac.Descr,8,12
Aesop.RuleTac.Descr,9,12
Aesop.RuleTac.Descr,10,11
Aesop.Rule.Basic,0,1
Aesop.Rule.Basic,1,1
Aesop.Rule,0,22
Aesop.Rule,1,26
Aesop.Rule,1000,1
Aesop.ElabM,0,7
Aesop.ElabM,1,1
Aesop.RuleTac.ElabRuleTerm,0,2
Aesop.RuleTac.ElabRuleTerm,2,1
Aesop.RuleTac.Forward.Basic,0,2
Aesop.RuleTac.Forward.Basic,1,1
Aesop.Util.Tactic.Ext,0,4
Aesop.Util.Tactic.Ext,1,1
Aesop.Util.Unfold,0,3
Aesop.Util.Tactic.Unfold,1022,2
Aesop.Script.SpecificTactics,0,32
Aesop.Script.SpecificTactics,1,23
Aesop.Script.SpecificTactics,2,8
Aesop.Script.SpecificTactics,3,12
Aesop.Script.SpecificTactics,4,12
Aesop.Script.SpecificTactics,5,8
Aesop.Forward.Match,0,9
Aesop.Forward.Match,1,3
Aesop.Forward.Match,2,1
Aesop.Forward.Match,8,1
Aesop.Forward.Match,81,1
Aesop.Forward.Match,190,1
Aesop.Util.OrderedHashSet,0,5
Aesop.Util.OrderedHashSet,1,1
Aesop.Index.RulePattern,0,4
Aesop.Index.RulePattern,1,2
Aesop.Index,0,2
Aesop.Index,1,2
Aesop.Index.Forward,0,2
Aesop.Index.Forward,1,1
Aesop.RuleSet.Filter,0,2
Aesop.RuleSet.Filter,1,2
Aesop.RuleSet.Member,0,28
Aesop.RuleSet.Member,1,37
Aesop.RuleSet.Member,2,12
Aesop.RuleSet.Member,3,12
Aesop.RuleSet.Member,4,12
Aesop.RuleSet.Member,5,12
Aesop.RuleSet.Member,6,11
Aesop.Tree.Data.ForwardRuleMatches,0,6
Aesop.Tree.Data.ForwardRuleMatches,1,4
Aesop.RuleSet,0,57
Aesop.RuleSet,1,9
Aesop.Script.UScript,0,1
Aesop.Script.SScript,0,13
Aesop.Script.SScript,1,15
Aesop.Script.SScript,2,11
Aesop.Script.UScriptToSScript,0,21
Aesop.Script.UScriptToSScript,1,15
Aesop.Script.StructureDynamic,0,5
Aesop.Script.StructureDynamic,1,5
Aesop.Script.StructureStatic,0,6
Aesop.Script.StructureStatic,1,8
Aesop.Script.OptimizeSyntax,0,10
Aesop.Script.OptimizeSyntax,1,6
Aesop.EMap,0,3
Aesop.EMap,1,1
Aesop.Forward.State,0,58
Aesop.Forward.State,1,34
Aesop.Forward.State,2,1
Aesop.Forward.State,4,3
Aesop.Forward.State,6,4
Aesop.Forward.State,8,5
Aesop.Forward.State,183,1
Aesop.Forward.State,285,1
Aesop.Forward.State,313,1
Aesop.Forward.State,325,1
Aesop.Forward.State,349,1
Aesop.Forward.State,676,1
Aesop.Forward.State,680,1
Aesop.Forward.State,683,1
Aesop.Forward.State,821,1
Aesop.Forward.State,857,1
Aesop.Forward.State,868,1
Aesop.Forward.State,908,1
Aesop.RuleTac.Apply,0,1
Aesop.RuleTac.Cases,0,8
Aesop.RuleTac.Cases,1,9
Aesop.RuleTac.Forward,0,8
Aesop.RuleTac.Forward,1,4
Aesop.Search.Expansion.Basic,0,1
Aesop.Search.Expansion.Simp,0,22
Aesop.Search.Expansion.Simp,1,15
Aesop.Search.Expansion.Simp,2,11
Aesop.Constants,1,2
Aesop.Constants,8,1
Aesop.Constants,9,1
Aesop.Tree.UnsafeQueue,0,11
Aesop.Tree.UnsafeQueue,1,11
Aesop.Tree.Data,0,59
Aesop.Tree.Data,1,65
Aesop.Tree.Data,2,37
Aesop.Tree.Data,3,7
Aesop.Tree.Data,1000000000000000,2
Aesop.Search.Queue.Class,0,1
Aesop.Tree.TreeM,0,6
Aesop.Tree.TreeM,1,10
Aesop.Search.SearchM,0,3
Aesop.Search.SearchM,1,3
Aesop.Search.RuleSelection,0,1
Aesop.Tree.Traversal,0,12
Aesop.Tree.Traversal,1,15
Aesop.Tree.Traversal,2,11
Aesop.Tree.State,0,8
Aesop.Search.Expansion.Norm,0,39
Aesop.Search.Expansion.Norm,1,32
Aesop.Search.Expansion.Norm,2,11
Aesop.Tree.AddRapp,0,9
Aesop.Tree.AddRapp,1,3
Aesop.Search.Expansion,0,37
Aesop.Search.Expansion,1,44
Aesop.Search.Expansion,2,23
Aesop.Search.Expansion,3,12
Aesop.Exception,1022,1
Aesop.Search.ExpandSafePrefix,0,2
Aesop.Search.ExpandSafePrefix,1,1
Aesop.Tree.ExtractScript,0,2
Aesop.Tree.ExtractScript,1,1
Aesop.Search.Queue,0,5
Aesop.Search.Queue,1,4
Aesop.Tree.Stats,0,2
Aesop.Tree.Stats,1,1
Aesop.Frontend.Extension.Init,0,1
Aesop.Frontend.Extension.Init,1,1
Aesop.Frontend.Extension,0,1
Aesop.Search.Main,0,7
Aesop.Search.Main,2,1
Aesop.Search.Main,30,1
Aesop.Search.Main,50,1
Aesop.Search.Main,100,1
Aesop.Search.Main,200,1
Aesop.Builder.Basic,0,15
Aesop.Builder.Basic,1,18
Aesop.Builder.Basic,2,11
Aesop.Builder.Cases,0,1
Aesop.Builder.NormSimp,0,2
Aesop.Builder.Tactic,0,1
Aesop.Builder.Tactic,1,2
Aesop.Builder.Forward,0,7
Aesop.Builder.Forward,1,7
Aesop.Builder.Forward,11,1
Aesop.Builder.Forward,145,1
Aesop.Frontend.RuleExpr,0,106
Aesop.Frontend.RuleExpr,1,74
Aesop.Frontend.RuleExpr,2,31
Aesop.Frontend.RuleExpr,3,31
Aesop.Frontend.RuleExpr,4,30
Aesop.Frontend.RuleExpr,5,15
Aesop.Frontend.RuleExpr,6,4
Aesop.Frontend.RuleExpr,1022,13
Aesop.Frontend.RuleExpr,1024,34
Aesop.Frontend.Tactic,0,12
Aesop.Frontend.Tactic,1,3
Aesop.Frontend.Tactic,1022,2
Aesop.Frontend.Tactic,1024,7
Aesop.Stats.Extension,0,1
Aesop.Stats.Extension,1,1
Aesop.Stats.File,0,3
Aesop.Stats.File,1,1
Aesop.Stats.File,100000000000,1
Aesop.Frontend.Attribute,0,8
Aesop.Frontend.Attribute,1,5
Aesop.Frontend.Attribute,2,1
Aesop.Frontend.Attribute,1022,2
Aesop.Frontend.Attribute,1024,3
Aesop.Frontend.Basic,0,3
Aesop.Frontend.Basic,1024,4
Aesop.Stats.Report,0,16
Aesop.Stats.Report,1,7
Aesop.Stats.Report,5,1
Aesop.Stats.Report,30,3
Aesop.Frontend.Command,0,3
Aesop.Frontend.Command,1022,4
Aesop.Frontend.Command,1024,1
Aesop.Saturate,0,1
Aesop.Saturate,1,1
Aesop.Frontend.Saturate,0,15
Aesop.Frontend.Saturate,1,20
Aesop.Frontend.Saturate,2,7
Aesop.Frontend.Saturate,3,8
Aesop.Frontend.Saturate,30,1
Aesop.Frontend.Saturate,50,1
Aesop.Frontend.Saturate,100,1
Aesop.Frontend.Saturate,200,1
Aesop.Frontend.Saturate,1022,4
Aesop.BuiltinRules.DestructProducts,0,1
Aesop.BuiltinRules.Ext,0,2
Aesop.BuiltinRules.Intros,0,3
Mathlib.Algebra.Opposites,0,24
Mathlib.Algebra.Opposites,1,20
Mathlib.Algebra.Opposites,1024,4
Mathlib.Tactic.Spread,0,3
Mathlib.Tactic.Spread,1,1
Mathlib.Tactic.Spread,2,1
Mathlib.Tactic.Spread,3,1
Mathlib.Tactic.Spread,4,1
Mathlib.Tactic.Spread,5,1
Mathlib.Tactic.Spread,1022,1
Mathlib.Logic.Function.Iterate,0,14
Mathlib.Logic.Function.Iterate,1,2
Mathlib.Logic.Function.Iterate,2,1
Mathlib.Logic.Function.Iterate,1024,1
Mathlib.Algebra.Group.Action.Defs,0,29
Mathlib.Algebra.Group.Action.Defs,1,54
Mathlib.Algebra.Group.Action.Faithful,0,2
Mathlib.Algebra.Group.Action.Faithful,1,2
Mathlib.Algebra.Notation.Pi.Defs,0,12
Mathlib.Algebra.Notation.Pi.Defs,1,12
Mathlib.Algebra.Notation.Pi.Basic,0,21
Mathlib.Algebra.Notation.Pi.Basic,1,21
Mathlib.Algebra.Group.Pi.Basic,0,21
Mathlib.Algebra.Group.Pi.Basic,1,21
Mathlib.Data.Prod.Basic,3,2
Mathlib.Data.Ordering.Basic,2,1
Mathlib.Order.Defs.PartialOrder,0,2
Mathlib.Order.Defs.PartialOrder,50,4
Mathlib.Order.Defs.PartialOrder,51,2
Mathlib.Order.Defs.LinearOrder,0,2
Mathlib.Order.Defs.LinearOrder,1,1
Mathlib.Order.Defs.LinearOrder,1024,1
Qq.ForLean.ReduceEval,0,9
Qq.ForLean.ReduceEval,1,36
Qq.ForLean.ReduceEval,2,22
Qq.ForLean.ReduceEval,3,4
Qq.ForLean.ReduceEval,64,4
Qq.Macro,0,37
Qq.Macro,1,30
Qq.Macro,2,15
Qq.Macro,3,1
Qq.Macro,4,2
Qq.Macro,11,2
Qq.Macro,36,2
Qq.Macro,50,1
Qq.Macro,51,1
Qq.Macro,111,1
Qq.Macro,195,1
Qq.Macro,540,1
Qq.Macro,1022,2
Qq.Macro,1024,3
Qq.Delab,1,2
Qq.Delab,2,4
Qq.Delab,4,2
Qq.Delab,1024,1
Qq.MetaM,0,16
Qq.MetaM,1,18
Qq.SortLocalDecls,0,4
Qq.SortLocalDecls,1,2
Qq.MatchImpl,0,1
Qq.MatchImpl,1,1
Qq.Match,0,13
Qq.Match,1,2
Qq.Match,12,1
Qq.Match,209,1
Qq.Match,1022,5
Qq.Match,1024,1
Qq.AssertInstancesCommute,0,3
Qq.AssertInstancesCommute,1022,2
Qq.AssertInstancesCommute,1024,4
Qq.Commands,1022,2
Mathlib.Order.Notation,0,12
Mathlib.Order.Notation,1,4
Mathlib.Order.Notation,2,2
Mathlib.Order.Notation,3,2
Mathlib.Order.Notation,4,2
Mathlib.Order.Notation,60,2
Mathlib.Order.Notation,61,1
Mathlib.Order.Notation,68,2
Mathlib.Order.Notation,69,3
Mathlib.Order.Notation,70,1
Mathlib.Order.Notation,72,2
Mathlib.Order.Notation,1024,4
Mathlib.Lean.Meta.CongrTheorems,0,6
Mathlib.Lean.Meta.CongrTheorems,1,3
Mathlib.Tactic.CongrExclamation,0,6
Mathlib.Tactic.CongrExclamation,1,3
Mathlib.Tactic.CongrExclamation,5,1
Mathlib.Tactic.CongrExclamation,8,1
Mathlib.Tactic.CongrExclamation,1022,1
Mathlib.Tactic.CongrExclamation,1000000,1
Mathlib.Tactic.Convert,0,5
Mathlib.Tactic.Convert,1022,3
Mathlib.Tactic.GCongr.ForwardAttr,0,1
Mathlib.Tactic.GCongr.ForwardAttr,1,1
Mathlib.Tactic.GCongr.Core,0,15
Mathlib.Tactic.GCongr.Core,1,5
Mathlib.Tactic.GCongr.Core,2,2
Mathlib.Tactic.GCongr.Core,7,1
Mathlib.Tactic.GCongr.Core,8,1
Mathlib.Tactic.GCongr.Core,9,1
Mathlib.Tactic.GCongr.Core,1022,2
Mathlib.Tactic.GCongr.Core,1024,2
Mathlib.Tactic.GCongr.Core,1000000,1
Mathlib.Order.Basic,80,2
Mathlib.Order.Basic,81,1
Mathlib.Order.OrderDual,0,1
Mathlib.Order.OrderDual,1024,1
Mathlib.Tactic.Conv,0,11
Mathlib.Tactic.Conv,1,3
Mathlib.Tactic.Conv,2,2
Mathlib.Tactic.Conv,1022,11
Mathlib.Util.AtLocation,0,1
Mathlib.Tactic.Push,0,58
Mathlib.Tactic.Push,1,28
Mathlib.Tactic.Push,2,24
Mathlib.Tactic.Push,3,30
Mathlib.Tactic.Push,4,4
Mathlib.Tactic.Push,1022,10
Mathlib.Tactic.ByCases,0,1
Mathlib.Tactic.ByCases,1022,1
Mathlib.Order.BoundedOrder.Basic,0,3
Mathlib.Data.Bool.Basic,0,9
Mathlib.Data.Bool.Basic,1,3
Mathlib.Logic.Pairwise,0,3
Mathlib.Data.Nat.Init,0,68
Mathlib.Data.Nat.Init,1,164
Mathlib.Data.Nat.Init,2,25
Mathlib.Data.Nat.Basic,0,5
Mathlib.Data.Nat.Basic,1,7
Mathlib.Data.Nat.Basic,2,1
Mathlib.Data.Int.Order.Basic,0,18
Mathlib.Tactic.FBinop,0,1
Mathlib.Tactic.FBinop,1,1
Mathlib.Tactic.FBinop,1024,3
Mathlib.Data.SProd,0,1
Mathlib.Data.SProd,82,2
Mathlib.Data.SProd,83,1
Mathlib.Data.Set.Operations,80,4
Mathlib.Data.Set.Operations,81,2
Mathlib.Tactic.Coe,1024,3
Mathlib.Tactic.Choose,0,21
Mathlib.Tactic.Choose,1,18
Mathlib.Tactic.Choose,2,5
Mathlib.Tactic.Choose,1022,2
Mathlib.Tactic.Contrapose,1022,2
Mathlib.Order.Monotone.Basic,0,4
Mathlib.Order.Monotone.Basic,1,24
Mathlib.Order.Monotone.Basic,2,1
Mathlib.Order.Lattice,0,4
Mathlib.Tactic.Lift,0,4
Mathlib.Tactic.Lift,1022,1
Mathlib.Tactic.Simproc.ExistsAndEq,0,43
Mathlib.Tactic.Simproc.ExistsAndEq,1,10
Mathlib.Tactic.Simproc.ExistsAndEq,39,1
Mathlib.Tactic.Simproc.ExistsAndEq,423,1
Mathlib.Data.Set.Insert,0,2
Mathlib.Data.Set.Insert,1,1
Mathlib.Tactic.ByContra,0,1
Mathlib.Tactic.ByContra,1022,1
Mathlib.Order.GaloisConnection.Defs,0,2
Mathlib.Order.GaloisConnection.Defs,1,2
Mathlib.Order.Heyting.Basic,0,5
Mathlib.Order.BooleanAlgebra.Defs,0,2
Mathlib.Tactic.GRewrite.Core,0,4
Mathlib.Tactic.GRewrite.Core,1,2
Mathlib.Tactic.GRewrite.Core,2,2
Mathlib.Tactic.GRewrite.Core,3,2
Mathlib.Tactic.GRewrite.Core,1000000,1
Mathlib.Tactic.GRewrite.Elab,0,1
Mathlib.Tactic.GRewrite.Elab,1,1
Mathlib.Tactic.GRewrite.Elab,2,1
Mathlib.Tactic.GRewrite.Elab,3,1
Mathlib.Tactic.GRewrite.Elab,1022,6
Mathlib.Tactic.CasesM,0,4
Mathlib.Tactic.CasesM,1022,5
Mathlib.Tactic.Tauto,0,2
Mathlib.Tactic.Tauto,1,4
Mathlib.Tactic.Tauto,1022,1
Mathlib.Control.EquivFunctor,0,1
Mathlib.Logic.Equiv.Basic,0,10
Mathlib.Logic.Equiv.Basic,1,10
Mathlib.Order.SymmDiff,100,4
Mathlib.Order.SymmDiff,101,2
Mathlib.Data.Set.Image,0,1
Mathlib.Algebra.Group.Hom.Defs,0,116
Mathlib.Algebra.Group.Hom.Defs,1,122
Mathlib.Algebra.Group.Hom.Defs,25,8
Mathlib.Algebra.Group.Hom.Defs,26,4
Mathlib.Algebra.Group.Equiv.Defs,0,16
Mathlib.Algebra.Group.Equiv.Defs,1,16
Mathlib.Algebra.Group.Equiv.Defs,25,4
Mathlib.Algebra.Group.Equiv.Defs,26,2
Mathlib.Data.Int.Init,0,43
Mathlib.Data.Int.Init,1,41
Mathlib.Data.Int.Init,2,4
Mathlib.Algebra.Group.Basic,0,98
Mathlib.Algebra.Group.Basic,1,120
Mathlib.Algebra.Group.Hom.Basic,0,4
Mathlib.Algebra.Group.Hom.Basic,1,4
Mathlib.Algebra.Group.Torsion,0,44
Mathlib.Algebra.Group.Torsion,1,20
Mathlib.Algebra.Group.Torsion,2,2
Mathlib.Algebra.Group.TypeTags.Basic,0,9
Mathlib.Algebra.Group.TypeTags.Basic,1,9
Mathlib.Algebra.Notation.Prod,0,19
Mathlib.Algebra.Notation.Prod,1,19
Mathlib.Algebra.Group.Equiv.TypeTags,0,4
Mathlib.Algebra.Group.Equiv.TypeTags,1,4
Mathlib.Algebra.Group.InjSurj,0,120
Mathlib.Algebra.Group.InjSurj,1,120
Mathlib.Algebra.Group.Units.Defs,0,93
Mathlib.Algebra.Group.Units.Defs,1,106
Mathlib.Algebra.Group.Units.Defs,70,2
Mathlib.Algebra.Group.Units.Defs,71,1
Mathlib.Algebra.Group.Units.Defs,1024,2
Mathlib.Tactic.Subsingleton,0,4
Mathlib.Tactic.Subsingleton,1,5
Mathlib.Tactic.Subsingleton,1022,1
Mathlib.Algebra.Group.Units.Basic,0,63
Mathlib.Algebra.Group.Units.Basic,1,66
Mathlib.Algebra.Group.Units.Hom,0,6
Mathlib.Algebra.Group.Units.Hom,1,6
Mathlib.Tactic.TermCongr,0,19
Mathlib.Tactic.TermCongr,1,17
Mathlib.Tactic.TermCongr,2,6
Mathlib.Tactic.TermCongr,23,1
Mathlib.Tactic.TermCongr,728,1
Mathlib.Tactic.TermCongr,1022,1
Mathlib.Tactic.TermCongr,1024,1
Mathlib.Algebra.Group.Prod,0,22
Mathlib.Algebra.Group.Prod,1,16
Mathlib.Algebra.Group.Units.Equiv,1,60
Plausible.Random,0,25
Plausible.Random,1,2
Plausible.Random,2,7
Plausible.Gen,0,38
Plausible.Gen,1,17
Plausible.Gen,2,1
Plausible.Gen,10,1
Plausible.Gen,1024,2
Plausible.Arbitrary,0,42
Plausible.Arbitrary,2,4
Plausible.Arbitrary,3,1
Plausible.Sampleable,0,7
Plausible.Sampleable,2,1
Plausible.Sampleable,1022,1
Plausible.Testable,0,22
Plausible.Testable,1,22
Plausible.Testable,2,11
Plausible.Testable,10,7
Plausible.Testable,100,14
Plausible.Testable,1022,1
Plausible.Testable,1024,1
Plausible.Functions,0,2
Plausible.Functions,1,2
Plausible.Tactic,1022,1
Plausible.ArbitraryFueled,0,1
ImportGraph.Tools.FindHome,0,3
ImportGraph.Tools.FindHome,1,1
ImportGraph.Tools.FindHome,1022,1
ImportGraph.Tools.ImportDiff,1022,1
ImportGraph.Tools.MinImports,0,1
ImportGraph.Tools.MinImports,1024,2
ImportGraph.Tools.RedundantImports,1024,1
LeanSearchClient.Syntax,0,34
LeanSearchClient.Syntax,1,32
LeanSearchClient.Syntax,6,2
LeanSearchClient.Syntax,8,1
LeanSearchClient.Syntax,9,2
LeanSearchClient.Syntax,12,1
LeanSearchClient.Syntax,14,1
LeanSearchClient.Syntax,80,1
LeanSearchClient.Syntax,1022,7
LeanSearchClient.LoogleSyntax,0,27
LeanSearchClient.LoogleSyntax,1,23
LeanSearchClient.LoogleSyntax,2,14
LeanSearchClient.LoogleSyntax,6,4
LeanSearchClient.LoogleSyntax,8,3
LeanSearchClient.LoogleSyntax,1022,4
LeanSearchClient.LoogleSyntax,1024,7
Mathlib.Tactic.ApplyCongr,0,1
Mathlib.Tactic.ApplyCongr,1022,1
Mathlib.Lean.Meta.Basic,0,2
Mathlib.Lean.Meta.Basic,1,6
Mathlib.Lean.Meta.Basic,2,1
Mathlib.Tactic.ApplyAt,0,1
Mathlib.Tactic.ApplyAt,1022,1
Mathlib.Tactic.ApplyWith,0,4
Mathlib.Tactic.ApplyWith,1,1
Mathlib.Tactic.ApplyWith,2,1
Mathlib.Tactic.ApplyWith,3,1
Mathlib.Tactic.ApplyWith,4,1
Mathlib.Tactic.ApplyWith,1022,1
Mathlib.Tactic.Check,0,3
Mathlib.Tactic.Check,1022,1
Mathlib.Tactic.ClearExclamation,1022,1
Mathlib.Tactic.ClearExcept,1022,1
Mathlib.Tactic.Clear_,1024,1
Mathlib.Tactic.CongrM,0,1
Mathlib.Tactic.CongrM,1022,1
Mathlib.Tactic.Constructor,1024,2
Mathlib.Tactic.DefEqTransformations,0,6
Mathlib.Tactic.DefEqTransformations,1,2
Mathlib.Tactic.DefEqTransformations,1022,9
Mathlib.Tactic.DefEqTransformations,1024,7
Mathlib.Tactic.DeprecateTo,0,8
Mathlib.Tactic.DeprecateTo,1,11
Mathlib.Tactic.DeprecateTo,2,6
Mathlib.Tactic.DeprecateTo,3,6
Mathlib.Tactic.DeprecateTo,1022,1
Mathlib.Tactic.DepRewrite,0,23
Mathlib.Tactic.DepRewrite,1,20
Mathlib.Tactic.DepRewrite,2,5
Mathlib.Tactic.DepRewrite,3,5
Mathlib.Tactic.DepRewrite,4,1
Mathlib.Tactic.DepRewrite,6,2
Mathlib.Tactic.DepRewrite,1022,4
Mathlib.Tactic.ErwQuestion,1022,1
Mathlib.Tactic.ExistsI,0,1
Mathlib.Tactic.ExistsI,1022,1
Mathlib.Tactic.FailIfNoProgress,1022,1
Mathlib.Tactic.Find,0,3
Mathlib.Tactic.Find,1,1
Mathlib.Tactic.Find,20,2
Mathlib.Tactic.Find,1022,2
Mathlib.Tactic.Find,1024,1
Mathlib.Tactic.FunProp.Decl,0,7
Mathlib.Tactic.FunProp.Decl,1,4
Mathlib.Tactic.FunProp.Mor,0,3
Mathlib.Tactic.FunProp.Mor,1,3
Mathlib.Tactic.FunProp.ToBatteries,0,9
Mathlib.Tactic.FunProp.ToBatteries,1,8
Mathlib.Tactic.FunProp.FunctionData,0,36
Mathlib.Tactic.FunProp.FunctionData,1,34
Mathlib.Tactic.FunProp.FunctionData,2,19
Mathlib.Tactic.FunProp.FunctionData,3,7
Mathlib.Tactic.FunProp.FunctionData,49,1
Mathlib.Tactic.FunProp.FunctionData,58,1
Mathlib.Tactic.FunProp.FunctionData,89,1
Mathlib.Tactic.FunProp.FunctionData,90,1
Mathlib.Lean.Meta.RefinedDiscrTree.Basic,0,28
Mathlib.Lean.Meta.RefinedDiscrTree.Basic,1,39
Mathlib.Lean.Meta.RefinedDiscrTree.Basic,2,18
Mathlib.Lean.Meta.RefinedDiscrTree.Basic,3,13
Mathlib.Lean.Meta.RefinedDiscrTree.Basic,4,13
Mathlib.Lean.Meta.RefinedDiscrTree.Basic,5,13
Mathlib.Lean.Meta.RefinedDiscrTree.Basic,6,13
Mathlib.Lean.Meta.RefinedDiscrTree.Basic,7,13
Mathlib.Lean.Meta.RefinedDiscrTree.Basic,8,13
Mathlib.Lean.Meta.RefinedDiscrTree.Basic,9,12
Mathlib.Lean.Meta.RefinedDiscrTree.Basic,10,11
Mathlib.Lean.Meta.RefinedDiscrTree.Basic,1848,2
Mathlib.Tactic.FunProp.Types,0,16
Mathlib.Tactic.FunProp.Types,1,18
Mathlib.Lean.Meta.RefinedDiscrTree.Initialize,0,8
Mathlib.Lean.Meta.RefinedDiscrTree.Initialize,1,2
Mathlib.Lean.Meta.RefinedDiscrTree.Lookup,0,3
Mathlib.Lean.Meta.RefinedDiscrTree.Lookup,1,1
Mathlib.Tactic.FunProp.Theorems,0,48
Mathlib.Tactic.FunProp.Theorems,1,75
Mathlib.Tactic.FunProp.Theorems,2,46
Mathlib.Tactic.FunProp.Theorems,3,33
Mathlib.Tactic.FunProp.Theorems,4,20
Mathlib.Tactic.FunProp.Theorems,1000,2
Mathlib.Tactic.FunProp.Theorems,1024,24
Mathlib.Tactic.FunProp.Core,0,34
Mathlib.Tactic.FunProp.Core,1,6
Mathlib.Tactic.FunProp.Core,2,1
Mathlib.Tactic.FunProp.Core,1000,1
Mathlib.Tactic.FunProp.Elab,0,6
Mathlib.Tactic.FunProp.Elab,1,9
Mathlib.Tactic.FunProp.Elab,2,5
Mathlib.Tactic.FunProp.Elab,3,7
Mathlib.Tactic.FunProp.Elab,4,1
Mathlib.Tactic.FunProp.Elab,1022,2
Mathlib.Tactic.FunProp.Elab,100000,3
Mathlib.Tactic.Hint,0,6
Mathlib.Tactic.Hint,1,2
Mathlib.Tactic.Hint,1022,1
Mathlib.Tactic.Hint,1024,1
Mathlib.Tactic.GuardGoalNums,1022,1
Mathlib.Tactic.GuardHypNums,1022,1
Mathlib.Tactic.HigherOrder,0,11
Mathlib.Tactic.HigherOrder,1,4
Mathlib.Tactic.HigherOrder,1000,2
Mathlib.Tactic.HigherOrder,1022,1
Mathlib.Tactic.InferParam,1024,1
Mathlib.Util.TermReduce,0,8
Mathlib.Util.TermReduce,1,4
Mathlib.Util.TermReduce,1022,4
Mathlib.Tactic.IrreducibleDef,1022,1
Mathlib.Tactic.Linter.DeprecatedModule,1024,2
Mathlib.Tactic.Linter.MinImports,1024,2
Mathlib.Tactic.NthRewrite,1022,2
Mathlib.Tactic.Observe,0,5
Mathlib.Tactic.Observe,1022,3
Mathlib.Tactic.RSuffices,0,2
Mathlib.Tactic.RSuffices,1022,1
Mathlib.Tactic.Recover,1022,1
Mathlib.Tactic.Rename,0,1
Mathlib.Tactic.Rename,1022,1
Mathlib.Tactic.RenameBVar,1022,1
Mathlib.Tactic.Says,0,2
Mathlib.Tactic.Says,1022,1
Mathlib.Tactic.Set,0,2
Mathlib.Tactic.Set,1022,2
Mathlib.Tactic.SimpIntro,1022,1
Mathlib.Tactic.SuccessIfFailWithMsg,1022,1
Mathlib.Tactic.SuccessIfFailWithMsg,1024,1
Mathlib.Tactic.SudoSetOption,0,3
Mathlib.Tactic.SudoSetOption,1022,2
Mathlib.Tactic.SwapVar,1022,1
Mathlib.Tactic.ToFun,1022,1
Mathlib.Tactic.Trace,0,1
Mathlib.Tactic.Trace,1022,1
Mathlib.Tactic.TypeCheck,0,1
Mathlib.Tactic.TypeCheck,1022,1
Mathlib.Tactic.UnsetOption,1022,1
Mathlib.Tactic.Variable,0,12
Mathlib.Tactic.Variable,1,11
Mathlib.Tactic.Variable,2,20
Mathlib.Tactic.Variable,3,8
Mathlib.Tactic.Variable,4,2
Mathlib.Tactic.Variable,1022,1
Mathlib.Tactic.Widget.SelectInsertParamsClass,0,2
ProofWidgets.Compat,0,3
ProofWidgets.Compat,1,1
ProofWidgets.Component.Basic,0,5
ProofWidgets.Component.Basic,1,5
ProofWidgets.Component.MakeEditLink,0,8
ProofWidgets.Component.MakeEditLink,1,2
ProofWidgets.Component.MakeEditLink,10,2
ProofWidgets.Util,0,11
ProofWidgets.Util,1,2
ProofWidgets.Data.Html,0,54
ProofWidgets.Data.Html,1,30
ProofWidgets.Data.Html,2,19
ProofWidgets.Data.Html,1022,6
ProofWidgets.Data.Html,1024,13
Mathlib.Tactic.Widget.SelectPanelUtils,0,8
Mathlib.Tactic.Widget.SelectPanelUtils,1,5
ProofWidgets.Cancellable,0,9
ProofWidgets.Cancellable,1,11
ProofWidgets.Component.OfRpcMethod,0,1
ProofWidgets.Component.OfRpcMethod,1022,1
Mathlib.Tactic.Widget.Calc,0,7
Mathlib.Tactic.Widget.Calc,1,4
Mathlib.Tactic.Widget.Calc,2,1
Mathlib.Tactic.Widget.Calc,32,1
Mathlib.Tactic.Widget.Calc,63,5
Mathlib.Tactic.Widget.Calc,1024,1
Mathlib.Tactic.Widget.CongrM,0,6
Mathlib.Tactic.Widget.CongrM,1,1
Mathlib.Tactic.Widget.CongrM,2,1
Mathlib.Tactic.Widget.CongrM,1024,1
Mathlib.Tactic.Widget.Conv,0,1
Mathlib.Tactic.Widget.Conv,100,1
Mathlib.Tactic.Widget.Conv,1024,1
Mathlib.Lean.Meta.RefinedDiscrTree,128,2
Mathlib.Lean.Meta.RefinedDiscrTree,1000,2
Mathlib.Lean.Meta.KAbstractPositions,1,3
Mathlib.Lean.Meta.KAbstractPositions,2,1
Mathlib.Lean.Meta.KAbstractPositions,39,1
Mathlib.Lean.Meta.KAbstractPositions,78,1
Mathlib.Lean.Meta.KAbstractPositions,3552,1
Mathlib.Tactic.Widget.InteractiveUnfold,0,7
Mathlib.Tactic.Widget.InteractiveUnfold,1,1
Mathlib.Tactic.Widget.InteractiveUnfold,100,1
Mathlib.Tactic.Widget.InteractiveUnfold,1022,1
Mathlib.Tactic.Widget.InteractiveUnfold,1024,1
ProofWidgets.Component.FilterDetails,0,1
ProofWidgets.Component.FilterDetails,1,1
Mathlib.Tactic.Widget.LibraryRewrite,0,33
Mathlib.Tactic.Widget.LibraryRewrite,1,17
Mathlib.Tactic.Widget.LibraryRewrite,2,9
Mathlib.Tactic.Widget.LibraryRewrite,256,1
Mathlib.Tactic.Widget.LibraryRewrite,1022,1
Mathlib.Tactic.Widget.LibraryRewrite,1024,1
Mathlib.Tactic.Widget.LibraryRewrite,5000,1
Mathlib.Tactic.WLOG,0,7
Mathlib.Tactic.WLOG,1,1
Mathlib.Tactic.WLOG,1022,2
Mathlib.Util.CountHeartbeats,0,9
Mathlib.Util.CountHeartbeats,2,1
Mathlib.Util.CountHeartbeats,10,1
Mathlib.Util.CountHeartbeats,1000,4
Mathlib.Util.CountHeartbeats,1022,6
Mathlib.Util.PrintSorries,0,3
Mathlib.Util.PrintSorries,1,1
Mathlib.Util.PrintSorries,1022,2
Mathlib.Util.TransImports,1022,1
Mathlib.Util.WhatsNew,0,1
Mathlib.Util.WhatsNew,1022,1
Mathlib.Algebra.Group.End,0,2
Mathlib.Algebra.Group.End,1,46
Mathlib.Algebra.Group.Action.Opposite,73,4
Mathlib.Algebra.Group.Action.Opposite,74,6
Mathlib.Algebra.Group.Action.Opposite,75,2
Mathlib.Algebra.GroupWithZero.Defs,0,547
Mathlib.Algebra.GroupWithZero.Defs,1,64
Mathlib.Algebra.GroupWithZero.Defs,2,1
Mathlib.Algebra.NeZero,0,14
Mathlib.Algebra.NeZero,1,10
Mathlib.Algebra.NeZero,2,6
Mathlib.Algebra.NeZero,3,6
Mathlib.Algebra.NeZero,4,6
Mathlib.Algebra.GroupWithZero.NeZero,0,5
Mathlib.Algebra.GroupWithZero.NeZero,1,4
Mathlib.Algebra.GroupWithZero.Basic,0,144
Mathlib.Algebra.GroupWithZero.Basic,1,30
Mathlib.Algebra.GroupWithZero.Basic,2,2
Mathlib.Algebra.GroupWithZero.Hom,0,28
Mathlib.Algebra.GroupWithZero.Hom,1,64
Mathlib.Algebra.GroupWithZero.Hom,25,2
Mathlib.Algebra.GroupWithZero.Hom,26,1
Mathlib.Algebra.GroupWithZero.InjSurj,0,68
Mathlib.Algebra.GroupWithZero.InjSurj,1,44
Mathlib.Algebra.GroupWithZero.Action.Defs,0,181
Mathlib.Algebra.GroupWithZero.Action.Defs,1,2
Mathlib.Data.Nat.Cast.Defs,0,51
Mathlib.Data.Nat.Cast.Defs,1,64
Mathlib.Data.Nat.Cast.Defs,2,26
Mathlib.Data.Nat.Cast.Defs,3,4
Mathlib.Data.Nat.Cast.Defs,4,4
Mathlib.Data.Int.Cast.Defs,0,77
Mathlib.Data.Int.Cast.Defs,1,61
Mathlib.Tactic.StacksAttribute,0,14
Mathlib.Tactic.StacksAttribute,1,11
Mathlib.Tactic.StacksAttribute,4,2
Mathlib.Tactic.StacksAttribute,1022,3
Mathlib.Tactic.StacksAttribute,1024,4
Mathlib.Algebra.Ring.Defs,0,299
Mathlib.Algebra.Ring.Defs,1,253
Mathlib.Algebra.Ring.Defs,2,15
Mathlib.Algebra.Module.Defs,0,33
Mathlib.Algebra.Module.Defs,1,5
Mathlib.Algebra.Module.Defs,2,1
Mathlib.Algebra.CharZero.Defs,0,10
Mathlib.Algebra.CharZero.Defs,1,8
Mathlib.Algebra.Group.Int.Defs,0,1
Mathlib.Algebra.Group.Int.Defs,1,2
Mathlib.Data.Int.Basic,0,3
Mathlib.Data.Int.Basic,1,7
Mathlib.Data.Int.Cast.Basic,0,3
Mathlib.Data.Int.Cast.Basic,1,6
Mathlib.Data.Int.Cast.Basic,2,2
Mathlib.Data.Int.Cast.Basic,3,2
Mathlib.Data.Int.Cast.Basic,4,2
Mathlib.Algebra.Group.Even,0,1
Mathlib.Algebra.Group.Even,1,1
Mathlib.Algebra.Group.Even,2,6
Mathlib.Algebra.Group.Nat.Defs,1,1
Mathlib.Data.Nat.Sqrt,0,7
Mathlib.Data.Nat.Sqrt,1,28
Mathlib.Data.Nat.Sqrt,2,23
Mathlib.Data.Nat.Sqrt,3,1
Mathlib.Algebra.Group.Nat.Even,0,9
Mathlib.Algebra.Group.Nat.Even,1,14
Mathlib.Algebra.Group.Nat.Even,2,18
Mathlib.Data.Int.Sqrt,0,1
Mathlib.Algebra.Group.Int.Even,0,8
Mathlib.Algebra.Group.Int.Even,1,10
Mathlib.Algebra.Group.Int.Even,2,17
Mathlib.Algebra.Divisibility.Basic,0,3
Mathlib.Algebra.Divisibility.Basic,1,1
Mathlib.Algebra.Group.Nat.Hom,1,17
Mathlib.Tactic.FastInstance,0,2
Mathlib.Tactic.FastInstance,1,1
Mathlib.Tactic.FastInstance,1022,1
Mathlib.Algebra.Group.Hom.Instances,0,4
Mathlib.Algebra.Group.Hom.Instances,1,4
Mathlib.Util.AtomM,0,4
Mathlib.Util.AtomM,1,4
Mathlib.Tactic.TFAE,0,94
Mathlib.Tactic.TFAE,1,18
Mathlib.Tactic.TFAE,2,8
Mathlib.Tactic.TFAE,26,8
Mathlib.Tactic.TFAE,28,4
Mathlib.Tactic.TFAE,31,8
Mathlib.Tactic.TFAE,33,4
Mathlib.Tactic.TFAE,34,1
Mathlib.Tactic.TFAE,237,1
Mathlib.Tactic.TFAE,275,4
Mathlib.Tactic.TFAE,276,4
Mathlib.Tactic.TFAE,282,4
Mathlib.Tactic.TFAE,671,2
Mathlib.Tactic.TFAE,679,2
Mathlib.Tactic.TFAE,762,2
Mathlib.Tactic.TFAE,1022,2
Mathlib.Tactic.TFAE,1024,1
Mathlib.Tactic.TFAE,1908854728,6
Mathlib.Algebra.Ring.Basic,0,10
Mathlib.Algebra.Ring.Basic,1,9
Mathlib.Algebra.Ring.Hom.Defs,0,125
Mathlib.Algebra.Ring.Hom.Defs,1,24
Mathlib.Algebra.Ring.Hom.Defs,2,4
Mathlib.Algebra.Ring.Hom.Defs,25,4
Mathlib.Algebra.Ring.Hom.Defs,26,2
Mathlib.Data.Nat.Cast.Basic,0,3
Mathlib.Data.Nat.Cast.Basic,1,6
Mathlib.Tactic.Nontriviality.Core,0,1
Mathlib.Tactic.Nontriviality.Core,1,2
Mathlib.Tactic.Nontriviality.Core,2,1
Mathlib.Tactic.Nontriviality.Core,6,1
Mathlib.Tactic.Nontriviality.Core,41,1
Mathlib.Tactic.Nontriviality.Core,120,1
Mathlib.Tactic.Nontriviality.Core,1022,1
Mathlib.Algebra.GroupWithZero.Units.Basic,0,153
Mathlib.Algebra.GroupWithZero.Units.Basic,1,27
Mathlib.Algebra.GroupWithZero.Semiconj,0,3
Mathlib.Algebra.Group.Commute.Units,0,35
Mathlib.Algebra.Group.Commute.Units,1,21
Mathlib.Algebra.GroupWithZero.Commute,0,2
Mathlib.Algebra.Ring.Semiconj,1,3
Mathlib.Algebra.Ring.InjSurj,0,144
Mathlib.Algebra.Ring.InjSurj,1,80
Mathlib.Algebra.Ring.Units,1,8
Mathlib.Data.Bracket,0,3
Mathlib.Data.Bracket,1024,1
Mathlib.Algebra.Ring.Commute,0,6
Mathlib.Algebra.Ring.Commute,1,30
Mathlib.Algebra.Ring.Commute,2,47
Mathlib.Algebra.Ring.Parity,0,13
Mathlib.Algebra.Ring.Parity,1,63
Mathlib.Algebra.Ring.Parity,2,53
Mathlib.Data.Int.Cast.Lemmas,0,5
Mathlib.Data.Int.Cast.Lemmas,1,39
Mathlib.Algebra.Module.NatInt,1,4
Mathlib.Algebra.Order.Monoid.Unbundled.Basic,0,168
Mathlib.Algebra.Order.Monoid.Unbundled.Basic,1,168
Mathlib.Algebra.Order.Sub.Defs,0,3
Mathlib.Algebra.Order.Group.Unbundled.Basic,0,85
Mathlib.Algebra.Order.Group.Unbundled.Basic,1,72
Mathlib.Algebra.Order.Monoid.Defs,0,8
Mathlib.Algebra.Order.Monoid.Defs,1,8
Mathlib.Algebra.Order.Group.Defs,0,12
Mathlib.Algebra.Order.Group.Defs,1,12
Mathlib.Logic.Embedding.Basic,0,1
Mathlib.Logic.Embedding.Basic,1,1
Mathlib.Logic.Embedding.Basic,25,2
Mathlib.Logic.Embedding.Basic,26,1
Mathlib.Order.RelIso.Basic,0,3
Mathlib.Order.RelIso.Basic,1,3
Mathlib.Order.RelIso.Basic,25,6
Mathlib.Order.RelIso.Basic,26,3
Mathlib.Tactic.Monotonicity.Attr,1022,1
Mathlib.Order.Hom.Basic,0,1
Mathlib.Order.Hom.Basic,1,1
Mathlib.Order.Hom.Basic,25,6
Mathlib.Order.Hom.Basic,26,3
Mathlib.Algebra.Order.Group.Lattice,0,2
Mathlib.Algebra.Order.Group.Lattice,1,2
Mathlib.Algebra.Order.Group.Lattice,2,2
Mathlib.Algebra.Order.Group.Unbundled.Abs,0,42
Mathlib.Algebra.Order.Group.Unbundled.Abs,1,40
Mathlib.Algebra.Order.Group.Unbundled.Abs,2,16
Mathlib.Algebra.Order.Group.Unbundled.Abs,3,12
Mathlib.Algebra.Order.Group.Unbundled.Abs,1024,2
Mathlib.Algebra.Order.Group.Synonym,0,24
Mathlib.Algebra.Order.Group.Synonym,1,24
Mathlib.Algebra.Order.Monoid.Unbundled.Pow,0,84
Mathlib.Algebra.Order.Monoid.Unbundled.Pow,1,49
Mathlib.Algebra.Order.Monoid.Unbundled.Pow,2,10
Mathlib.Algebra.Order.Group.Abs,0,24
Mathlib.Algebra.Order.Group.Abs,1,24
Mathlib.Algebra.Order.Group.Unbundled.Int,0,13
Mathlib.Algebra.Order.Group.Unbundled.Int,1,9
Mathlib.Algebra.Order.Group.Unbundled.Int,2,4
Mathlib.Algebra.Order.GroupWithZero.Unbundled.Defs,0,234
Mathlib.Algebra.Order.ZeroLEOne,0,18
Mathlib.Algebra.Order.ZeroLEOne,1,22
Mathlib.Tactic.Bound.Attribute,0,6
Mathlib.Tactic.Bound.Attribute,1,1
Mathlib.Tactic.Bound.Attribute,10,1
Mathlib.Tactic.Bound.Attribute,1024,1
Mathlib.Algebra.Order.GroupWithZero.Unbundled.Basic,0,447
Mathlib.Algebra.Order.GroupWithZero.Unbundled.Basic,1,194
Mathlib.Algebra.Order.GroupWithZero.Unbundled.Basic,2,12
Mathlib.Algebra.Order.Monoid.Unbundled.ExistsOfLE,0,8
Mathlib.Algebra.Order.Monoid.Unbundled.ExistsOfLE,1,8
Mathlib.Algebra.Order.Monoid.NatCast,0,12
Mathlib.Algebra.Order.Monoid.NatCast,1,20
Mathlib.Algebra.Order.Monoid.NatCast,2,8
Mathlib.Algebra.Order.Monoid.NatCast,3,5
Mathlib.Algebra.Order.Monoid.NatCast,4,5
Mathlib.Algebra.Order.Monoid.Unbundled.MinMax,0,4
Mathlib.Algebra.Order.Monoid.Unbundled.MinMax,1,4
Mathlib.Algebra.Order.Ring.Unbundled.Basic,0,199
Mathlib.Algebra.Order.Ring.Unbundled.Basic,1,23
Mathlib.Algebra.Order.Ring.Unbundled.Basic,2,24
Mathlib.Algebra.Order.Ring.Unbundled.Basic,4,2
Mathlib.Algebra.Ring.GrindInstances,0,5
Mathlib.Algebra.Ring.GrindInstances,1,5
Mathlib.Algebra.Ring.GrindInstances,2,2
Mathlib.Algebra.Order.Ring.Defs,0,6
Mathlib.Algebra.Order.Ring.Defs,1,13
Mathlib.Algebra.Ring.Int.Parity,0,7
Mathlib.Algebra.Ring.Int.Parity,1,15
Mathlib.Algebra.Ring.Int.Parity,2,18
Mathlib.Algebra.Ring.Int.Parity,4,2
Mathlib.Data.Int.GCD,0,42
Mathlib.Data.Int.GCD,1,30
Mathlib.Data.Nat.Cast.NeZero,0,4
Mathlib.Data.Nat.Cast.NeZero,1,1
Mathlib.Data.Nat.Cast.Order.Basic,0,9
Mathlib.Data.Nat.Cast.Order.Basic,1,15
Mathlib.Algebra.Order.Ring.Int,0,1
Mathlib.Algebra.Order.Ring.Int,2,2
Mathlib.Algebra.Order.Monoid.Canonical.Defs,0,30
Mathlib.Algebra.Order.Monoid.Canonical.Defs,1,31
Mathlib.Algebra.Order.Group.Nat,0,2
Mathlib.Algebra.Group.WithOne.Defs,0,33
Mathlib.Algebra.Group.WithOne.Defs,1,33
Mathlib.Algebra.Group.WithOne.Map,0,9
Mathlib.Algebra.Group.WithOne.Map,1,9
Mathlib.Algebra.GroupWithZero.Regular,0,21
Mathlib.Algebra.GroupWithZero.WithZero,0,59
Mathlib.Algebra.GroupWithZero.WithZero,1,46
Mathlib.Algebra.GroupWithZero.WithZero,1024,2
Mathlib.Algebra.Order.Monoid.Unbundled.WithTop,0,63
Mathlib.Algebra.Order.Monoid.Unbundled.WithTop,1,60
Mathlib.Algebra.Regular.Basic,0,13
Mathlib.Algebra.Regular.Basic,1,7
Mathlib.Algebra.Order.AddGroupWithTop,0,61
Mathlib.Algebra.Order.GroupWithZero.Canonical,0,168
Mathlib.Algebra.Order.GroupWithZero.Canonical,1,43
Mathlib.Algebra.Order.Ring.Nat,0,1
Mathlib.Algebra.Order.Sub.Basic,0,18
Mathlib.Data.Nat.Cast.Order.Ring,0,10
Mathlib.Data.Nat.Cast.Order.Ring,1,3
Mathlib.Data.Nat.Cast.Order.Ring,2,4
Mathlib.Algebra.Order.Ring.Cast,0,14
Mathlib.Algebra.Order.Ring.Cast,1,12
Mathlib.Data.Nat.Find,0,21
Mathlib.Data.Nat.Find,1,20
Mathlib.Algebra.Order.Floor.Defs,0,65
Mathlib.Algebra.Order.Floor.Defs,1024,4
Mathlib.Algebra.Order.Floor.Semiring,0,46
Mathlib.Algebra.Order.Floor.Semiring,1,40
Mathlib.Util.AtomM.Recurse,0,5
Mathlib.Util.AtomM.Recurse,1,2
Mathlib.Util.AtomM.Recurse,2,1
Mathlib.Util.AtomM.Recurse,7,1
Mathlib.Util.AtomM.Recurse,13,1
Mathlib.Util.AtomM.Recurse,14,1
Mathlib.Util.AtomM.Recurse,1000,1
Mathlib.Algebra.Group.Invertible.Defs,0,1
Mathlib.Algebra.Group.Invertible.Defs,1,49
Mathlib.Algebra.Group.Invertible.Defs,1024,2
Mathlib.Tactic.HaveI,1022,2
Mathlib.Lean.Expr.Rat,1,3
Mathlib.Lean.Expr.Rat,4,2
Mathlib.Data.Rat.Init,0,7
Mathlib.Data.Rat.Init,1024,2
Mathlib.Algebra.Field.Defs,0,245
Mathlib.Algebra.Field.Defs,1,122
Mathlib.Algebra.Group.Invertible.Basic,0,2
Mathlib.Algebra.Group.Invertible.Basic,1,2
Mathlib.Algebra.GroupWithZero.Invertible,0,3
Mathlib.Algebra.GroupWithZero.Invertible,1,3
Mathlib.Tactic.NormNum.Result,0,40
Mathlib.Tactic.NormNum.Result,1,51
Mathlib.Tactic.NormNum.Result,2,15
Mathlib.Tactic.NormNum.Result,3,12
Mathlib.Tactic.NormNum.Result,4,12
Mathlib.Tactic.NormNum.Result,6,1
Mathlib.Tactic.NormNum.Result,8,2
Mathlib.Tactic.NormNum.Result,10,1
Mathlib.Tactic.NormNum.Result,32,12
Mathlib.Tactic.NormNum.Result,69,1
Mathlib.Tactic.NormNum.Result,70,1
Mathlib.Tactic.NormNum.Result,100,1
Mathlib.Tactic.NormNum.Result,493,1
Mathlib.Tactic.NormNum.Result,502,1
Mathlib.Tactic.NormNum.Result,513,1
Mathlib.Tactic.NormNum.Result,526,1
Mathlib.Tactic.NormNum.Core,0,7
Mathlib.Tactic.NormNum.Core,1,3
Mathlib.Tactic.NormNum.Core,2,1
Mathlib.Tactic.NormNum.Core,3,1
Mathlib.Tactic.NormNum.Core,1000,1
Mathlib.Tactic.NormNum.Core,1022,5
Mathlib.Tactic.NormNum.Core,1024,1
Mathlib.Tactic.NormNum.Basic,0,32
Mathlib.Tactic.NormNum.Basic,1,5
Mathlib.Tactic.TryThis,0,2
Mathlib.Tactic.TryThis,1022,2
Mathlib.Tactic.Abel,0,34
Mathlib.Tactic.Abel,1,30
Mathlib.Tactic.Abel,2,4
Mathlib.Tactic.Abel,1000,1
Mathlib.Tactic.Abel,1022,6
Mathlib.Tactic.Abel,1024,4
Mathlib.Algebra.Order.Ring.Pow,0,19
Mathlib.Algebra.Order.Ring.Pow,1,18
Mathlib.Algebra.Order.Ring.Pow,2,14
Mathlib.Algebra.Ring.Invertible,0,1
Mathlib.Algebra.Ring.Invertible,1,4
Mathlib.Algebra.Ring.Invertible,2,6
Mathlib.Algebra.Field.Basic,0,65
Mathlib.Algebra.Field.Basic,1,42
Mathlib.Algebra.Field.Basic,2,11
Mathlib.Algebra.GroupWithZero.Units.Lemmas,0,10
Mathlib.Algebra.GroupWithZero.Units.Lemmas,1,1
Mathlib.Algebra.Order.Ring.Basic,0,35
Mathlib.Algebra.Order.Ring.Basic,1,2
Mathlib.Algebra.Order.Ring.Basic,2,13
Mathlib.Algebra.Order.Ring.Basic,4,1
Mathlib.Algebra.Group.Nat.Units,0,3
Mathlib.Algebra.Group.Nat.Units,1,3
Mathlib.Algebra.Group.Int.Units,1,36
Mathlib.Algebra.Ring.Int.Units,1,2
Mathlib.Algebra.Order.Ring.Abs,0,13
Mathlib.Algebra.Order.Ring.Abs,1,28
Mathlib.Algebra.Order.Ring.Abs,2,31
Mathlib.Util.Delaborators,0,174
Mathlib.Util.Delaborators,1,184
Mathlib.Util.Delaborators,2,194
Mathlib.Util.Delaborators,3,68
Mathlib.Util.Delaborators,4,39
Mathlib.Util.Delaborators,5,2
Mathlib.Util.Delaborators,1022,1
Mathlib.Order.Bounds.Basic,1024,1
Mathlib.Order.WellFounded,0,2
Mathlib.Order.WellFounded,1,4
Mathlib.Control.Basic,2,2
Mathlib.Algebra.Order.Invertible,0,9
Mathlib.Algebra.Order.Invertible,1,2
Mathlib.Tactic.Positivity.Core,0,280
Mathlib.Tactic.Positivity.Core,1,34
Mathlib.Tactic.Positivity.Core,2,16
Mathlib.Tactic.Positivity.Core,3,11
Mathlib.Tactic.Positivity.Core,1022,2
Mathlib.Tactic.Positivity.Core,1024,8
Mathlib.Algebra.GroupWithZero.Units.Equiv,0,38
Mathlib.Algebra.Order.GroupWithZero.Unbundled.OrderIso,0,24
Mathlib.Algebra.Order.Field.Basic,0,243
Mathlib.Algebra.Order.Field.Basic,1,94
Mathlib.Algebra.Order.Field.Basic,2,22
Mathlib.Algebra.Order.Field.Basic,3,3
Mathlib.Data.Ineq,0,9
Mathlib.Data.Ineq,1,16
Mathlib.Data.Ineq,2,11
Mathlib.Data.Ineq,4,1
Mathlib.Data.Ineq,6,2
Mathlib.Data.Ineq,1024,6
Mathlib.Util.DischargerAsTactic,0,4
Mathlib.Util.DischargerAsTactic,2,1
Mathlib.Tactic.FieldSimp.Discharger,1024,1
Mathlib.Algebra.BigOperators.Group.List.Defs,0,6
Mathlib.Algebra.BigOperators.Group.List.Defs,1,6
Mathlib.Control.Functor,100,1
Mathlib.Control.Functor,101,2
Mathlib.Data.List.Defs,0,9
Mathlib.Data.List.Defs,1,3
Mathlib.Data.List.Defs,2,12
Mathlib.Data.List.Defs,1024,1
Mathlib.Data.List.TakeDrop,0,1
Mathlib.Data.List.TakeDrop,1,5
Mathlib.Data.List.Basic,0,14
Mathlib.Data.List.Basic,1,17
Mathlib.Data.List.Basic,2,1
Mathlib.Data.List.Basic,3,1
Mathlib.Data.List.Basic,4,1
Mathlib.Data.List.InsertIdx,1,4
Mathlib.Algebra.BigOperators.Group.List.Basic,0,32
Mathlib.Algebra.BigOperators.Group.List.Basic,1,29
Mathlib.Algebra.Field.Power,1,2
Mathlib.Tactic.FieldSimp.Lemmas,0,49
Mathlib.Tactic.FieldSimp.Lemmas,1,20
Mathlib.Tactic.FieldSimp.Lemmas,2,4
Mathlib.Tactic.FieldSimp.Lemmas,100,2
Mathlib.Tactic.FieldSimp.Lemmas,101,1
Mathlib.Tactic.FieldSimp,0,98
Mathlib.Tactic.FieldSimp,1,29
Mathlib.Tactic.FieldSimp,2,14
Mathlib.Tactic.FieldSimp,3,1
Mathlib.Tactic.FieldSimp,4,1
Mathlib.Tactic.FieldSimp,1022,2
Mathlib.Algebra.Order.Nonneg.Basic,0,230
Mathlib.Algebra.Order.Nonneg.Basic,1,5
Mathlib.Data.Rat.Defs,0,50
Mathlib.Data.Rat.Defs,1,24
Mathlib.Algebra.Order.Ring.Unbundled.Rat,0,35
Mathlib.Algebra.Order.Ring.Unbundled.Rat,1,1
Mathlib.Algebra.Order.Ring.Unbundled.Rat,10,2
Mathlib.Algebra.Ring.Rat,0,2
Mathlib.Algebra.Ring.Rat,1,1
Mathlib.Data.NNRat.Defs,0,73
Mathlib.Data.NNRat.Defs,1,12
Mathlib.Algebra.Field.Rat,0,11
Mathlib.Algebra.Group.Semiconj.Basic,0,2
Mathlib.Algebra.Group.Semiconj.Basic,1,2
Mathlib.Algebra.Divisibility.Units,0,1
Mathlib.Algebra.Divisibility.Units,1,4
Mathlib.Algebra.GroupWithZero.Divisibility,0,23
Mathlib.Data.PNat.Notation,0,6
Mathlib.Data.PNat.Notation,1024,1
Mathlib.Data.PNat.Defs,0,45
Mathlib.Data.PNat.Defs,1,15
Mathlib.Data.Rat.Lemmas,0,25
Mathlib.Data.Rat.Lemmas,1,11
Mathlib.Order.Nat,0,2
Mathlib.Data.Rat.Cast.Defs,0,25
Mathlib.Data.Rat.Cast.Defs,1,6
Mathlib.Data.Rat.Cast.CharZero,0,8
Mathlib.Tactic.NormNum.Inv,0,6
Mathlib.Tactic.NormNum.Inv,1,10
Mathlib.Tactic.NormNum.Pow,0,13
Mathlib.Tactic.NormNum.Pow,1,25
Mathlib.Tactic.NormNum.Pow,2,8
Mathlib.Tactic.Ring.Common,0,783
Mathlib.Tactic.Ring.Common,1,486
Mathlib.Tactic.Ring.Common,2,47
Mathlib.Tactic.Ring.Common,6,1
Mathlib.Tactic.Ring.Common,16,1
Mathlib.Tactic.Ring.Common,30,1
Mathlib.Tactic.Ring.Common,512,2
Mathlib.Tactic.Ring.Common,927,1
Mathlib.Tactic.Ring.Basic,0,1
Mathlib.Tactic.Ring.Basic,39,1
Mathlib.Tactic.Ring.Basic,90,1
Mathlib.Tactic.Ring.Basic,1022,1
Mathlib.Tactic.Ring.Basic,1024,1
Mathlib.Tactic.Field,1022,1
Mathlib.Tactic.Linarith.Lemmas,0,42
Mathlib.Tactic.Linarith.Lemmas,1,1
Mathlib.Tactic.Linarith.Datatypes,0,14
Mathlib.Tactic.Linarith.Datatypes,1,12
Mathlib.Tactic.Linarith.Datatypes,7,1
Mathlib.Tactic.Linarith.Datatypes,10,1
Mathlib.Tactic.Linarith.Oracle.SimplexAlgorithm.Datatypes,0,24
Mathlib.Tactic.Linarith.Oracle.SimplexAlgorithm.Datatypes,1,3
Mathlib.Tactic.Linarith.Oracle.SimplexAlgorithm.Gauss,0,7
Mathlib.Tactic.Linarith.Oracle.SimplexAlgorithm.Gauss,1,6
Mathlib.Tactic.Linarith.Oracle.SimplexAlgorithm.SimplexAlgorithm,0,24
Mathlib.Tactic.Linarith.Oracle.SimplexAlgorithm.SimplexAlgorithm,1,9
Mathlib.Tactic.Linarith.Oracle.SimplexAlgorithm.PositiveVector,0,4
Mathlib.Tactic.Linarith.Oracle.SimplexAlgorithm.PositiveVector,1,14
Mathlib.Tactic.Linarith.Oracle.SimplexAlgorithm.PositiveVector,2,10
Mathlib.Tactic.Linarith.Oracle.SimplexAlgorithm.PositiveVector,3,5
Mathlib.Tactic.Linarith.Oracle.SimplexAlgorithm,0,8
Mathlib.Tactic.Linarith.Oracle.SimplexAlgorithm,1,10
Mathlib.Lean.Meta.Tactic.Rewrite,1,1
Mathlib.Data.Tree.Basic,0,15
Mathlib.Data.Tree.Basic,1,21
Mathlib.Data.Tree.Basic,2,2
Mathlib.Data.Tree.Basic,65,2
Mathlib.Data.Tree.Basic,66,1
Mathlib.Data.Tree.Basic,1024,6
Mathlib.Tactic.CancelDenoms.Core,0,21
Mathlib.Tactic.CancelDenoms.Core,1,10
Mathlib.Tactic.CancelDenoms.Core,2,1
Mathlib.Tactic.CancelDenoms.Core,1022,2
Mathlib.Tactic.Zify,0,3
Mathlib.Tactic.Zify,1022,1
Mathlib.Tactic.Linarith.Preprocessing,1,3
Mathlib.Tactic.Linarith.Parsing,0,3
Mathlib.Tactic.Linarith.Parsing,1,6
Mathlib.Tactic.Linarith.Verification,0,9
Mathlib.Tactic.Linarith.Verification,1,7
Mathlib.Tactic.Linarith.Frontend,0,7
Mathlib.Tactic.Linarith.Frontend,1,5
Mathlib.Tactic.Linarith.Frontend,1022,6
Mathlib.Algebra.Order.Ring.Canonical,0,6
Mathlib.Algebra.Order.Ring.Canonical,1,5
Mathlib.Algebra.Order.Ring.Canonical,2,2
Mathlib.Algebra.Order.Field.Canonical,0,1
Mathlib.Data.Nat.Set,0,4
Mathlib.Order.SetNotation,0,238
Mathlib.Order.SetNotation,1,196
Mathlib.Order.SetNotation,2,256
Mathlib.Order.SetNotation,3,160
Mathlib.Order.SetNotation,4,2
Mathlib.Order.SetNotation,60,4
Mathlib.Order.SetNotation,110,4
Mathlib.Order.SetNotation,1022,4
Mathlib.Order.CompleteLattice.Defs,0,4
Mathlib.Order.CompleteLattice.Lemmas,0,6
Mathlib.Order.CompleteLattice.Lemmas,1,4
Mathlib.Order.GaloisConnection.Basic,0,1
Mathlib.Order.CompleteBooleanAlgebra,0,10
Mathlib.Order.CompleteBooleanAlgebra,1,2
Mathlib.Data.Set.Lattice,0,2
Mathlib.Data.Set.Lattice,1,2
Mathlib.Order.ConditionallyCompleteLattice.Defs,0,3
Mathlib.Order.Interval.Set.UnorderedInterval,0,2
Mathlib.Order.Interval.Set.UnorderedInterval,1024,2
Mathlib.Lean.Expr.ExtraRecognizers,0,48
Mathlib.Lean.Expr.ExtraRecognizers,1,43
Mathlib.Lean.Expr.ExtraRecognizers,2,44
Mathlib.Lean.Expr.ExtraRecognizers,3,25
Mathlib.Lean.Expr.ExtraRecognizers,4,40
Mathlib.Lean.Expr.ExtraRecognizers,5,235
Mathlib.Lean.Expr.ExtraRecognizers,64,1
Mathlib.Data.Set.Notation,2,2
Mathlib.Data.Set.Notation,67,2
Mathlib.Data.Set.Notation,1022,1
Mathlib.Data.SetLike.Basic,0,1
Mathlib.Data.SetLike.Basic,3,3
Mathlib.Order.Preorder.Chain,0,1
Mathlib.Order.Preorder.Chain,1,1
Mathlib.Algebra.Order.Ring.InjSurj,0,4
Mathlib.Algebra.Order.Ring.InjSurj,1,4
Mathlib.Algebra.Order.Nonneg.Ring,0,23
Mathlib.Algebra.Order.Positive.Ring,0,85
Mathlib.Algebra.Order.Positive.Ring,1,3
Mathlib.Algebra.Order.Nonneg.Field,0,225
Mathlib.Data.Rat.Cast.Order,0,37
Mathlib.Data.Rat.Cast.Order,1,8
Mathlib.Tactic.NormNum.DivMod,0,13
Mathlib.Algebra.Notation,0,4
Mathlib.Algebra.Notation,1024,8
Mathlib.Algebra.Order.Group.PosPart,0,58
Mathlib.Algebra.Order.Group.PosPart,1,62
Mathlib.Algebra.Order.Group.PosPart,2,8
Mathlib.Data.Nat.Factorial.Basic,0,38
Mathlib.Data.Nat.Factorial.Basic,1,79
Mathlib.Data.Nat.Factorial.Basic,2,46
Mathlib.Data.Nat.Factorial.Basic,3,1
Mathlib.Data.Nat.Factorial.Basic,10000,1
Mathlib.Algebra.Notation.Support,0,43
Mathlib.Algebra.Notation.Support,1,43
Mathlib.Data.Int.Cast.Field,0,1
Mathlib.Data.Int.CharZero,0,1
Mathlib.Data.Int.CharZero,1,1
Mathlib.Algebra.Order.Hom.Basic,0,97
Mathlib.Algebra.Order.Hom.Basic,1,19
Mathlib.Tactic.Positivity.Basic,0,746
Mathlib.Tactic.Positivity.Basic,1,8
Mathlib.Tactic.Positivity.Basic,2,5
Mathlib.Tactic.Positivity.Basic,3,1
Mathlib.Data.Rat.Cast.Lemmas,0,6
Mathlib.Tactic.NormNum.OfScientific,10,17
Mathlib.Algebra.Order.Floor.Ring,0,156
Mathlib.Algebra.Order.Floor.Ring,1,76
Mathlib.Algebra.Order.Floor.Ring,2,5
Mathlib.Algebra.Order.Round,0,4
Mathlib.Algebra.Order.Round,1,22
Mathlib.Algebra.Order.Round,2,19
Mathlib.Data.PNat.Basic,0,57
Mathlib.Data.PNat.Basic,1,53
Mathlib.Tactic.Ring.PNat,0,1
Mathlib.Tactic.Ring.PNat,1,5
Mathlib.Tactic.Ring.RingNF,0,16
Mathlib.Tactic.Ring.RingNF,1,18
Mathlib.Tactic.Ring.RingNF,2,6
Mathlib.Tactic.Ring.RingNF,8,1
Mathlib.Tactic.Ring.RingNF,12,1
Mathlib.Tactic.Ring.RingNF,19,1
Mathlib.Tactic.Ring.RingNF,1000,2
Mathlib.Tactic.Ring.RingNF,1022,6
Mathlib.Tactic.Ring.RingNF,1024,8
Mathlib.Data.Rat.Floor,0,131
Mathlib.Data.Rat.Floor,1,1
Mathlib.Algebra.Order.Group.Basic,0,20
Mathlib.Algebra.Order.Group.Basic,1,8
Mathlib.Algebra.Order.Archimedean.Basic,0,43
Mathlib.Algebra.Order.Archimedean.Basic,1,37
Mathlib.Algebra.AddConstMap.Basic,0,25
Mathlib.Algebra.AddConstMap.Basic,1,55
Mathlib.Algebra.AddConstMap.Basic,25,1
Mathlib.Algebra.AddConstMap.Equiv,0,5
Mathlib.Algebra.AddConstMap.Equiv,1,1
Mathlib.Algebra.AddConstMap.Equiv,25,1
Mathlib.Algebra.AddTorsor.Defs,0,5
Mathlib.Algebra.AddTorsor.Defs,2,1
Mathlib.Algebra.Group.Action.Units,0,3
Mathlib.Algebra.Group.Action.Units,1,3
Mathlib.Algebra.Group.Action.Basic,0,1
Mathlib.Algebra.Group.Action.Basic,1,1
Mathlib.Algebra.AddTorsor.Basic,0,2
Mathlib.Algebra.AddTorsor.Basic,1,1
Mathlib.Algebra.AddTorsor.Basic,2,4
Mathlib.Data.Finset.Defs,0,1
Mathlib.Data.Finset.Defs,1,1
Mathlib.Data.List.Nodup,0,2
Mathlib.Data.List.Nodup,1,6
Mathlib.Data.Multiset.ZeroCons,0,86
Mathlib.Data.Multiset.ZeroCons,1,3
Mathlib.Data.Multiset.ZeroCons,2,2
Mathlib.Data.Multiset.ZeroCons,3,1
Mathlib.Data.Multiset.ZeroCons,4,1
Mathlib.Data.Multiset.ZeroCons,67,2
Mathlib.Data.Multiset.ZeroCons,68,1
Mathlib.Data.Multiset.Count,0,16
Mathlib.Data.Multiset.Count,1,11
Mathlib.Data.List.Count,0,1
Mathlib.Data.List.Count,1,1
Mathlib.Data.Multiset.AddSub,0,9
Mathlib.Data.Multiset.AddSub,1,2
Mathlib.Data.Multiset.Replicate,0,7
Mathlib.Data.Multiset.Replicate,1,3
Mathlib.Data.Multiset.MapFold,0,6
Mathlib.Data.List.Dedup,0,2
Mathlib.Data.List.Dedup,1,1
Mathlib.Data.Multiset.Filter,0,10
Mathlib.Data.Multiset.UnionInter,0,8
Mathlib.Data.Multiset.Dedup,0,5
Mathlib.Data.Multiset.Dedup,1,1
Mathlib.Data.Multiset.Basic,0,4
Mathlib.Data.Finset.Empty,0,7
Mathlib.Data.Finset.Empty,2,1
Mathlib.Data.Finset.Empty,30,1
Mathlib.Data.Finset.Empty,50,1
Mathlib.Data.Finset.Empty,100,1
Mathlib.Data.Finset.Empty,200,1
Mathlib.Data.List.Infix,1,3
Mathlib.Data.Multiset.FinsetOps,0,6
Mathlib.Data.Multiset.FinsetOps,1,1
Mathlib.Data.Finset.Insert,0,3
Mathlib.Data.Finset.Filter,0,8
Mathlib.Data.Finset.Filter,1,9
Mathlib.Data.Finset.Filter,2,6
Mathlib.Data.Finset.Filter,3,6
Mathlib.Data.Finset.Filter,4,6
Mathlib.Data.Multiset.Range,0,2
Mathlib.Data.Multiset.Range,1,1
Mathlib.Data.Finset.Range,0,6
Mathlib.Data.Finset.Range,1,6
Mathlib.Data.Finset.Basic,0,5
Mathlib.Data.Fintype.Defs,0,16
Mathlib.Data.Fintype.Defs,1,14
Mathlib.Data.Fintype.Defs,2,13
Mathlib.Data.Fintype.Defs,3,15
Mathlib.Data.Fintype.Defs,4,11
Mathlib.Data.Finset.Image,0,4
Mathlib.Data.Finset.Image,1,3
Mathlib.Data.Finset.Card,0,9
Mathlib.Data.Finset.Card,1,27
Mathlib.Data.Finset.Card,2,7
Mathlib.Data.Finset.Card,3,4
Mathlib.Data.Finset.Card,4,2
Mathlib.Data.Finset.Card,5,1
Mathlib.Data.Finset.Card,6,1
Mathlib.Data.Finset.Card,1023,2
Mathlib.Data.Fintype.Sets,0,2
Mathlib.Data.Fintype.Sets,1,1
Mathlib.Data.Fintype.Sets,1022,1
Mathlib.Data.Int.DivMod,0,5
Mathlib.Data.Fin.Basic,0,84
Mathlib.Data.Fin.Basic,1,152
Mathlib.Data.Fin.Basic,2,32
Mathlib.Data.Fin.Basic,1024,1
Mathlib.Data.Fin.SuccPred,0,135
Mathlib.Data.Fin.SuccPred,1,832
Mathlib.Data.Fin.SuccPred,2,31
Mathlib.Data.Fin.Rev,0,12
Mathlib.Data.Fin.Rev,1,60
Mathlib.Data.Fin.Embedding,1,30
Mathlib.Order.Fin.Basic,0,32
Mathlib.Order.Fin.Basic,1,248
Mathlib.Data.Fin.Tuple.Basic,0,220
Mathlib.Data.Fin.Tuple.Basic,1,754
Mathlib.Data.Fin.Tuple.Basic,2,30
Mathlib.Data.List.OfFn,0,2
Mathlib.Data.List.OfFn,1,8
Mathlib.Data.List.FinRange,0,2
Mathlib.Data.List.FinRange,1,3
Mathlib.Data.Fintype.Basic,0,2
Mathlib.Data.Fintype.Basic,1,52
Mathlib.Data.Fintype.Card,0,15
Mathlib.Data.Fintype.Card,1,8
Mathlib.Data.Fintype.Card,2,3
Mathlib.Data.List.Duplicate,2,1
Mathlib.Data.List.Sort,0,4
Mathlib.Data.List.Sort,1,2
Mathlib.Data.List.NodupEquivFin,1,4
Mathlib.Data.Fintype.EquivFin,1,10
Mathlib.Data.Set.Finite.Basic,0,1
Mathlib.Data.Set.Finite.Basic,1,6
Mathlib.Data.Multiset.Fold,0,1
Mathlib.Data.List.Flatten,1,1
Mathlib.Data.List.Chain,0,10
Mathlib.Data.List.Chain,1,18
Mathlib.Data.List.Range,0,2
Mathlib.Data.List.Range,1,3
Mathlib.Data.List.Rotate,0,9
Mathlib.Data.List.Rotate,1,17
Mathlib.Data.List.Rotate,50,2
Mathlib.Data.List.Rotate,51,1
Mathlib.Algebra.BigOperators.Group.List.Lemmas,1,11
Mathlib.Algebra.BigOperators.Group.Multiset.Defs,0,12
Mathlib.Algebra.BigOperators.Group.Multiset.Defs,1,10
Mathlib.Algebra.Order.Group.Multiset,0,4
Mathlib.Algebra.BigOperators.Group.Multiset.Basic,0,15
Mathlib.Algebra.BigOperators.Group.Multiset.Basic,1,7
Mathlib.Data.Multiset.Bind,0,16
Mathlib.Data.List.Enum,0,2
Mathlib.Data.List.OffDiag,0,3
Mathlib.Data.List.OffDiag,1,1
Mathlib.Data.List.OffDiag,2,1
Mathlib.Data.Multiset.Pi,0,20
Mathlib.Algebra.Group.Pointwise.Set.Basic,0,66
Mathlib.Algebra.Group.Pointwise.Set.Basic,1,50
Mathlib.Algebra.Group.Pointwise.Set.Basic,2,2
Mathlib.Algebra.Group.Pointwise.Set.Finite,0,11
Mathlib.Algebra.Group.Pointwise.Set.Finite,1,11
Mathlib.Algebra.Group.Action.Hom,0,3
Mathlib.Algebra.Group.Action.Hom,1,3
Mathlib.Algebra.Group.Action.End,0,1
Mathlib.Algebra.Group.Action.End,1,4
Mathlib.Algebra.Group.Conj,1,8
Mathlib.Algebra.Group.Pi.Lemmas,0,24
Mathlib.Algebra.Group.Pi.Lemmas,1,24
Mathlib.Algebra.Group.Subsemigroup.Defs,0,2
Mathlib.Algebra.Group.Subsemigroup.Defs,1,2
Mathlib.Algebra.Group.Submonoid.Defs,0,65
Mathlib.Algebra.Group.Submonoid.Defs,1,67
Mathlib.Algebra.Group.Submonoid.Basic,0,24
Mathlib.Algebra.Group.Submonoid.Basic,1,25
Mathlib.Algebra.Group.Submonoid.Operations,0,16
Mathlib.Algebra.Group.Submonoid.Operations,1,16
Mathlib.Algebra.Group.Subgroup.Defs,0,11
Mathlib.Algebra.Group.Subgroup.Defs,1,11
Mathlib.Algebra.Group.Subgroup.Lattice,0,23
Mathlib.Algebra.Group.Subgroup.Lattice,1,23
Mathlib.Algebra.Group.Subgroup.Map,0,1
Mathlib.Algebra.Group.Subgroup.Map,1,1
Mathlib.Tactic.ApplyFun,0,2
Mathlib.Tactic.ApplyFun,1022,1
Mathlib.Algebra.Group.Subgroup.Ker,0,11
Mathlib.Algebra.Group.Subgroup.Ker,1,11
Mathlib.Algebra.Group.Subgroup.Basic,0,2
Mathlib.Algebra.Group.Subgroup.Basic,1,2
Mathlib.Data.Nat.Bits,0,25
Mathlib.Data.Nat.Bits,1,10
Mathlib.Data.Nat.Bits,2,13
Mathlib.Data.Nat.Pairing,0,2
Mathlib.Data.Nat.Pairing,1,2
Mathlib.Data.Nat.Pairing,2,2
Mathlib.Logic.Equiv.Nat,1,1
Mathlib.Logic.Equiv.Nat,2,2
Mathlib.Logic.Encodable.Basic,0,13
Mathlib.Logic.Encodable.Basic,1,10
Mathlib.Logic.Encodable.Basic,2,7
Mathlib.Algebra.Group.Subgroup.ZPowers.Basic,0,3
Mathlib.Algebra.Group.Subgroup.ZPowers.Basic,1,5
Mathlib.Algebra.Group.Action.Pointwise.Set.Basic,0,1
Mathlib.Algebra.Group.Action.Pointwise.Set.Basic,1,1
Mathlib.Algebra.FreeMonoid.Basic,0,31
Mathlib.Algebra.FreeMonoid.Basic,1,31
Mathlib.Algebra.FreeMonoid.Basic,2,2
Mathlib.Algebra.FreeMonoid.Basic,3,2
Mathlib.Algebra.FreeMonoid.Basic,4,2
Mathlib.Algebra.Group.Idempotent,0,1
Mathlib.Algebra.Group.Idempotent,1,7
Mathlib.Algebra.Group.Submonoid.Membership,0,18
Mathlib.Algebra.Group.Submonoid.Membership,1,33
Mathlib.Algebra.Order.BigOperators.Group.List,0,22
Mathlib.Algebra.Order.BigOperators.Group.List,1,19
Mathlib.Data.Prod.Lex,0,1
Mathlib.Data.Prod.Lex,34,1
Mathlib.Data.Prod.Lex,35,1
Mathlib.Data.Multiset.Sum,0,2
Mathlib.Data.Multiset.Lattice,0,2
Mathlib.Order.Hom.Bounded,0,3
Mathlib.Order.Hom.Bounded,1,3
Mathlib.Order.Hom.Lattice,0,3
Mathlib.Order.Hom.Lattice,1,3
Mathlib.Order.Hom.BoundedLattice,0,3
Mathlib.Order.Hom.BoundedLattice,1,3
Mathlib.Data.Finset.Max,0,4
Mathlib.Data.Finset.Max,1,3
Mathlib.Data.Nat.Choose.Basic,0,33
Mathlib.Data.Nat.Choose.Basic,1,68
Mathlib.Data.Nat.Choose.Basic,2,9
Mathlib.Data.List.Sublists,0,8
Mathlib.Data.List.Sublists,1,8
Mathlib.Data.List.Sublists,2,2
Mathlib.Data.Multiset.Powerset,0,12
Mathlib.Data.Multiset.Powerset,1,8
Mathlib.Data.Multiset.Powerset,2,1
Mathlib.Data.Finset.Powerset,0,2
Mathlib.Data.Finset.Powerset,1,4
Mathlib.Data.Finset.Powerset,2,1
Mathlib.Order.ConditionallyCompleteLattice.Finset,0,1
Mathlib.Data.Finset.Option,0,1
Mathlib.Data.Finset.Option,1,3
Mathlib.Data.Finset.Sigma,0,1
Mathlib.Order.Interval.Finset.Defs,0,19
Mathlib.Order.Interval.Finset.Defs,1,12
Mathlib.Order.Interval.Finset.Defs,2,9
Mathlib.Order.Interval.Finset.Defs,3,9
Mathlib.Order.Interval.Finset.Defs,4,9
Mathlib.Order.Interval.Finset.Defs,1024,1
Mathlib.Order.Interval.Finset.Basic,1,6
Mathlib.Order.Interval.Finset.Basic,2,1
Mathlib.Order.Interval.Multiset,0,16
Mathlib.Order.Interval.Multiset,1,3
Mathlib.Order.Interval.Multiset,2,1
Mathlib.Order.Interval.Finset.Nat,0,8
Mathlib.Order.Interval.Finset.Nat,1,68
Mathlib.Order.Interval.Finset.Nat,2,1
Mathlib.Data.Nat.Lattice,0,21
Mathlib.Data.Nat.Lattice,1,47
Mathlib.Data.List.MinMax,0,18
Mathlib.Data.Nat.Order.Lemmas,0,2
Mathlib.Data.Nat.Order.Lemmas,1,2
Mathlib.Logic.Denumerable,0,5
Mathlib.Logic.Denumerable,1,5
Mathlib.Order.OrderIsoNat,0,2
Mathlib.Order.OrderIsoNat,1,11
Mathlib.Algebra.Group.Submonoid.Pointwise,0,8
Mathlib.Algebra.Group.Submonoid.Pointwise,1,2
Mathlib.GroupTheory.GroupAction.Defs,0,1
Mathlib.GroupTheory.GroupAction.Defs,51,1
Mathlib.GroupTheory.GroupAction.Defs,1022,1
Mathlib.Algebra.Group.Center,0,2
Mathlib.Algebra.Group.Center,1,2
Mathlib.GroupTheory.Subgroup.Centralizer,0,1
Mathlib.GroupTheory.Subgroup.Centralizer,1,1
Mathlib.GroupTheory.GroupAction.ConjAct,1,5
Mathlib.Algebra.Group.Subgroup.Pointwise,0,9
Mathlib.Algebra.Group.Subgroup.Pointwise,1,7
Mathlib.Algebra.BigOperators.Group.Finset.Defs,0,67
Mathlib.Algebra.BigOperators.Group.Finset.Defs,1,49
Mathlib.Algebra.BigOperators.Group.Finset.Defs,2,11
Mathlib.Algebra.BigOperators.Group.Finset.Defs,3,2
Mathlib.Algebra.BigOperators.Group.Finset.Defs,5,2
Mathlib.Algebra.BigOperators.Group.Finset.Defs,67,2
Mathlib.Algebra.BigOperators.Group.Finset.Defs,1022,2
Mathlib.Algebra.BigOperators.Group.Finset.Defs,1024,1
Mathlib.Algebra.BigOperators.Group.Finset.Basic,0,81
Mathlib.Algebra.BigOperators.Group.Finset.Basic,1,92
Mathlib.Data.Finset.NoncommProd,0,14
Mathlib.Data.Finset.NoncommProd,1,6
Mathlib.GroupTheory.FreeGroup.Basic,0,11
Mathlib.GroupTheory.FreeGroup.Basic,1,12
Mathlib.GroupTheory.FreeGroup.Basic,2,4
Mathlib.GroupTheory.Congruence.Defs,0,59
Mathlib.GroupTheory.Congruence.Defs,1,59
Mathlib.Algebra.Quotient,0,2
Mathlib.Algebra.Quotient,34,1
Mathlib.Algebra.Quotient,35,1
Mathlib.GroupTheory.Coset.Defs,0,3
Mathlib.GroupTheory.Coset.Defs,1,3
Mathlib.GroupTheory.QuotientGroup.Defs,0,15
Mathlib.GroupTheory.QuotientGroup.Defs,1,15
Mathlib.GroupTheory.Commutator.Basic,1,9
Mathlib.GroupTheory.Commutator.Basic,2,1
Mathlib.GroupTheory.Abelianization.Defs,1,1
Mathlib.GroupTheory.FreeAbelianGroup,0,18
Mathlib.GroupTheory.FreeAbelianGroup,1,6
Mathlib.GroupTheory.OreLocalization.OreSet,0,2
Mathlib.GroupTheory.OreLocalization.Basic,0,43
Mathlib.GroupTheory.OreLocalization.Basic,1,40
Mathlib.GroupTheory.OreLocalization.Basic,65,2
Mathlib.GroupTheory.OreLocalization.Basic,66,1
Mathlib.GroupTheory.OreLocalization.Basic,70,2
Mathlib.GroupTheory.OreLocalization.Basic,71,1
Mathlib.GroupTheory.OreLocalization.Basic,1075,1
Mathlib.GroupTheory.MonoidLocalization.Basic,0,20
Mathlib.GroupTheory.MonoidLocalization.Basic,1,20
Mathlib.Algebra.Order.Hom.Monoid,0,34
Mathlib.Algebra.Order.Hom.Monoid,1,14
Mathlib.Algebra.Order.Hom.Monoid,25,8
Mathlib.Algebra.Order.Hom.Monoid,26,4
Mathlib.Algebra.Order.Hom.MonoidWithZero,0,10
Mathlib.Algebra.Order.Hom.MonoidWithZero,1,1
Mathlib.Algebra.Order.Hom.MonoidWithZero,25,2
Mathlib.Algebra.Order.Hom.MonoidWithZero,26,1
Mathlib.Algebra.Ring.Equiv,0,7
Mathlib.Algebra.Ring.Equiv,1,11
Mathlib.Algebra.Ring.Equiv,25,2
Mathlib.Algebra.Ring.Equiv,26,1
Mathlib.Algebra.Order.Hom.Ring,0,2
Mathlib.Algebra.Order.Hom.Ring,1,2
Mathlib.Algebra.Order.Hom.Ring,25,4
Mathlib.Algebra.Order.Hom.Ring,26,2
Mathlib.Algebra.Order.Ring.WithTop,0,60
Mathlib.Algebra.Order.Ring.WithTop,1,1
Mathlib.Data.ENat.Defs,1024,1
Mathlib.Order.Iterate,0,19
Mathlib.Order.Iterate,1,10
Mathlib.Order.SuccPred.Basic,0,2
Mathlib.Order.SuccPred.Basic,1,2
Mathlib.Algebra.Order.SuccPred,0,6
Mathlib.Algebra.Order.SuccPred,1,83
Mathlib.Data.Nat.SuccPred,0,2
Mathlib.Data.Nat.SuccPred,1,3
Mathlib.Data.Nat.SuccPred,2,1
Mathlib.Data.ENat.Basic,0,49
Mathlib.Data.ENat.Basic,1,32
Mathlib.Algebra.BigOperators.Group.Finset.Piecewise,0,27
Mathlib.Algebra.BigOperators.Group.Finset.Piecewise,1,27
Mathlib.Algebra.BigOperators.Option,0,1
Mathlib.Algebra.BigOperators.Option,1,1
Mathlib.Data.Fintype.Option,0,15
Mathlib.Data.Fintype.Option,1,4
Mathlib.Data.Fintype.Sum,2,1
Mathlib.Data.Vector.Defs,0,18
Mathlib.Data.Vector.Defs,1,13
Mathlib.Control.Applicative,0,1
Mathlib.Control.Applicative,1,1
Mathlib.Control.Traversable.Basic,0,2
Mathlib.Control.Traversable.Basic,1,1
Mathlib.Data.Vector.Basic,0,278
Mathlib.Data.Vector.Basic,1,268
Mathlib.Data.Vector.Basic,2,1
Mathlib.Data.Vector.Basic,67,2
Mathlib.Data.Vector.Basic,68,1
Mathlib.Data.Sym.Basic,0,40
Mathlib.Data.Sym.Basic,1,200
Mathlib.Data.Sym.Basic,67,2
Mathlib.Data.Sym.Basic,68,1
Mathlib.Data.Sym.Basic,1022,1
Mathlib.Data.Fintype.BigOperators,0,8
Mathlib.Data.Fintype.BigOperators,1,9
Mathlib.Data.Fintype.Powerset,2,2
Mathlib.Logic.Equiv.List,0,10
Mathlib.Data.Sum.Order,0,1
Mathlib.Data.Sum.Order,29,1
Mathlib.Data.Sum.Order,30,1
Mathlib.Order.InitialSeg,0,2
Mathlib.Order.InitialSeg,1,2
Mathlib.Order.InitialSeg,24,2
Mathlib.Order.InitialSeg,25,8
Mathlib.Order.InitialSeg,26,2
Mathlib.SetTheory.Cardinal.Defs,0,24
Mathlib.SetTheory.Cardinal.Defs,1,13
Mathlib.SetTheory.Cardinal.Defs,1024,3
Mathlib.Data.Part,0,7
Mathlib.Data.Part,1,7
Mathlib.Order.OmegaCompletePartialOrder,0,11
Mathlib.Order.OmegaCompletePartialOrder,1,2
Mathlib.Order.OmegaCompletePartialOrder,25,2
Mathlib.Order.OmegaCompletePartialOrder,26,1
Mathlib.SetTheory.Cardinal.Order,0,29
Mathlib.SetTheory.Cardinal.Order,1,14
Mathlib.SetTheory.Cardinal.Order,2,17
Mathlib.SetTheory.Cardinal.Basic,0,31
Mathlib.SetTheory.Cardinal.Basic,1,23
Mathlib.SetTheory.Cardinal.Basic,2,7
Mathlib.SetTheory.Cardinal.Basic,3,1
Mathlib.SetTheory.Cardinal.Basic,80,2
Mathlib.SetTheory.Cardinal.Basic,81,1
Mathlib.SetTheory.Cardinal.ENat,0,16
Mathlib.SetTheory.Cardinal.ENat,1,16
Mathlib.SetTheory.Cardinal.ToNat,0,13
Mathlib.SetTheory.Cardinal.ToNat,1,5
Mathlib.Algebra.GroupWithZero.Action.Units,0,13
Mathlib.Algebra.GroupWithZero.Action.End,0,2
Mathlib.Algebra.Module.RingHom,1,1
Mathlib.Algebra.Regular.SMul,0,12
Mathlib.Algebra.Regular.SMul,1,3
Mathlib.Algebra.Ring.Action.Basic,0,1
Mathlib.Algebra.Ring.Action.Basic,1,30
Mathlib.GroupTheory.GroupAction.Hom,0,77
Mathlib.GroupTheory.GroupAction.Hom,1,60
Mathlib.GroupTheory.GroupAction.Hom,25,16
Mathlib.Algebra.Module.LinearMap.Defs,0,29
Mathlib.Algebra.Module.LinearMap.Defs,1,5
Mathlib.Algebra.Module.LinearMap.Defs,25,4
Mathlib.Algebra.Module.LinearMap.Defs,80,2
Mathlib.Algebra.Module.LinearMap.Defs,81,1
Mathlib.Algebra.Module.LinearMap.Defs,90,2
Mathlib.Algebra.Module.LinearMap.Defs,91,1
Mathlib.Algebra.Algebra.Defs,0,4
Mathlib.Algebra.Algebra.Defs,1,9
Mathlib.Algebra.Algebra.Defs,1024,2
Mathlib.Algebra.GroupWithZero.Prod,0,1
Mathlib.Algebra.GroupWithZero.Action.Basic,0,3
Mathlib.Algebra.GroupWithZero.Action.Basic,1,2
Mathlib.Algebra.Module.Equiv.Defs,0,13
Mathlib.Algebra.Module.Equiv.Defs,1,1
Mathlib.Algebra.Module.Equiv.Defs,50,2
Mathlib.Algebra.Module.Equiv.Defs,80,2
Mathlib.Algebra.Module.Equiv.Defs,81,1
Mathlib.Algebra.Group.Hom.End,1,2
Mathlib.GroupTheory.GroupAction.DomAct.Basic,0,4
Mathlib.GroupTheory.GroupAction.DomAct.Basic,1,4
Mathlib.GroupTheory.GroupAction.DomAct.Basic,1024,4
Mathlib.Algebra.Module.Torsion.Free,0,36
Mathlib.Algebra.Module.LinearMap.Basic,0,4
Mathlib.Algebra.Module.LinearMap.Basic,1,2
Mathlib.Algebra.Module.Equiv.Opposite,1,4
Mathlib.Algebra.Module.LinearMap.End,0,11
Mathlib.Algebra.Module.LinearMap.End,1,11
Mathlib.Algebra.GroupWithZero.Action.Prod,0,4
Mathlib.Algebra.Module.Equiv.Basic,0,19
Mathlib.Algebra.Module.Equiv.Basic,1,8
Mathlib.GroupTheory.GroupAction.SubMulAction,0,27
Mathlib.GroupTheory.GroupAction.SubMulAction,1,8
Mathlib.Algebra.Module.Submodule.Defs,0,11
Mathlib.Algebra.Module.Submodule.Defs,1,1
Mathlib.Algebra.Module.Submodule.Basic,0,6
Mathlib.Algebra.Group.PUnit,0,1
Mathlib.Algebra.Group.PUnit,1,1
Mathlib.Algebra.Module.Submodule.Lattice,0,14
Mathlib.Algebra.Module.Submodule.LinearMap,0,2
Mathlib.Algebra.Module.Submodule.LinearMap,1,3
Mathlib.Algebra.Module.Submodule.Map,0,9
Mathlib.Order.Hom.CompleteLattice,0,4
Mathlib.Order.Hom.CompleteLattice,1,4
Mathlib.Algebra.Module.Submodule.Ker,0,15
Mathlib.Algebra.Group.ULift,0,4
Mathlib.Algebra.Group.ULift,1,4
Mathlib.Algebra.Ring.CharZero,0,8
Mathlib.Algebra.Ring.CharZero,1,3
Mathlib.Algebra.Ring.CharZero,2,1
Mathlib.RingTheory.NonUnitalSubsemiring.Defs,0,11
Mathlib.RingTheory.NonUnitalSubsemiring.Defs,1,1
Mathlib.Algebra.Ring.Subsemiring.Defs,0,29
Mathlib.Algebra.Ring.Subsemiring.Defs,1,10
Mathlib.RingTheory.NonUnitalSubring.Defs,0,7
Mathlib.RingTheory.NonUnitalSubring.Defs,1,1
Mathlib.Algebra.Ring.Subring.Defs,0,9
Mathlib.Algebra.Ring.Subring.Defs,1,12
Mathlib.Algebra.Ring.Prod,0,4
Mathlib.Algebra.GroupWithZero.Center,0,2
Mathlib.RingTheory.NonUnitalSubsemiring.Basic,0,3
Mathlib.Algebra.Ring.Subsemiring.Basic,0,5
Mathlib.Algebra.Ring.Subsemiring.Basic,1,5
Mathlib.Algebra.Ring.Subring.Basic,0,9
Mathlib.Algebra.Ring.Subring.Basic,1,8
Mathlib.Algebra.Algebra.Basic,0,7
Mathlib.Algebra.Algebra.Basic,1,8
Mathlib.Algebra.Algebra.Hom,0,9
Mathlib.Algebra.Algebra.Hom,1,19
Mathlib.Algebra.Algebra.Hom,25,3
Mathlib.Algebra.Algebra.Hom,26,1
Mathlib.Algebra.Algebra.Equiv,0,5
Mathlib.Algebra.Algebra.Equiv,1,23
Mathlib.Algebra.Algebra.Equiv,50,1
Mathlib.Algebra.Group.Irreducible.Defs,0,4
Mathlib.Algebra.Group.Irreducible.Defs,1,4
Mathlib.Algebra.Group.Irreducible.Lemmas,1,2
Mathlib.Algebra.Prime.Defs,0,6
Mathlib.Algebra.Prime.Defs,1,4
Mathlib.Algebra.Prime.Lemmas,0,2
Mathlib.Algebra.Prime.Lemmas,1,6
Mathlib.Algebra.Prime.Lemmas,2,1
Mathlib.Algebra.GroupWithZero.Associated,0,30
Mathlib.Algebra.GroupWithZero.Associated,1,24
Mathlib.Algebra.GroupWithZero.NonZeroDivisors,0,65
Mathlib.Algebra.GroupWithZero.NonZeroDivisors,9000,2
Mathlib.Algebra.Module.Submodule.Range,0,7
Mathlib.Algebra.Module.Submodule.Range,1,52
Mathlib.LinearAlgebra.Span.Defs,0,18
Mathlib.LinearAlgebra.Span.Defs,1,8
Mathlib.LinearAlgebra.Span.Defs,2,4
Mathlib.LinearAlgebra.Span.Defs,70,3
Mathlib.Order.Closure,0,2
Mathlib.Order.Closure,1,2
Mathlib.Order.SupIndep,0,1
Mathlib.Order.SupIndep,1,1
Mathlib.Order.SupIndep,2,4
Mathlib.LinearAlgebra.Span.Basic,0,27
Mathlib.LinearAlgebra.Span.Basic,1,6
Mathlib.Algebra.Algebra.Tower,0,1
Mathlib.Algebra.Notation.Indicator,0,33
Mathlib.Algebra.Notation.Indicator,1,34
Mathlib.Algebra.BigOperators.GroupWithZero.Finset,0,16
Mathlib.Algebra.BigOperators.GroupWithZero.Finset,1,6
Mathlib.Algebra.BigOperators.Pi,0,2
Mathlib.Algebra.BigOperators.Pi,1,3
Mathlib.Algebra.BigOperators.Ring.List,0,6
Mathlib.Algebra.BigOperators.Ring.List,1,1
Mathlib.Data.Multiset.Antidiagonal,0,3
Mathlib.Data.Multiset.Antidiagonal,2,1
Mathlib.Data.Multiset.Sections,0,3
Mathlib.Algebra.BigOperators.Ring.Multiset,0,6
Mathlib.Algebra.BigOperators.Ring.Multiset,1,1
Mathlib.Algebra.BigOperators.Ring.Finset,0,6
Mathlib.Algebra.BigOperators.Ring.Finset,1,16
Mathlib.Data.Finsupp.Defs,0,144
Mathlib.Data.Finsupp.Defs,1,1
Mathlib.Data.Finsupp.Defs,25,2
Mathlib.Data.Finsupp.Defs,26,1
Mathlib.Data.Finsupp.Single,0,56
Mathlib.Data.Finsupp.Single,1,4
Mathlib.Algebra.Group.Finsupp,0,28
Mathlib.Data.Finsupp.Indicator,0,10
Mathlib.Algebra.BigOperators.Finsupp.Basic,0,88
Mathlib.Algebra.BigOperators.Finsupp.Basic,1,25
Mathlib.Algebra.BigOperators.Group.Finset.Preimage,0,1
Mathlib.Algebra.BigOperators.Group.Finset.Preimage,1,1
Mathlib.Data.Finsupp.Basic,0,50
Mathlib.Data.Finsupp.Basic,1,4
Mathlib.Data.Finsupp.Option,0,17
Mathlib.Data.Finsupp.Option,1,1
Mathlib.Algebra.Order.AbsoluteValue.Basic,0,124
Mathlib.Algebra.Order.AbsoluteValue.Basic,1,18
Mathlib.Algebra.Order.BigOperators.Group.Multiset,0,15
Mathlib.Algebra.Order.BigOperators.Group.Multiset,1,15
Mathlib.Algebra.Order.BigOperators.Group.Finset,0,80
Mathlib.Algebra.Order.BigOperators.Group.Finset,1,81
Mathlib.Algebra.Order.BigOperators.Group.Finset,2,1
Mathlib.Algebra.Order.BigOperators.GroupWithZero.List,0,7
Mathlib.Algebra.Order.BigOperators.GroupWithZero.List,1,4
Mathlib.Algebra.Order.BigOperators.GroupWithZero.Multiset,0,10
Mathlib.Algebra.Order.BigOperators.GroupWithZero.Multiset,1,6
Mathlib.Algebra.Order.BigOperators.Ring.List,0,2
Mathlib.Algebra.Order.BigOperators.Ring.Multiset,0,4
Mathlib.Algebra.Order.BigOperators.Ring.Multiset,1,5
Mathlib.Algebra.Order.BigOperators.Ring.Finset,0,89
Mathlib.Algebra.Order.BigOperators.Ring.Finset,1,10
Mathlib.Algebra.Order.BigOperators.Ring.Finset,2,9
Mathlib.Algebra.BigOperators.Finprod,0,58
Mathlib.Algebra.BigOperators.Finprod,1,51
Mathlib.Algebra.BigOperators.Finprod,67,2
Mathlib.Algebra.BigOperators.Finprod,1022,2
Mathlib.Algebra.Module.Basic,0,1
Mathlib.Algebra.Module.Basic,1,1
Mathlib.Algebra.Module.Basic,2,3
Mathlib.Data.Finsupp.SMulWithZero,0,4
Mathlib.Data.Finsupp.SMul,0,5
Mathlib.Data.Finsupp.SMul,1,1
Mathlib.LinearAlgebra.Finsupp.Defs,0,5
Mathlib.LinearAlgebra.Finsupp.LSum,0,1
Mathlib.LinearAlgebra.Finsupp.LSum,1,3
Mathlib.LinearAlgebra.Finsupp.Supported,0,2
Mathlib.LinearAlgebra.Finsupp.Supported,1,3
Mathlib.LinearAlgebra.Finsupp.LinearCombination,0,15
Mathlib.LinearAlgebra.Finsupp.LinearCombination,1,4
Mathlib.LinearAlgebra.Basis.Defs,0,5
Mathlib.LinearAlgebra.Basis.Defs,1,15
Mathlib.Order.Interval.Set.Fin,0,11
Mathlib.Order.Interval.Set.Fin,1,186
Mathlib.Order.Interval.Finset.Fin,0,26
Mathlib.Order.Interval.Finset.Fin,1,271
Mathlib.Data.Fintype.Fin,0,6
Mathlib.Data.Fintype.Fin,1,35
Mathlib.Data.Fin.VecNotation,0,71
Mathlib.Data.Fin.VecNotation,1,96
Mathlib.Data.Fin.VecNotation,2,16
Mathlib.Data.Fin.VecNotation,3,1
Mathlib.Data.Fin.VecNotation,4,1
Mathlib.Data.Fin.VecNotation,1024,1
Mathlib.Logic.Equiv.Fin.Basic,0,115
Mathlib.Logic.Equiv.Fin.Basic,1,638
Mathlib.Logic.Equiv.Fin.Basic,2,66
Mathlib.Algebra.BigOperators.Fin,0,89
Mathlib.Algebra.BigOperators.Fin,1,1037
Mathlib.Algebra.BigOperators.Fin,2,22
Mathlib.Algebra.BigOperators.Fin,3,20
Mathlib.Algebra.BigOperators.Fin,4,18
Mathlib.Algebra.BigOperators.Fin,5,16
Mathlib.Algebra.BigOperators.Fin,6,14
Mathlib.Algebra.BigOperators.Fin,7,12
Mathlib.Algebra.BigOperators.Fin,8,10
Mathlib.LinearAlgebra.LinearIndependent.Defs,0,56
Mathlib.LinearAlgebra.LinearIndependent.Defs,1,1
Mathlib.LinearAlgebra.LinearIndependent.Defs,3,3
Mathlib.LinearAlgebra.LinearIndependent.Defs,7,2
Mathlib.LinearAlgebra.LinearIndependent.Basic,0,13
Mathlib.LinearAlgebra.LinearIndependent.Basic,1,2
Mathlib.LinearAlgebra.Basis.Basic,0,8
Mathlib.LinearAlgebra.Basis.Basic,1,4
Mathlib.Data.ENat.Pow,0,19
Mathlib.Data.ENat.Pow,1,14
Mathlib.Algebra.Group.Fin.Basic,0,21
Mathlib.Algebra.Group.Fin.Basic,1,49
Mathlib.Algebra.Group.Fin.Basic,2,13
Mathlib.Algebra.Group.ModEq,0,16
Mathlib.Algebra.Group.ModEq,50,1
Mathlib.Data.Nat.GCD.Basic,0,9
Mathlib.Data.Nat.GCD.Basic,1,11
Mathlib.Data.Nat.ModEq,0,30
Mathlib.Data.Nat.ModEq,1,15
Mathlib.Data.Nat.ModEq,2,11
Mathlib.Data.Nat.ModEq,3,2
Mathlib.Data.Nat.ModEq,4,4
Mathlib.Data.Nat.ModEq,50,1
Mathlib.Data.ZMod.Defs,0,14
Mathlib.Data.ZMod.Defs,1,22
Mathlib.SetTheory.Cardinal.Finite,0,15
Mathlib.SetTheory.Cardinal.Finite,1,10
Mathlib.SetTheory.Cardinal.Finite,2,2
Mathlib.Data.Set.Card,0,17
Mathlib.Data.Set.Card,1,46
Mathlib.Data.Set.Card,2,8
Mathlib.Data.Set.Card,3,4
Mathlib.Data.Set.Card,4,2
Mathlib.Data.Set.Card,1024,2
Mathlib.LinearAlgebra.Dimension.Basic,0,4
Mathlib.LinearAlgebra.Dimension.Basic,1,3
Mathlib.LinearAlgebra.Dimension.Finrank,1,6
Mathlib.Algebra.EuclideanDomain.Defs,0,95
Mathlib.Algebra.EuclideanDomain.Defs,1,6
Mathlib.LinearAlgebra.Basis.Submodule,0,10
Mathlib.LinearAlgebra.Basis.Submodule,1,1
Mathlib.Algebra.Group.Submonoid.Finite,0,2
Mathlib.Algebra.Group.Submonoid.Finite,1,2
Mathlib.Data.Finite.Card,0,16
Mathlib.Data.Finite.Card,1,4
Mathlib.Algebra.Group.Subgroup.Finite,0,4
Mathlib.Algebra.Group.Subgroup.Finite,1,16
Mathlib.GroupTheory.Coset.Basic,0,3
Mathlib.GroupTheory.Coset.Basic,1,3
Mathlib.Algebra.Group.Fin.Tuple,0,50
Mathlib.Algebra.Group.Fin.Tuple,1,75
Mathlib.Algebra.Algebra.Prod,0,4
Mathlib.LinearAlgebra.Prod,0,21
Mathlib.LinearAlgebra.Prod,1,3
Mathlib.LinearAlgebra.Pi,0,306
Mathlib.LinearAlgebra.Pi,1,97
Mathlib.LinearAlgebra.Pi,2,137
Mathlib.LinearAlgebra.Quotient.Defs,0,5
Mathlib.LinearAlgebra.Quotient.Basic,0,10
Mathlib.RingTheory.Congruence.Defs,0,3
Mathlib.RingTheory.Congruence.Defs,1,3
Mathlib.Algebra.Field.IsField,0,35
Mathlib.Algebra.Field.IsField,1,14
Mathlib.Algebra.Order.Interval.Finset.SuccPred,1,58
Mathlib.Order.PartialSups,0,2
Mathlib.Order.PartialSups,1,5
Mathlib.Order.SuccPred.LinearLocallyFinite,0,5
Mathlib.Order.SuccPred.LinearLocallyFinite,1,12
Mathlib.Order.Disjointed,0,2
Mathlib.Order.Disjointed,1,2
Mathlib.Algebra.Order.BigOperators.Group.LocallyFinite,0,2
Mathlib.Algebra.Order.BigOperators.Group.LocallyFinite,1,6
Mathlib.Algebra.BigOperators.Intervals,0,4
Mathlib.Algebra.BigOperators.Intervals,1,40
Mathlib.Algebra.BigOperators.Intervals,2,2
Mathlib.Algebra.Order.Antidiag.Prod,0,4
Mathlib.Data.List.NatAntidiagonal,0,7
Mathlib.Data.List.NatAntidiagonal,1,7
Mathlib.Data.List.NatAntidiagonal,2,3
Mathlib.Data.Multiset.NatAntidiagonal,0,7
Mathlib.Data.Multiset.NatAntidiagonal,1,5
Mathlib.Data.Multiset.NatAntidiagonal,2,3
Mathlib.Data.Finset.NatAntidiagonal,0,7
Mathlib.Data.Finset.NatAntidiagonal,1,45
Mathlib.Data.Finset.NatAntidiagonal,2,3
Mathlib.Algebra.BigOperators.NatAntidiagonal,0,4
Mathlib.Algebra.BigOperators.NatAntidiagonal,1,12
Mathlib.Data.Nat.Choose.Sum,0,7
Mathlib.Data.Nat.Choose.Sum,1,62
Mathlib.Data.Nat.Choose.Sum,2,9
Mathlib.Data.Nat.Choose.Sum,4,3
Mathlib.RingTheory.Ideal.Defs,0,2
Mathlib.RingTheory.Ideal.Lattice,0,1
Mathlib.RingTheory.Ideal.Lattice,1,3
Mathlib.RingTheory.Ideal.Prime,0,2
Mathlib.RingTheory.Ideal.Prime,1,2
Mathlib.Algebra.GroupWithZero.Idempotent,0,5
Mathlib.Algebra.GroupWithZero.Idempotent,1,1
Mathlib.Algebra.Ring.Idempotent,0,12
Mathlib.Algebra.Ring.Idempotent,1,11
Mathlib.RingTheory.Ideal.Span,0,8
Mathlib.RingTheory.Ideal.Span,1,5
Mathlib.RingTheory.Ideal.Maximal,0,1
Mathlib.RingTheory.Ideal.Maximal,1,3
Mathlib.Tactic.FinCases,0,3
Mathlib.Tactic.FinCases,1022,1
Mathlib.RingTheory.Ideal.Basic,0,4
Mathlib.RingTheory.Ideal.Basic,1,11
Mathlib.RingTheory.Ideal.Basic,2,4
Mathlib.RingTheory.Ideal.Quotient.Defs,0,8
Mathlib.RingTheory.Ideal.Quotient.Defs,1,3
Mathlib.RingTheory.Ideal.Quotient.Basic,0,42
Mathlib.RingTheory.Ideal.Quotient.Basic,1,10
Mathlib.Algebra.Module.Submodule.IterateMapComap,1,4
Mathlib.Algebra.Order.SuccPred.PartialSups,1,4
Mathlib.LinearAlgebra.Finsupp.Pi,0,1
Mathlib.LinearAlgebra.Finsupp.Pi,1,21
Mathlib.Order.Filter.Defs,0,9
Mathlib.Order.Filter.Defs,1,1
Mathlib.Order.Filter.Defs,50,6
Mathlib.Order.Filter.Defs,1022,3
Mathlib.Order.Filter.Defs,1024,2
Mathlib.Order.Filter.Basic,0,2
Mathlib.Order.Filter.Bases.Basic,0,1
Mathlib.Order.Filter.Bases.Basic,1,1
Mathlib.Order.Filter.AtTopBot.Basic,0,1
Mathlib.Algebra.Group.TransferInstance,0,4
Mathlib.Algebra.Group.TransferInstance,1,4
Mathlib.Algebra.Group.Shrink,0,2
Mathlib.Algebra.Group.Shrink,1,2
Mathlib.Algebra.NoZeroSMulDivisors.Defs,0,32
Mathlib.Algebra.Order.Module.Defs,0,265
Mathlib.Algebra.Order.Module.Defs,1,8
Mathlib.Algebra.Order.Nonneg.Module,0,22
Mathlib.Tactic.Algebraize,0,19
Mathlib.Tactic.Algebraize,1,14
Mathlib.Tactic.Algebraize,2,4
Mathlib.Tactic.Algebraize,1022,2
Mathlib.RingTheory.Finiteness.Basic,0,1
Mathlib.Algebra.Module.Congruence.Defs,0,5
Mathlib.Algebra.Module.Congruence.Defs,1,3
Mathlib.SetTheory.Ordinal.Basic,0,66
Mathlib.SetTheory.Ordinal.Basic,1,494
Mathlib.SetTheory.Ordinal.Basic,2,1
Mathlib.SetTheory.Ordinal.Basic,70,1
Mathlib.SetTheory.Ordinal.Basic,1022,1
Mathlib.SetTheory.Ordinal.Basic,1024,1
Mathlib.SetTheory.Ordinal.Arithmetic,0,92
Mathlib.SetTheory.Ordinal.Arithmetic,1,10
Mathlib.SetTheory.Ordinal.Family,0,25
Mathlib.SetTheory.Ordinal.Family,1,4
Mathlib.SetTheory.Ordinal.Enum,0,1
Mathlib.SetTheory.Cardinal.Aleph,0,22
Mathlib.SetTheory.Cardinal.Aleph,1,32
Mathlib.SetTheory.Cardinal.Aleph,2,6
Mathlib.SetTheory.Cardinal.Aleph,1024,5
Mathlib.SetTheory.Cardinal.Arithmetic,0,32
Mathlib.SetTheory.Cardinal.Arithmetic,1,9
Mathlib.SetTheory.Cardinal.Arithmetic,2,10
Mathlib.SetTheory.Ordinal.Exponential,0,55
Mathlib.SetTheory.Ordinal.Exponential,1,39
Mathlib.SetTheory.Ordinal.FixedPoint,0,19
Mathlib.SetTheory.Ordinal.FixedPoint,1,1
Mathlib.SetTheory.Cardinal.Cofinality,0,10
Mathlib.SetTheory.Cardinal.Cofinality,1,5
Mathlib.SetTheory.Cardinal.Cofinality,2,2
Mathlib.SetTheory.Cardinal.Regular,0,5
Mathlib.SetTheory.Cardinal.Regular,1,5
Mathlib.SetTheory.Cardinal.Regular,2,1
Mathlib.Data.DFinsupp.Defs,0,431
Mathlib.Data.DFinsupp.Defs,1,1
Mathlib.Data.DFinsupp.Defs,1022,1
Mathlib.Data.DFinsupp.BigOperators,0,124
Mathlib.Data.DFinsupp.BigOperators,1,12
Mathlib.Data.DFinsupp.Submonoid,0,6
Mathlib.Data.DFinsupp.Module,0,1
Mathlib.Data.DFinsupp.Sigma,0,127
Mathlib.Data.Finsupp.ToDFinsupp,0,36
Mathlib.Data.Fin.Tuple.Reflection,0,117
Mathlib.Data.Fin.Tuple.Reflection,1,137
Mathlib.Data.Fin.Tuple.Reflection,2,8
Mathlib.LinearAlgebra.BilinearMap,0,8
Mathlib.LinearAlgebra.Dual.Defs,0,4
Mathlib.LinearAlgebra.Dual.Defs,1,1
Mathlib.Logic.Equiv.Fin.Rotate,0,16
Mathlib.Logic.Equiv.Fin.Rotate,1,120
Mathlib.Tactic.Module,0,24
Mathlib.Tactic.Module,1,1
Mathlib.Tactic.Module,2,1
Mathlib.Tactic.Module,25,1
Mathlib.Tactic.Module,47,1
Mathlib.Tactic.Module,100,2
Mathlib.Tactic.Module,101,1
Mathlib.Tactic.Module,530,1
Mathlib.Tactic.Module,531,1
Mathlib.Tactic.Module,1000,1
Mathlib.Tactic.Module,1024,2
Mathlib.LinearAlgebra.LinearIndependent.Lemmas,0,95
Mathlib.LinearAlgebra.LinearIndependent.Lemmas,1,44
Mathlib.LinearAlgebra.LinearIndependent.Lemmas,2,2
Mathlib.LinearAlgebra.DFinsupp,0,16
Mathlib.LinearAlgebra.Isomorphisms,0,2
Mathlib.Algebra.Algebra.Opposite,1,2
Mathlib.Algebra.FreeAbelianGroup.Finsupp,0,5
Mathlib.Algebra.FreeAbelianGroup.Finsupp,1,3
Mathlib.Algebra.MonoidAlgebra.Defs,0,52
Mathlib.Algebra.MonoidAlgebra.Defs,1,45
Mathlib.Algebra.MonoidAlgebra.Defs,2,4
Mathlib.Algebra.MonoidAlgebra.Defs,1024,2
Mathlib.Algebra.Group.AddChar,0,49
Mathlib.Algebra.Group.AddChar,1,51
Mathlib.Algebra.Module.BigOperators,1,2
Mathlib.Algebra.MonoidAlgebra.Lift,1,4
Mathlib.Algebra.MonoidAlgebra.Module,1,2
Mathlib.Algebra.Group.Pointwise.Finset.Basic,0,105
Mathlib.Algebra.Group.Pointwise.Finset.Basic,1,87
Mathlib.Algebra.Group.Pointwise.Finset.Basic,2,2
Mathlib.Algebra.Group.UniqueProds.Basic,1,24
Mathlib.Data.Multiset.Sort,0,6
Mathlib.Data.Finset.Sort,0,16
Mathlib.Data.Finset.Sort,1,123
Mathlib.Algebra.Polynomial.Basic,0,119
Mathlib.Algebra.Polynomial.Basic,1,71
Mathlib.Algebra.Polynomial.Basic,65,2
Mathlib.Algebra.Polynomial.Basic,70,2
Mathlib.Algebra.Polynomial.Basic,80,1
Mathlib.Algebra.Polynomial.Basic,1024,1
Mathlib.Algebra.Polynomial.Basic,9000,1
Mathlib.LinearAlgebra.FreeModule.Basic,1,1
Mathlib.LinearAlgebra.Finsupp.Span,1,1
Mathlib.Order.Sublattice,0,1
Mathlib.Order.Sublattice,1,1
Mathlib.Algebra.Module.Submodule.Invariant,0,1
Mathlib.Algebra.Module.Submodule.Invariant,1,1
Mathlib.LinearAlgebra.Projection,0,18
Mathlib.LinearAlgebra.Projection,1,2
Mathlib.LinearAlgebra.Finsupp.VectorSpace,0,4
Mathlib.LinearAlgebra.Finsupp.VectorSpace,1,5
Mathlib.LinearAlgebra.StdBasis,0,1
Mathlib.LinearAlgebra.StdBasis,1,3
Mathlib.Algebra.Exact,0,25
Mathlib.Algebra.Exact,1,18
Mathlib.Algebra.Algebra.NonUnitalHom,0,29
Mathlib.Algebra.Algebra.NonUnitalHom,1,6
Mathlib.Algebra.Algebra.NonUnitalHom,25,4
Mathlib.Algebra.Algebra.NonUnitalHom,26,1
Mathlib.LinearAlgebra.TensorProduct.Defs,0,112
Mathlib.LinearAlgebra.TensorProduct.Defs,1,3
Mathlib.LinearAlgebra.TensorProduct.Defs,65,2
Mathlib.LinearAlgebra.TensorProduct.Defs,100,11
Mathlib.LinearAlgebra.TensorProduct.Defs,101,5
Mathlib.LinearAlgebra.TensorProduct.Basic,0,71
Mathlib.LinearAlgebra.TensorProduct.Map,0,8
Mathlib.LinearAlgebra.TensorProduct.Map,1,3
Mathlib.LinearAlgebra.TensorProduct.Map,70,1
Mathlib.LinearAlgebra.TensorProduct.Map,71,2
Mathlib.Algebra.Algebra.Bilinear,0,1
Mathlib.Algebra.Algebra.Bilinear,1,2
Mathlib.Algebra.Algebra.Bilinear,1024,2
Mathlib.Algebra.GroupWithZero.Pointwise.Set.Basic,0,18
Mathlib.Algebra.GroupWithZero.Action.Pointwise.Set,0,30
Mathlib.Algebra.GroupWithZero.Submonoid.Pointwise,0,12
Mathlib.Algebra.GroupWithZero.Subgroup,0,12
Mathlib.Algebra.Module.Submodule.Pointwise,0,3
Mathlib.Algebra.Ring.NonZeroDivisors,0,4
Mathlib.Algebra.Ring.NonZeroDivisors,1,6
Mathlib.Algebra.Ring.Submonoid.Pointwise,1,7
Mathlib.Algebra.Order.Kleene,0,20
Mathlib.Algebra.Order.Kleene,1,38
Mathlib.Algebra.Order.Kleene,1024,2
Mathlib.Data.Set.Semiring,0,3
Mathlib.Data.Set.Semiring,1,7
Mathlib.GroupTheory.GroupAction.SubMulAction.Pointwise,0,1
Mathlib.GroupTheory.GroupAction.SubMulAction.Pointwise,1,18
Mathlib.Algebra.Algebra.Operations,0,9
Mathlib.Algebra.Algebra.Operations,1,48
Mathlib.RingTheory.Coprime.Basic,0,11
Mathlib.RingTheory.Coprime.Basic,1,8
Mathlib.RingTheory.Coprime.Basic,2,4
Mathlib.RingTheory.Coprime.Lemmas,0,10
Mathlib.RingTheory.Coprime.Lemmas,1,6
Mathlib.Tactic.Order.CollectFacts,0,12
Mathlib.Tactic.Order.CollectFacts,1,22
Mathlib.Tactic.Order.CollectFacts,2,12
Mathlib.Tactic.Order.CollectFacts,3,12
Mathlib.Tactic.Order.CollectFacts,4,12
Mathlib.Tactic.Order.CollectFacts,5,12
Mathlib.Tactic.Order.CollectFacts,6,12
Mathlib.Tactic.Order.CollectFacts,7,12
Mathlib.Tactic.Order.CollectFacts,8,12
Mathlib.Tactic.Order.CollectFacts,9,11
Mathlib.Tactic.Order.Graph.Basic,0,2
Mathlib.Tactic.Order.Graph.Basic,1,2
Mathlib.Tactic.Order.Graph.Tarjan,0,2
Mathlib.Tactic.Order.Graph.Tarjan,1,1
Mathlib.Tactic.Order.Preprocessing,0,10
Mathlib.Tactic.Order.Preprocessing,1,11
Mathlib.Tactic.Order.Preprocessing,2,7
Mathlib.Tactic.Order.ToInt,0,4
Mathlib.Tactic.Order.ToInt,1,2
Mathlib.Tactic.Order,0,6
Mathlib.Tactic.Order,1,2
Mathlib.Tactic.Order,8,2
Mathlib.Tactic.Order,15,1
Mathlib.Tactic.Order,46,1
Mathlib.Tactic.Order,170,1
Mathlib.Tactic.Order,172,1
Mathlib.Tactic.Order,206,1
Mathlib.Tactic.Order,226,1
Mathlib.Tactic.Order,1022,2
Mathlib.RingTheory.Ideal.Operations,0,18
Mathlib.RingTheory.Ideal.Operations,1,13
Mathlib.RingTheory.Ideal.Maps,0,8
Mathlib.RingTheory.Ideal.Maps,1,3
Mathlib.RingTheory.Noetherian.Basic,1,1
Mathlib.RingTheory.Noetherian.Orzech,0,1
Mathlib.Algebra.EuclideanDomain.Basic,0,42
Mathlib.Algebra.EuclideanDomain.Basic,1,7
Mathlib.Algebra.EuclideanDomain.Field,0,51
Mathlib.Algebra.GCDMonoid.Basic,0,195
Mathlib.Algebra.GCDMonoid.Basic,1,52
Mathlib.RingTheory.Ideal.Nonunits,0,6
Mathlib.RingTheory.Ideal.Nonunits,1,2
Mathlib.RingTheory.UniqueFactorizationDomain.Defs,0,25
Mathlib.RingTheory.UniqueFactorizationDomain.Defs,1,1
Mathlib.RingTheory.PrincipalIdealDomain,0,17
Mathlib.LinearAlgebra.InvariantBasisNumber,1,18
Mathlib.LinearAlgebra.Dimension.Subsingleton,0,3
Mathlib.LinearAlgebra.Dimension.StrongRankCondition,0,11
Mathlib.LinearAlgebra.Dimension.StrongRankCondition,1,2
Mathlib.LinearAlgebra.Dimension.StrongRankCondition,2,9
Mathlib.LinearAlgebra.Matrix.Defs,0,14
Mathlib.LinearAlgebra.Matrix.Defs,1024,2
Mathlib.Data.Matrix.Diagonal,0,28
Mathlib.Data.Matrix.Diagonal,1,29
Mathlib.Data.Matrix.Mul,0,58
Mathlib.Data.Matrix.Mul,1,46
Mathlib.Data.Matrix.Mul,2,44
Mathlib.Data.Matrix.Mul,72,2
Mathlib.Data.Matrix.Mul,73,5
Mathlib.Data.Matrix.Mul,74,2
Mathlib.Data.Matrix.Basic,0,9
Mathlib.Data.Matrix.Basic,1,2
Mathlib.Data.Matrix.Basis,0,17
Mathlib.Data.Matrix.Basis,1,11
Mathlib.LinearAlgebra.Matrix.StdBasis,1,1
Mathlib.Algebra.Order.Group.Finset,0,3
Mathlib.Algebra.Order.Group.Finset,1,1
Mathlib.Data.Finsupp.Multiset,0,4
Mathlib.Data.Finsupp.Multiset,1,1
Mathlib.SetTheory.Cardinal.Finsupp,1,1
Mathlib.LinearAlgebra.Dimension.Free,0,6
Mathlib.LinearAlgebra.Dimension.Free,1,12
Mathlib.RingTheory.NonUnitalSubring.Basic,0,6
Mathlib.Algebra.Algebra.NonUnitalSubalgebra,0,12
Mathlib.Algebra.Algebra.NonUnitalSubalgebra,1,1
Mathlib.RingTheory.TwoSidedIdeal.Basic,0,12
Mathlib.RingTheory.TwoSidedIdeal.Basic,1,1
Mathlib.RingTheory.TwoSidedIdeal.Lattice,0,2
Mathlib.RingTheory.TwoSidedIdeal.Lattice,1,3
Mathlib.RingTheory.TwoSidedIdeal.Kernel,0,1
Mathlib.RingTheory.SimpleRing.Basic,0,1
Mathlib.RingTheory.SimpleRing.Basic,1,2
Mathlib.Algebra.Algebra.Subalgebra.Basic,0,7
Mathlib.Algebra.Algebra.Subalgebra.Basic,1,17
Mathlib.Algebra.Algebra.Subalgebra.Lattice,0,4
Mathlib.Algebra.Algebra.Subalgebra.Lattice,1,4
Mathlib.Algebra.DirectSum.Basic,0,28
Mathlib.Algebra.DirectSum.Basic,1022,1
Mathlib.Algebra.DirectSum.Module,0,7
Mathlib.Algebra.DirectSum.Finsupp,0,1
Mathlib.LinearAlgebra.TensorProduct.Associator,1,9
Mathlib.LinearAlgebra.TensorProduct.Tower,0,2
Mathlib.LinearAlgebra.TensorProduct.Tower,1,20
Mathlib.LinearAlgebra.DirectSum.Finsupp,1,5
Mathlib.LinearAlgebra.TensorProduct.Basis,0,4
Mathlib.LinearAlgebra.TensorProduct.Basis,1,1
Mathlib.Data.Matrix.Composition,1,2
Mathlib.Algebra.Ring.Aut,1,4
Mathlib.Algebra.Star.Basic,0,10
Mathlib.Algebra.Star.Basic,1,2
Mathlib.Algebra.Star.Basic,1024,1
Mathlib.Algebra.Star.SelfAdjoint,0,4
Mathlib.Algebra.Star.SelfAdjoint,1,7
Mathlib.Algebra.Module.LinearMap.Star,0,5
Mathlib.Algebra.Module.LinearMap.Star,25,2
Mathlib.Algebra.Module.LinearMap.Star,50,1
Mathlib.Algebra.Star.Module,0,3
Mathlib.Algebra.Star.Module,2,22
Mathlib.LinearAlgebra.Matrix.ConjTranspose,0,4
Mathlib.LinearAlgebra.Matrix.ConjTranspose,1,4
Mathlib.LinearAlgebra.Matrix.ConjTranspose,1024,2
Mathlib.Data.Matrix.Block,0,40
Mathlib.Data.Matrix.Block,1,14
Mathlib.LinearAlgebra.Basis.Fin,0,17
Mathlib.LinearAlgebra.Basis.Fin,1,19
Mathlib.LinearAlgebra.Basis.Fin,2,63
Mathlib.LinearAlgebra.Basis.Prod,0,2
Mathlib.LinearAlgebra.Matrix.RowCol,0,22
Mathlib.LinearAlgebra.Matrix.RowCol,1,8
Mathlib.LinearAlgebra.Matrix.Notation,0,367
Mathlib.LinearAlgebra.Matrix.Notation,1,155
Mathlib.LinearAlgebra.Matrix.Notation,2,332
Mathlib.LinearAlgebra.Matrix.Notation,3,287
Mathlib.LinearAlgebra.Matrix.Notation,6,1
Mathlib.LinearAlgebra.Matrix.Notation,1024,3
Mathlib.LinearAlgebra.Matrix.ToLin,0,19
Mathlib.LinearAlgebra.Matrix.ToLin,1,55
Mathlib.LinearAlgebra.Matrix.ToLin,2,114
Mathlib.LinearAlgebra.FreeModule.PID,0,30
Mathlib.LinearAlgebra.FreeModule.PID,1,22
Mathlib.Algebra.Field.Subfield.Defs,0,4
Mathlib.Algebra.Field.Subfield.Defs,1,4
Mathlib.Algebra.Field.Subfield.Basic,1,1
Mathlib.Algebra.Order.GroupWithZero.Submonoid,0,3
Mathlib.Algebra.Order.GroupWithZero.Submonoid,1,4
Mathlib.RingTheory.OreLocalization.Basic,0,11
Mathlib.GroupTheory.MonoidLocalization.MonoidWithZero,0,19
Mathlib.GroupTheory.MonoidLocalization.MonoidWithZero,1,1
Mathlib.RingTheory.OreLocalization.NonZeroDivisors,0,13
Mathlib.RingTheory.OreLocalization.NonZeroDivisors,1,1
Mathlib.RingTheory.OreLocalization.Ring,0,6
Mathlib.RingTheory.OreLocalization.Ring,1,1
Mathlib.RingTheory.Localization.Defs,0,22
Mathlib.RingTheory.Localization.Defs,1,17
Mathlib.RingTheory.Localization.Basic,0,3
Mathlib.RingTheory.Localization.Basic,1,3
Mathlib.RingTheory.Localization.FractionRing,0,12
Mathlib.RingTheory.Localization.FractionRing,1,4
Mathlib.RingTheory.Adjoin.Basic,1,3
Mathlib.RingTheory.TensorProduct.Basic,1,30
Mathlib.RingTheory.TensorProduct.Maps,1,39
Mathlib.Algebra.Algebra.Epi,1,3
Mathlib.Tactic.NoncommRing,1022,1
Mathlib.Algebra.Algebra.Spectrum.Basic,0,14
Mathlib.Algebra.Algebra.Spectrum.Basic,1,5
Mathlib.Algebra.Star.StarRingHom,0,12
Mathlib.Algebra.Star.StarRingHom,1,5
Mathlib.Algebra.Star.StarRingHom,25,3
Mathlib.Algebra.Star.StarRingHom,26,1
Mathlib.Algebra.Star.StarAlgHom,0,32
Mathlib.Algebra.Star.StarAlgHom,1,16
Mathlib.Algebra.Star.StarAlgHom,25,9
Mathlib.Algebra.Star.StarAlgHom,26,3
Mathlib.Algebra.Star.NonUnitalSubalgebra,0,10
Mathlib.Algebra.Star.NonUnitalSubalgebra,1,1
Mathlib.Algebra.Algebra.Unitization,0,20
Mathlib.Algebra.Algebra.Unitization,1,6
Mathlib.Algebra.Algebra.Spectrum.Quasispectrum,0,43
Mathlib.Algebra.Algebra.Spectrum.Quasispectrum,1,16
Mathlib.Algebra.Order.Group.Opposite,0,16
Mathlib.Algebra.Order.Group.Opposite,1,16
Mathlib.Tactic.ContinuousFunctionalCalculus,1024,3
Mathlib.Algebra.Star.StarProjection,0,5
Mathlib.Algebra.Star.StarProjection,1,7
Mathlib.Algebra.Order.Star.Basic,0,53
Mathlib.Algebra.Order.Star.Basic,1,11
Mathlib.Algebra.Order.Star.Basic,2,1
Mathlib.Algebra.Algebra.StrictPositivity,0,7
Mathlib.Algebra.Algebra.StrictPositivity,1,1
Mathlib.Algebra.Algebra.Subalgebra.Centralizer,1,2
Mathlib.LinearAlgebra.Dimension.Constructions,0,1
Mathlib.LinearAlgebra.Dimension.Constructions,1,3
Mathlib.LinearAlgebra.Dimension.Finite,0,43
Mathlib.LinearAlgebra.Dimension.Finite,1,7
Mathlib.LinearAlgebra.LinearPMap,0,59
Mathlib.LinearAlgebra.LinearPMap,1,1
Mathlib.LinearAlgebra.LinearPMap,25,2
Mathlib.LinearAlgebra.Basis.VectorSpace,0,10
Mathlib.LinearAlgebra.FiniteDimensional.Defs,0,3
Mathlib.LinearAlgebra.FiniteDimensional.Defs,1,1
Mathlib.LinearAlgebra.FiniteDimensional.Defs,2,1
Mathlib.LinearAlgebra.FiniteDimensional.Basic,0,59
Mathlib.LinearAlgebra.FiniteDimensional.Basic,1,29
Mathlib.LinearAlgebra.Dimension.FreeAndStrongRankCondition,0,7
Mathlib.LinearAlgebra.Dimension.FreeAndStrongRankCondition,1,20
Mathlib.Algebra.MonoidAlgebra.MapDomain,0,4
Mathlib.Algebra.MonoidAlgebra.MapDomain,1,8
Mathlib.Algebra.MonoidAlgebra.Basic,0,2
Mathlib.Algebra.MonoidAlgebra.Basic,1,24
Mathlib.Algebra.FreeAlgebra,0,71
Mathlib.Algebra.FreeAlgebra,1,43
Mathlib.Algebra.FreeAlgebra,2,12
Mathlib.Algebra.FreeAlgebra,3,11
Mathlib.Algebra.Polynomial.Eval.Defs,0,25
Mathlib.Algebra.Polynomial.Eval.Defs,1,12
Mathlib.Algebra.MonoidAlgebra.Support,0,18
Mathlib.Algebra.MonoidAlgebra.Support,1,10
Mathlib.Data.Nat.Prime.Defs,0,10
Mathlib.Data.Nat.Prime.Defs,1,22
Mathlib.Data.Nat.Prime.Defs,2,52
Mathlib.Data.Nat.Prime.Defs,3,6
Mathlib.Data.Nat.Prime.Defs,5,1
Mathlib.Data.Nat.Prime.Defs,7,1
Mathlib.Data.Nat.Prime.Defs,11,1
Mathlib.Algebra.CharP.Defs,0,29
Mathlib.Algebra.CharP.Defs,1,24
Mathlib.Algebra.CharP.Defs,2,2
Mathlib.Algebra.Polynomial.Coeff,0,32
Mathlib.Algebra.Polynomial.Coeff,1,12
Mathlib.Algebra.Polynomial.Coeff,2,1
Mathlib.Algebra.Polynomial.Coeff,3,1
Mathlib.Algebra.MonoidAlgebra.Degree,0,46
Mathlib.Algebra.MonoidAlgebra.Degree,1,3
Mathlib.Algebra.Polynomial.Degree.Defs,0,73
Mathlib.Algebra.Polynomial.Degree.Defs,1,32
Mathlib.Algebra.Polynomial.Degree.Operations,0,66
Mathlib.Algebra.Polynomial.Degree.Operations,1,32
Mathlib.Algebra.Polynomial.Degree.Support,0,10
Mathlib.Algebra.Polynomial.Degree.Support,1,6
Mathlib.Algebra.Polynomial.Degree.Domain,0,13
Mathlib.Data.Nat.WithBot,0,13
Mathlib.Data.Nat.WithBot,1,10
Mathlib.Data.Nat.WithBot,2,5
Mathlib.Data.Nat.WithBot,3,3
Mathlib.Algebra.Polynomial.Degree.SmallDegree,0,18
Mathlib.Algebra.Polynomial.Degree.SmallDegree,1,11
Mathlib.Algebra.Polynomial.Degree.SmallDegree,2,19
Mathlib.Algebra.Polynomial.Degree.SmallDegree,3,12
Mathlib.Algebra.Polynomial.Degree.SmallDegree,4,1
Mathlib.Algebra.Polynomial.Degree.Units,0,12
Mathlib.Algebra.Polynomial.Eval.Coeff,0,20
Mathlib.Algebra.Polynomial.Eval.Coeff,1,2
Mathlib.Algebra.Polynomial.Eval.Degree,0,16
Mathlib.Algebra.Polynomial.Eval.Degree,1,8
Mathlib.Algebra.Polynomial.Monomial,1,3
Mathlib.Algebra.Polynomial.AlgebraMap,0,27
Mathlib.Algebra.Polynomial.AlgebraMap,1,3
Mathlib.Data.Finsupp.Antidiagonal,0,3
Mathlib.Algebra.Notation.Lemmas,0,24
Mathlib.Algebra.Notation.Lemmas,1,24
Mathlib.Algebra.Order.Pi,0,22
Mathlib.Algebra.Order.Pi,1,22
Mathlib.Data.Finsupp.Order,0,30
Mathlib.Data.Finsupp.Order,1,6
Mathlib.Algebra.MvPolynomial.Basic,0,92
Mathlib.Algebra.MvPolynomial.Basic,1,52
Mathlib.Algebra.MvPolynomial.Eval,0,23
Mathlib.Algebra.MvPolynomial.Eval,1,2
Mathlib.Order.PiLex,0,1
Mathlib.Order.PiLex,1022,1
Mathlib.Data.DFinsupp.Order,0,31
Mathlib.Data.DFinsupp.NeLocus,0,34
Mathlib.Data.DFinsupp.Lex,0,2
Mathlib.Data.Finsupp.Lex,0,2
Mathlib.Data.Finsupp.Lex,1,11
Mathlib.Algebra.MvPolynomial.Rename,0,6
Mathlib.Algebra.MvPolynomial.Degrees,0,23
Mathlib.Algebra.MvPolynomial.Degrees,1,8
Mathlib.Algebra.MvPolynomial.Variables,0,10
Mathlib.Algebra.MvPolynomial.Variables,1,1
Mathlib.Algebra.MvPolynomial.CommRing,0,1
Mathlib.Data.Finsupp.Fin,0,14
Mathlib.Data.Finsupp.Fin,1,65
Mathlib.Algebra.BigOperators.Finsupp.Fin,0,25
Mathlib.Algebra.BigOperators.Finsupp.Fin,1,11
Mathlib.Algebra.BigOperators.Finsupp.Fin,2,73
Mathlib.Algebra.MvPolynomial.Equiv,0,15
Mathlib.Algebra.MvPolynomial.Equiv,1,412
Mathlib.Algebra.Polynomial.Degree.TrailingDegree,0,81
Mathlib.Algebra.Polynomial.Degree.TrailingDegree,1,16
Mathlib.Algebra.Polynomial.Degree.Lemmas,0,48
Mathlib.Algebra.Polynomial.Degree.Lemmas,1,5
Mathlib.Algebra.Polynomial.Degree.Monomial,0,1
Mathlib.Algebra.Polynomial.Degree.Monomial,1,3
Mathlib.Algebra.Polynomial.EraseLead,0,53
Mathlib.Algebra.Polynomial.EraseLead,1,9
Mathlib.Algebra.Polynomial.EraseLead,2,5
Mathlib.Algebra.Polynomial.EraseLead,3,1
Mathlib.Algebra.Polynomial.Reverse,0,16
Mathlib.Algebra.Polynomial.Reverse,1,4
Mathlib.Algebra.Polynomial.Monic,0,43
Mathlib.Algebra.Polynomial.Monic,1,31
Mathlib.Algebra.Polynomial.Monic,2,3
Mathlib.Algebra.Polynomial.BigOperators,0,16
Mathlib.Algebra.Polynomial.BigOperators,1,2
Mathlib.Algebra.Ring.GeomSum,0,7
Mathlib.Algebra.Ring.GeomSum,1,76
Mathlib.Algebra.Ring.GeomSum,2,2
Mathlib.RingTheory.Polynomial.Basic,0,19
Mathlib.RingTheory.Polynomial.Basic,1,9
Mathlib.Algebra.Ring.Action.Submonoid,0,1
Mathlib.Algebra.Ring.Action.Submonoid,51,1
Mathlib.Algebra.Ring.Action.Submonoid,1022,1
Mathlib.Algebra.Algebra.Subalgebra.Operations,1,2
Mathlib.Algebra.Ring.Fin,0,138
Mathlib.Algebra.Ring.Fin,1,138
Mathlib.Algebra.Ring.Fin,2,76
Mathlib.RingTheory.Ideal.Quotient.Operations,0,7
Mathlib.RingTheory.Ideal.Quotient.Operations,1,962
Mathlib.RingTheory.Ideal.Quotient.Operations,2,71
Mathlib.Algebra.Order.Monoid.Submonoid,0,4
Mathlib.Algebra.Order.Monoid.Submonoid,1,4
Mathlib.Algebra.Ring.Subsemiring.Order,0,1
Mathlib.Algebra.Ring.Subsemiring.Pointwise,0,6
Mathlib.Algebra.Ring.Subring.Pointwise,0,6
Mathlib.Algebra.Star.Subalgebra,0,3
Mathlib.Algebra.Star.Subalgebra,1,6
Mathlib.Algebra.Algebra.Subalgebra.Unitization,0,1
Mathlib.Algebra.Algebra.Subalgebra.Unitization,1,9
Mathlib.Data.Int.ModEq,0,17
Mathlib.Data.Int.ModEq,1,2
Mathlib.Data.Int.ModEq,50,1
Mathlib.Algebra.CharP.Basic,0,8
Mathlib.Algebra.CharP.Basic,1,4
Mathlib.Algebra.CharP.Basic,2,5
Mathlib.Data.Fintype.Units,1,18
Mathlib.Data.Fintype.Units,2,1
Mathlib.Algebra.CharP.Two,0,7
Mathlib.Algebra.CharP.Two,1,3
Mathlib.Algebra.CharP.Two,2,45
Mathlib.Algebra.GCDMonoid.Multiset,0,15
Mathlib.Algebra.GCDMonoid.Multiset,1,5
Mathlib.Algebra.GCDMonoid.Finset,0,16
Mathlib.Algebra.GCDMonoid.Finset,1,6
Mathlib.Algebra.GCDMonoid.Nat,0,12
Mathlib.Algebra.GCDMonoid.Nat,1,4
Mathlib.Data.Nat.Prime.Basic,0,5
Mathlib.Data.Nat.Prime.Basic,1,27
Mathlib.Data.Nat.Prime.Basic,2,25
Mathlib.Data.Nat.Prime.Basic,3,1
Mathlib.Data.Nat.Prime.Basic,5,1
Mathlib.Data.List.Permutation,0,2
Mathlib.Data.List.Permutation,1,4
Mathlib.Data.List.Permutation,2,1
Mathlib.Data.List.Cycle,0,7
Mathlib.Data.List.Cycle,1,17
Mathlib.Data.List.Cycle,2,2
Mathlib.Dynamics.PeriodicPts.Defs,0,28
Mathlib.Dynamics.PeriodicPts.Defs,1,5
Mathlib.Dynamics.PeriodicPts.Lemmas,0,2
Mathlib.Dynamics.PeriodicPts.Lemmas,1,2
Mathlib.GroupTheory.GroupAction.Basic,0,5
Mathlib.GroupTheory.GroupAction.Basic,1,4
Mathlib.GroupTheory.GroupAction.Quotient,0,1
Mathlib.GroupTheory.GroupAction.Quotient,1,1
Mathlib.GroupTheory.Index,0,120
Mathlib.GroupTheory.Index,1,16
Mathlib.GroupTheory.Index,2,32
Mathlib.Data.Nat.Log,0,69
Mathlib.Data.Nat.Log,1,117
Mathlib.Data.Nat.Log,2,20
Mathlib.Data.Nat.Prime.Pow,0,2
Mathlib.Algebra.IsPrimePow,0,14
Mathlib.Algebra.IsPrimePow,1,5
Mathlib.Algebra.IsPrimePow,2,5
Mathlib.Data.Nat.Factors,0,26
Mathlib.Data.Nat.Factors,1,7
Mathlib.Data.Nat.Factors,2,17
Mathlib.Data.Nat.Factors,4,1
Mathlib.Data.Nat.PrimeFin,0,15
Mathlib.Data.Nat.PrimeFin,1,4
Mathlib.NumberTheory.Divisors,0,42
Mathlib.NumberTheory.Divisors,1,91
Mathlib.NumberTheory.Divisors,2,24
Mathlib.NumberTheory.Divisors,3,15
Mathlib.NumberTheory.Divisors,4,10
Mathlib.GroupTheory.OrderOfElement,0,179
Mathlib.GroupTheory.OrderOfElement,1,103
Mathlib.GroupTheory.OrderOfElement,2,6
Mathlib.Data.ZMod.Basic,0,248
Mathlib.Data.ZMod.Basic,1,194
Mathlib.Data.ZMod.Basic,2,142
Mathlib.Algebra.Algebra.ZMod,1,2
Mathlib.Algebra.Order.Ring.GeomSum,0,24
Mathlib.Algebra.Order.Ring.GeomSum,1,17
Mathlib.Algebra.Order.Ring.GeomSum,2,3
Mathlib.Data.Nat.Choose.Central,0,6
Mathlib.Data.Nat.Choose.Central,1,6
Mathlib.Data.Nat.Choose.Central,2,10
Mathlib.Data.Nat.Choose.Central,4,3
Mathlib.Tactic.IntervalCases,0,20
Mathlib.Tactic.IntervalCases,1,25
Mathlib.Tactic.IntervalCases,4,8
Mathlib.Tactic.IntervalCases,1022,1
Mathlib.Data.Nat.Digits.Defs,0,49
Mathlib.Data.Nat.Digits.Defs,1,39
Mathlib.Data.Nat.Digits.Defs,2,25
Mathlib.Data.Nat.Digits.Defs,10,1
Mathlib.Data.Nat.Digits.Lemmas,0,15
Mathlib.Data.Nat.Digits.Lemmas,1,49
Mathlib.Data.Nat.Digits.Lemmas,2,10
Mathlib.RingTheory.Multiplicity,0,42
Mathlib.RingTheory.Multiplicity,1,41
Mathlib.NumberTheory.Padics.PadicVal.Defs,0,22
Mathlib.NumberTheory.Padics.PadicVal.Defs,1,21
Mathlib.Data.Nat.Factorization.Defs,0,48
Mathlib.Data.Nat.Factorization.Defs,1,7
Mathlib.Data.Nat.Factorization.Defs,1022,2
Mathlib.Data.Nat.Factorization.Defs,1023,2
Mathlib.Data.Nat.Factorization.Basic,0,54
Mathlib.Data.Nat.Factorization.Basic,1,17
Mathlib.Data.Nat.Factorization.Basic,2,1
Mathlib.Data.Nat.Choose.Factorization,0,12
Mathlib.Data.Nat.Choose.Factorization,1,15
Mathlib.Data.Nat.Choose.Factorization,2,7
Mathlib.Data.Nat.Choose.Factorization,3,2
Mathlib.Data.Nat.Multiplicity,0,7
Mathlib.Data.Nat.Multiplicity,1,13
Mathlib.Data.Nat.Multiplicity,2,1
Mathlib.Algebra.CharP.Lemmas,0,10
Mathlib.Algebra.CharP.Lemmas,1,16
Mathlib.Algebra.CharP.Frobenius,0,4
Mathlib.Algebra.CharP.Frobenius,1,4
Mathlib.Algebra.Polynomial.Derivative,0,33
Mathlib.Algebra.Polynomial.Derivative,1,42
Mathlib.Algebra.Polynomial.Derivative,2,15
Mathlib.Algebra.MonoidAlgebra.Division,0,10
Mathlib.Algebra.MonoidAlgebra.Division,1,1
Mathlib.Algebra.Polynomial.Inductions,0,66
Mathlib.Algebra.Polynomial.Inductions,1,6
Mathlib.Algebra.Polynomial.Div,0,81
Mathlib.Algebra.Polynomial.Div,1,22
Mathlib.Algebra.Polynomial.Div,70,4
Mathlib.Algebra.Polynomial.Div,71,2
Mathlib.Tactic.ComputeDegree,0,14
Mathlib.Tactic.ComputeDegree,1,1
Mathlib.Tactic.ComputeDegree,1022,1
Mathlib.Tactic.ComputeDegree,1024,3
Mathlib.Algebra.Polynomial.RingDivision,0,24
Mathlib.Algebra.Polynomial.RingDivision,1,8
Mathlib.Algebra.Polynomial.Expand,0,29
Mathlib.Algebra.Polynomial.Expand,1,6
Mathlib.Algebra.Polynomial.Roots,0,116
Mathlib.Algebra.Polynomial.Roots,1,13
Mathlib.Algebra.Polynomial.Roots,2,3
Mathlib.RingTheory.Algebraic.Defs,0,6
Mathlib.RingTheory.Polynomial.Tower,0,5
Mathlib.RingTheory.Algebraic.Basic,0,23
Mathlib.RingTheory.Algebraic.Basic,1,1
Mathlib.Algebra.Order.Module.Field,0,37
Mathlib.Algebra.Order.Group.MinMax,0,6
Mathlib.Algebra.Order.Group.MinMax,1,4
Mathlib.Algebra.Order.CauSeq.Basic,0,41
Mathlib.Algebra.Order.CauSeq.Basic,1,11
Mathlib.Algebra.Order.CauSeq.Completion,0,13
Mathlib.Algebra.Order.CauSeq.Completion,1,7
Mathlib.Algebra.Order.CauSeq.Completion,10,1
Mathlib.Data.Real.Basic,0,15
Mathlib.Data.Real.Basic,1,14
Mathlib.Data.Real.Basic,1024,1
Mathlib.Algebra.Order.Group.Pointwise.CompleteLattice,0,8
Mathlib.Algebra.Order.Group.Pointwise.CompleteLattice,1,8
Mathlib.Data.Real.Archimedean,0,51
Mathlib.Data.Real.Archimedean,1,2
Mathlib.Data.NNReal.Defs,0,232
Mathlib.Data.NNReal.Defs,1,42
Mathlib.Data.NNReal.Defs,2,4
Mathlib.Data.NNReal.Defs,1024,1
Mathlib.Data.ENNReal.Basic,0,101
Mathlib.Data.ENNReal.Basic,1,39
Mathlib.Data.ENNReal.Basic,2,4
Mathlib.Data.ENNReal.Basic,1024,2
Mathlib.Data.ENNReal.Real,0,82
Mathlib.Data.ENNReal.Real,1,13
Mathlib.Tactic.Finiteness,0,6
Mathlib.Tactic.Finiteness,1022,3
Mathlib.Data.ENNReal.Operations,0,69
Mathlib.Data.ENNReal.Operations,1,2
Mathlib.Data.ENNReal.Inv,0,175
Mathlib.Data.ENNReal.Inv,1,94
Mathlib.Data.ENNReal.Inv,2,15
Mathlib.Data.ENNReal.Inv,3,6
Mathlib.Data.EReal.Basic,0,262
Mathlib.Data.EReal.Basic,1,15
Mathlib.Data.EReal.Operations,0,355
Mathlib.Data.EReal.Operations,1,1
Mathlib.Tactic.ProxyType,0,9
Mathlib.Tactic.ProxyType,1,4
Mathlib.Tactic.ProxyType,1022,1
Mathlib.Tactic.DeriveFintype,0,3
Mathlib.Tactic.DeriveFintype,1,5
Mathlib.Tactic.DeriveFintype,1022,1
Mathlib.Data.Sign.Defs,0,195
Mathlib.Data.Sign.Defs,1,117
Mathlib.Data.Sign.Defs,2,61
Mathlib.Data.Sign.Defs,3,108
Mathlib.Data.Sign.Basic,0,6
Mathlib.Data.Sign.Basic,1,4
Mathlib.Data.Nat.Cast.Order.Field,0,8
Mathlib.Data.Nat.Cast.Order.Field,1,20
Mathlib.Data.EReal.Inv,0,180
Mathlib.Data.EReal.Inv,1,5
Mathlib.Algebra.Group.EvenFunction,0,7
Mathlib.Algebra.BigOperators.Group.Finset.Indicator,0,2
Mathlib.Algebra.BigOperators.Group.Finset.Indicator,1,2
Mathlib.Order.Filter.AtTopBot.Finite,0,1
Mathlib.Order.Filter.CountablyGenerated,0,1
Mathlib.Order.Filter.CountablyGenerated,1,1
Mathlib.Order.Filter.Cofinite,0,1
Mathlib.Order.Filter.IsBounded,0,6
Mathlib.Order.Filter.IsBounded,1024,1
Mathlib.Order.LiminfLimsup,0,4
Mathlib.Topology.Algebra.InfiniteSum.SummationFilter,0,1
Mathlib.Topology.Algebra.InfiniteSum.SummationFilter,1,1
Mathlib.Tactic.Continuity,1024,3
Mathlib.Topology.Defs.Basic,0,6
Mathlib.Topology.Defs.Basic,1024,4
Mathlib.Topology.ContinuousMap.Defs,0,3
Mathlib.Topology.ContinuousMap.Defs,1,1
Mathlib.Topology.ContinuousMap.Defs,1024,1
Mathlib.Topology.Defs.Filter,0,2
Mathlib.Topology.Defs.Filter,100,7
Mathlib.Topology.Defs.Filter,300,2
Mathlib.Topology.Defs.Filter,301,1
Mathlib.Topology.Defs.Filter,1022,7
Mathlib.Topology.Defs.Filter,1024,2
Mathlib.Topology.Homeomorph.Defs,0,1
Mathlib.Topology.Homeomorph.Defs,1,1
Mathlib.Topology.Homeomorph.Defs,25,2
Mathlib.Topology.Homeomorph.Defs,26,1
Mathlib.Topology.Constructions,0,11
Mathlib.Topology.Constructions,1,76
Mathlib.Data.Set.Accumulate,0,2
Mathlib.Data.Set.Accumulate,1,2
Mathlib.Topology.Bornology.Basic,0,1
Mathlib.Topology.ContinuousOn,0,6
Mathlib.Topology.ContinuousOn,1,26
Mathlib.Order.Filter.Ultrafilter.Defs,0,1
Mathlib.Order.Filter.Ultrafilter.Defs,1,1
Mathlib.Topology.Compactness.Compact,0,1
Mathlib.Topology.Compactness.Compact,1,1
Mathlib.Topology.LocallyFinite,1,3
Mathlib.Topology.Compactness.SigmaCompact,0,1
Mathlib.Topology.Compactness.SigmaCompact,1,33
Mathlib.Tactic.TautoSet,0,1
Mathlib.Tactic.TautoSet,1022,1
Mathlib.Tactic.TautoSet,1024,1
Mathlib.Topology.Inseparable,0,4
Mathlib.Topology.Inseparable,1,4
Mathlib.Topology.Algebra.InfiniteSum.Defs,0,13
Mathlib.Topology.Algebra.InfiniteSum.Defs,1,11
Mathlib.Topology.Algebra.InfiniteSum.Defs,67,4
Mathlib.Topology.Algebra.InfiniteSum.Defs,1022,4
Mathlib.Topology.Algebra.Monoid.Defs,0,1
Mathlib.Topology.Algebra.Monoid.Defs,1,1
Mathlib.Order.Filter.AtTopBot.BigOperators,0,1
Mathlib.Order.Filter.AtTopBot.BigOperators,1,1
Mathlib.Topology.Algebra.InfiniteSum.Basic,0,35
Mathlib.Topology.Algebra.InfiniteSum.Basic,1,30
Mathlib.Topology.Homeomorph.Lemmas,0,45
Mathlib.Topology.Homeomorph.Lemmas,1,49
Mathlib.Topology.Homeomorph.Lemmas,2,84
Mathlib.Data.Rel,0,1
Mathlib.Data.Rel,50,3
Mathlib.Data.Rel,62,2
Mathlib.Data.Rel,63,1
Mathlib.Topology.UniformSpace.Defs,0,5
Mathlib.Topology.UniformSpace.Defs,1,1
Mathlib.Topology.UniformSpace.Defs,1024,3
Mathlib.Topology.UniformSpace.Cauchy,0,2
Mathlib.Topology.UniformSpace.Cauchy,1,3
Mathlib.Algebra.Group.Submonoid.Units,0,4
Mathlib.Algebra.Group.Submonoid.Units,1,4
Mathlib.Algebra.Order.Group.Pointwise.Interval,0,70
Mathlib.Algebra.Order.Group.Pointwise.Interval,1,1
Mathlib.Order.Filter.Pointwise,0,60
Mathlib.Order.Filter.Pointwise,1,39
Mathlib.Algebra.GroupWithZero.Indicator,0,6
Mathlib.Algebra.GroupWithZero.Indicator,1,20
Mathlib.Topology.Algebra.Support,0,36
Mathlib.Topology.Algebra.Support,1,36
Mathlib.Topology.Algebra.ConstMulAction,0,26
Mathlib.Topology.Algebra.ConstMulAction,1,2
Mathlib.Topology.Algebra.MulAction,0,6
Mathlib.Topology.Algebra.Monoid,0,54
Mathlib.Topology.Algebra.Monoid,1,29
Mathlib.Topology.Algebra.Group.Basic,0,73
Mathlib.Topology.Algebra.Group.Basic,1,76
Mathlib.Topology.Algebra.IsUniformGroup.Defs,0,44
Mathlib.Topology.Algebra.IsUniformGroup.Defs,1,46
Mathlib.Topology.Algebra.Group.Pointwise,0,24
Mathlib.Topology.Algebra.Group.Pointwise,1,20
Mathlib.Topology.Algebra.InfiniteSum.Group,0,15
Mathlib.Topology.Algebra.InfiniteSum.Group,1,12
Mathlib.Topology.Algebra.InfiniteSum.NatInt,0,34
Mathlib.Topology.Algebra.InfiniteSum.NatInt,1,64
Mathlib.Topology.Algebra.InfiniteSum.NatInt,2,18
Mathlib.Order.Filter.AtTopBot.Monoid,0,12
Mathlib.Order.Filter.AtTopBot.Monoid,1,8
Mathlib.Order.Filter.AtTopBot.Ring,0,8
Mathlib.Order.Filter.AtTopBot.Field,0,57
Mathlib.Topology.Algebra.GroupWithZero,0,86
Mathlib.Topology.Algebra.GroupWithZero,1,7
Mathlib.Topology.Algebra.Group.GroupTopology,0,2
Mathlib.Topology.Algebra.Group.GroupTopology,1,2
Mathlib.Topology.Algebra.Ring.Basic,0,21
Mathlib.Topology.Algebra.Ring.Basic,1,1
Mathlib.Topology.Algebra.Field,0,167
Mathlib.Topology.Algebra.Field,1,3
Mathlib.Topology.Algebra.Field,2,5
Mathlib.Order.Interval.Set.Pi,0,20
Mathlib.Order.Interval.Set.Pi,1,20
Mathlib.Topology.Order.LeftRightNhds,0,13
Mathlib.Topology.Order.LeftRightNhds,1,13
Mathlib.Topology.Algebra.Order.Group,0,8
Mathlib.Topology.Algebra.Order.Group,1,8
Mathlib.Topology.Algebra.Order.Field,0,74
Mathlib.Topology.Algebra.InfiniteSum.Order,0,42
Mathlib.Topology.Algebra.InfiniteSum.Order,1,34
Mathlib.Topology.UniformSpace.OfFun,0,38
Mathlib.Topology.EMetricSpace.Defs,0,145
Mathlib.Topology.EMetricSpace.Defs,2,1
Mathlib.Topology.EMetricSpace.Basic,0,35
Mathlib.Topology.EMetricSpace.Basic,1,4
Mathlib.Topology.MetricSpace.Pseudo.Defs,0,191
Mathlib.Topology.MetricSpace.Pseudo.Defs,1,13
Mathlib.Topology.MetricSpace.Pseudo.Defs,2,6
Mathlib.Topology.MetricSpace.Pseudo.Basic,0,31
Mathlib.Topology.MetricSpace.Pseudo.Basic,1,4
Mathlib.Topology.MetricSpace.Pseudo.Constructions,0,12
Mathlib.Topology.MetricSpace.Pseudo.Lemmas,0,16
Mathlib.Topology.MetricSpace.Pseudo.Pi,0,12
Mathlib.Topology.MetricSpace.Pseudo.Pi,1,14
Mathlib.Topology.MetricSpace.Cauchy,0,10
Mathlib.Topology.MetricSpace.Defs,0,46
Mathlib.Topology.EMetricSpace.Diam,0,19
Mathlib.Topology.EMetricSpace.Diam,1,2
Mathlib.Topology.EMetricSpace.Diam,2,4
Mathlib.Topology.MetricSpace.Bounded,0,36
Mathlib.Topology.MetricSpace.Bounded,1,1
Mathlib.Topology.MetricSpace.Bounded,2,3
Mathlib.Order.DirectedInverseSystem,0,1
Mathlib.Order.DirectedInverseSystem,1,1
Mathlib.Tactic.SuppressCompilation,0,28
Mathlib.Tactic.SuppressCompilation,1,30
Mathlib.Tactic.SuppressCompilation,2,17
Mathlib.Tactic.SuppressCompilation,3,14
Mathlib.Tactic.SuppressCompilation,4,17
Mathlib.Tactic.SuppressCompilation,5,13
Mathlib.Tactic.SuppressCompilation,6,10
Mathlib.Tactic.SuppressCompilation,7,4
Mathlib.Tactic.SuppressCompilation,8,4
Mathlib.Tactic.SuppressCompilation,9,4
Mathlib.Tactic.SuppressCompilation,1022,1
Mathlib.Tactic.SuppressCompilation,1024,1
Mathlib.Algebra.Colimit.DirectLimit,0,6
Mathlib.Algebra.Colimit.DirectLimit,1,6
Mathlib.Algebra.Colimit.Module,0,6
Mathlib.LinearAlgebra.TensorProduct.RightExactness,1,1
Mathlib.RingTheory.MvPolynomial.Basic,0,2
Mathlib.RingTheory.MvPolynomial.Basic,1,3
Mathlib.RingTheory.IsTensorProduct,0,2
Mathlib.RingTheory.IsTensorProduct,1,10
Mathlib.RingTheory.Nilpotent.Defs,0,12
Mathlib.RingTheory.Nilpotent.Defs,1,7
Mathlib.RingTheory.Flat.Basic,1,1
Mathlib.Algebra.Azumaya.Matrix,1,3
Mathlib.Algebra.BigOperators.Associated,0,1
Mathlib.Algebra.BigOperators.Associated,1,3
Mathlib.Data.Finset.Density,0,6
Mathlib.Data.Finset.Density,1,4
Mathlib.Algebra.BigOperators.Expect,0,30
Mathlib.Algebra.BigOperators.Expect,1,2
Mathlib.Algebra.BigOperators.Expect,2,2
Mathlib.Algebra.BigOperators.Expect,4,1
Mathlib.Algebra.BigOperators.Expect,6,1
Mathlib.Algebra.BigOperators.Expect,67,1
Mathlib.Algebra.BigOperators.Expect,1022,1
Mathlib.Algebra.BigOperators.Balance,0,4
Mathlib.Order.Interval.Finset.Gaps,0,26
Mathlib.Order.Interval.Finset.Gaps,1,82
Mathlib.Algebra.BigOperators.Group.Finset.Gaps,0,12
Mathlib.Algebra.BigOperators.Group.Finset.Gaps,1,40
Mathlib.Data.Int.Interval,0,2
Mathlib.Data.Int.Interval,1,32
Mathlib.Algebra.BigOperators.Group.Finset.Interval,0,2
Mathlib.Algebra.BigOperators.Group.Finset.Interval,1,12
Mathlib.Algebra.BigOperators.Group.Finset.Interval,2,2
Mathlib.Algebra.BigOperators.Group.Finset.Powerset,1,2
Mathlib.Algebra.BigOperators.ModEq,0,28
Mathlib.Algebra.BigOperators.ModEq,1,28
Mathlib.Algebra.BigOperators.Module,1,14
Mathlib.Data.Sym.Sym2,0,2
Mathlib.Data.Sym.Sym2,1,2
Mathlib.Data.Sym.Sym2,2,20
Mathlib.Data.Sym.Sym2,1024,1
Mathlib.Data.List.Sym,0,11
Mathlib.Data.List.Sym,1,10
Mathlib.Data.List.Sym,2,9
Mathlib.Data.Multiset.Sym,0,4
Mathlib.Data.Multiset.Sym,1,1
Mathlib.Data.Multiset.Sym,2,1
Mathlib.Data.Finset.Sym,0,15
Mathlib.Data.Finset.Sym,1,734
Mathlib.Data.Finset.Sym,2,1
Mathlib.Algebra.BigOperators.WithTop,0,3
Mathlib.Data.Opposite,0,2
Mathlib.Data.Opposite,1,1
Mathlib.Data.Opposite,1024,1
Mathlib.Combinatorics.Quiver.Basic,0,1
Mathlib.Combinatorics.Quiver.Basic,10,2
Mathlib.Combinatorics.Quiver.Basic,11,1
Mathlib.CategoryTheory.Category.Basic,0,5
Mathlib.CategoryTheory.Category.Basic,80,6
Mathlib.CategoryTheory.Category.Basic,81,3
Mathlib.CategoryTheory.Category.Basic,1022,3
Mathlib.CategoryTheory.Category.Basic,1024,4
Mathlib.Combinatorics.Quiver.Prefunctor,0,1
Mathlib.Combinatorics.Quiver.Prefunctor,1,1
Mathlib.Combinatorics.Quiver.Prefunctor,50,2
Mathlib.Combinatorics.Quiver.Prefunctor,51,1
Mathlib.Combinatorics.Quiver.Prefunctor,60,2
Mathlib.Combinatorics.Quiver.Prefunctor,61,1
Mathlib.Combinatorics.Quiver.Prefunctor,1024,1
Mathlib.Tactic.CategoryTheory.CategoryStar,1022,1
Mathlib.Tactic.CategoryTheory.CategoryStar,1023,1
Mathlib.CategoryTheory.Functor.Basic,0,1
Mathlib.CategoryTheory.Functor.Basic,1,1
Mathlib.CategoryTheory.Functor.Basic,26,2
Mathlib.CategoryTheory.Functor.Basic,27,1
Mathlib.CategoryTheory.Functor.Basic,80,2
Mathlib.CategoryTheory.Functor.Basic,81,1
Mathlib.CategoryTheory.Functor.Basic,1024,1
Mathlib.Tactic.CategoryTheory.Reassoc,0,1
Mathlib.Tactic.CategoryTheory.Reassoc,1,1
Mathlib.Tactic.CategoryTheory.Reassoc,2,1
Mathlib.Tactic.CategoryTheory.Reassoc,6,1
Mathlib.Tactic.CategoryTheory.Reassoc,7,1
Mathlib.Tactic.CategoryTheory.Reassoc,1022,2
Mathlib.CategoryTheory.NatTrans,0,1
Mathlib.CategoryTheory.NatTrans,1,1
Mathlib.CategoryTheory.Iso,0,1
Mathlib.CategoryTheory.Iso,1,1
Mathlib.CategoryTheory.Iso,10,2
Mathlib.CategoryTheory.Iso,11,1
Mathlib.CategoryTheory.Iso,80,2
Mathlib.CategoryTheory.Iso,81,1
Mathlib.CategoryTheory.Functor.Category,80,2
Mathlib.CategoryTheory.Functor.Category,81,1
Mathlib.CategoryTheory.Functor.FullyFaithful,0,1
Mathlib.CategoryTheory.Functor.FullyFaithful,1,1
Mathlib.CategoryTheory.InducedCategory,0,1
Mathlib.CategoryTheory.InducedCategory,1,1
Mathlib.CategoryTheory.ObjectProperty.FullSubcategory,0,1
Mathlib.CategoryTheory.ObjectProperty.FullSubcategory,1,1
Mathlib.CategoryTheory.ConcreteCategory.Basic,0,1
Mathlib.Tactic.CategoryTheory.IsoReassoc,1,1
Mathlib.Tactic.CategoryTheory.IsoReassoc,2,1
Mathlib.Tactic.CategoryTheory.IsoReassoc,6,1
Mathlib.Tactic.CategoryTheory.IsoReassoc,7,1
Mathlib.Tactic.CategoryTheory.Slice,1,3
Mathlib.Tactic.CategoryTheory.Slice,1022,4
Mathlib.CategoryTheory.Equivalence,0,5
Mathlib.CategoryTheory.Equivalence,1,7
Mathlib.CategoryTheory.Equivalence,10,2
Mathlib.CategoryTheory.Equivalence,11,1
Mathlib.CategoryTheory.Products.Basic,70,2
Mathlib.CategoryTheory.Products.Basic,71,1
Mathlib.Combinatorics.Quiver.Path,0,21
Mathlib.Combinatorics.Quiver.Path,1,190
Mathlib.Combinatorics.Quiver.Push,0,1
Mathlib.Combinatorics.Quiver.Push,1,1
Mathlib.Combinatorics.Quiver.Symmetric,0,2
Mathlib.CategoryTheory.Discrete.Basic,0,1
Mathlib.CategoryTheory.Discrete.Basic,1,1
Mathlib.CategoryTheory.Discrete.Basic,1024,1
Mathlib.CategoryTheory.Comma.Basic,0,2
Mathlib.CategoryTheory.Comma.Basic,1,2
Mathlib.CategoryTheory.Groupoid,0,1
Mathlib.CategoryTheory.EpiMono,0,2
Mathlib.CategoryTheory.EpiMono,1,2
Mathlib.CategoryTheory.Types.Basic,200,1
Mathlib.CategoryTheory.Types.Basic,1022,1
Mathlib.CategoryTheory.ConcreteCategory.Forget,0,1
Mathlib.Tactic.CategoryTheory.Elementwise,0,4
Mathlib.Tactic.CategoryTheory.Elementwise,2,1
Mathlib.Tactic.CategoryTheory.Elementwise,1022,2
Mathlib.Algebra.Category.MonCat.Basic,0,16
Mathlib.Algebra.Category.MonCat.Basic,1,12
Mathlib.CategoryTheory.Endomorphism,1,1
Mathlib.Algebra.Category.Grp.Basic,0,16
Mathlib.Algebra.Category.Grp.Basic,1,16
Mathlib.Algebra.Category.Ring.Basic,0,8
Mathlib.Algebra.Category.Ring.Basic,1,4
Mathlib.CategoryTheory.Yoneda,0,2
Mathlib.CategoryTheory.Yoneda,1,2
Mathlib.CategoryTheory.Adjunction.Basic,0,4
Mathlib.CategoryTheory.Adjunction.Basic,1,4
Mathlib.CategoryTheory.Adjunction.Basic,15,2
Mathlib.CategoryTheory.Adjunction.Basic,16,1
Mathlib.CategoryTheory.Limits.Cones,0,4
Mathlib.CategoryTheory.Limits.Cones,1,4
Mathlib.CategoryTheory.Limits.IsLimit,0,2
Mathlib.CategoryTheory.Limits.IsLimit,1,2
Mathlib.CategoryTheory.Bicategory.Basic,0,1
Mathlib.CategoryTheory.Bicategory.Basic,81,4
Mathlib.CategoryTheory.Bicategory.Basic,82,2
Mathlib.CategoryTheory.Bicategory.Basic,1024,3
Mathlib.CategoryTheory.ConcreteCategory.Bundled,0,1
Mathlib.CategoryTheory.ConcreteCategory.Bundled,1,1
Mathlib.CategoryTheory.Category.Cat,0,2
Mathlib.CategoryTheory.Category.Cat,1,2
Mathlib.CategoryTheory.CommSq,0,1
Mathlib.CategoryTheory.CommSq,1,1
Mathlib.CategoryTheory.Retract,0,1
Mathlib.CategoryTheory.Retract,1,1
Mathlib.CategoryTheory.Limits.HasLimits,0,2
Mathlib.CategoryTheory.Limits.HasLimits,1,2
Mathlib.CategoryTheory.Limits.Shapes.Products,60,2
Mathlib.CategoryTheory.Limits.Shapes.Products,1022,2
Mathlib.CategoryTheory.Limits.Shapes.WidePullbacks,0,16
Mathlib.CategoryTheory.Limits.Shapes.WidePullbacks,1,14
Mathlib.CategoryTheory.Limits.Shapes.Terminal,20,2
Mathlib.CategoryTheory.Limits.Shapes.Terminal,1022,2
Mathlib.CategoryTheory.Limits.Shapes.BinaryProducts,0,11
Mathlib.CategoryTheory.Limits.Shapes.BinaryProducts,1,9
Mathlib.CategoryTheory.Limits.Shapes.BinaryProducts,20,4
Mathlib.CategoryTheory.Limits.Shapes.Equalizers,0,21
Mathlib.CategoryTheory.Limits.Shapes.Equalizers,1,21
Mathlib.CategoryTheory.Limits.Shapes.Equalizers,2,11
Mathlib.CategoryTheory.MorphismProperty.Factorization,0,2
Mathlib.CategoryTheory.MorphismProperty.Factorization,1,2
Mathlib.CategoryTheory.Limits.Shapes.Images,0,5
Mathlib.CategoryTheory.Limits.Shapes.Images,1,5
Mathlib.CategoryTheory.Limits.Shapes.ZeroObjects,0,40
Mathlib.CategoryTheory.Limits.Shapes.ZeroMorphisms,0,374
Mathlib.Algebra.Category.ModuleCat.Semi,0,5
Mathlib.Algebra.Category.ModuleCat.Semi,1,1
Mathlib.Algebra.Category.ModuleCat.Semi,1022,1
Mathlib.Algebra.Category.ModuleCat.Semi,1024,1
Mathlib.CategoryTheory.Limits.Preserves.Shapes.Zero,0,42
Mathlib.CategoryTheory.Limits.Shapes.Kernels,0,1470
Mathlib.CategoryTheory.Preadditive.Basic,0,105
Mathlib.Algebra.Category.Grp.Preadditive,0,3
Mathlib.CategoryTheory.Linear.Basic,0,1
Mathlib.CategoryTheory.FinCategory.Basic,0,1
Mathlib.CategoryTheory.Limits.ExactFunctor,26,6
Mathlib.CategoryTheory.Limits.ExactFunctor,27,3
Mathlib.Algebra.Group.Ext,0,3
Mathlib.Algebra.Group.Ext,1,12
Mathlib.CategoryTheory.Limits.Shapes.Biproducts,0,236
Mathlib.CategoryTheory.Limits.Shapes.Biproducts,1,4
Mathlib.CategoryTheory.Limits.Shapes.Biproducts,20,1
Mathlib.CategoryTheory.Limits.Shapes.Biproducts,1022,1
Mathlib.CategoryTheory.Limits.Shapes.BinaryBiproducts,0,289
Mathlib.CategoryTheory.Limits.Shapes.BinaryBiproducts,1,4
Mathlib.CategoryTheory.Limits.Shapes.BinaryBiproducts,20,2
Mathlib.CategoryTheory.Preadditive.Biproducts,0,114
Mathlib.CategoryTheory.Preadditive.FunctorCategory,0,3
Mathlib.CategoryTheory.Preadditive.AdditiveFunctor,26,2
Mathlib.CategoryTheory.Preadditive.AdditiveFunctor,27,1
Mathlib.Algebra.Category.ModuleCat.Basic,0,5
Mathlib.Algebra.Category.ModuleCat.Basic,1022,1
Mathlib.Algebra.Category.ModuleCat.Basic,1024,1
Mathlib.Algebra.Category.AlgCat.Basic,0,2
Mathlib.Order.Fin.Tuple,0,105
Mathlib.Order.Fin.Tuple,1,453
Mathlib.Order.Fin.Tuple,2,32
Mathlib.Data.Fin.Tuple.NatAntidiagonal,0,68
Mathlib.Data.Fin.Tuple.NatAntidiagonal,1,20
Mathlib.Data.Fin.Tuple.NatAntidiagonal,2,10
Mathlib.Algebra.Order.Antidiag.Pi,0,61
Mathlib.Algebra.Order.Antidiag.Pi,1,14
Mathlib.Algebra.Order.Antidiag.Finsupp,0,14
Mathlib.Combinatorics.Enumerative.Composition,0,159
Mathlib.Combinatorics.Enumerative.Composition,1,344
Mathlib.Combinatorics.Enumerative.Composition,2,2
Mathlib.Combinatorics.Enumerative.Partition.Basic,0,55
Mathlib.Combinatorics.Enumerative.Partition.Basic,1,12
Mathlib.Combinatorics.Enumerative.Partition.Basic,2,1
Mathlib.GroupTheory.Perm.Support,0,1
Mathlib.GroupTheory.Perm.Support,1,18
Mathlib.GroupTheory.Perm.Support,2,3
Mathlib.GroupTheory.Perm.Finite,1,3
Mathlib.GroupTheory.Perm.List,0,3
Mathlib.GroupTheory.Perm.List,1,15
Mathlib.GroupTheory.Perm.List,2,1
Mathlib.Data.Fintype.Perm,1,3
Mathlib.Data.Int.Order.Units,0,3
Mathlib.Data.Int.Order.Units,1,9
Mathlib.Data.Int.Order.Units,2,8
Mathlib.Data.Int.Order.Units,3,1
Mathlib.Data.Int.Order.Units,4,1
Mathlib.GroupTheory.Perm.Sign,1,47
Mathlib.GroupTheory.Perm.Cycle.Basic,0,4
Mathlib.GroupTheory.Perm.Cycle.Basic,1,14
Mathlib.GroupTheory.Perm.Cycle.Basic,2,1
Mathlib.Data.List.Iterate,0,2
Mathlib.GroupTheory.NoncommPiCoprod,0,2
Mathlib.GroupTheory.NoncommPiCoprod,1,2
Mathlib.Tactic.Group,1,4
Mathlib.Tactic.Group,1022,3
Mathlib.GroupTheory.Perm.Cycle.Factors,0,1
Mathlib.GroupTheory.Perm.Cycle.Factors,1,12
Mathlib.GroupTheory.Perm.Cycle.Factors,2,1
Mathlib.Tactic.NormNum.GCD,0,53
Mathlib.Tactic.NormNum.GCD,1,38
Mathlib.GroupTheory.Perm.Cycle.Type,0,37
Mathlib.GroupTheory.Perm.Cycle.Type,1,115
Mathlib.GroupTheory.Perm.Cycle.Type,2,14
Mathlib.GroupTheory.Perm.Cycle.Type,3,6
Mathlib.GroupTheory.Perm.Option,1,2
Mathlib.GroupTheory.Perm.Fin,0,21
Mathlib.GroupTheory.Perm.Fin,1,272
Mathlib.GroupTheory.Perm.Fin,2,30
Mathlib.GroupTheory.Perm.Fin,3,4
Mathlib.LinearAlgebra.Multilinear.Basic,0,55
Mathlib.LinearAlgebra.Multilinear.Basic,1,10
Mathlib.LinearAlgebra.Multilinear.Basic,2,4
Mathlib.LinearAlgebra.Multilinear.DFinsupp,0,20
Mathlib.LinearAlgebra.Multilinear.DFinsupp,1,1
Mathlib.LinearAlgebra.Multilinear.Finsupp,0,12
Mathlib.LinearAlgebra.Multilinear.Basis,1,1
Mathlib.LinearAlgebra.Alternating.Basic,0,66
Mathlib.LinearAlgebra.Alternating.Basic,1,5
Mathlib.LinearAlgebra.Alternating.Basic,100,1
Mathlib.LinearAlgebra.Alternating.Basic,1022,1
Mathlib.LinearAlgebra.Matrix.SemiringInverse,0,1
Mathlib.LinearAlgebra.Matrix.SemiringInverse,1,58
Mathlib.LinearAlgebra.Matrix.Determinant.Basic,0,58
Mathlib.LinearAlgebra.Matrix.Determinant.Basic,1,99
Mathlib.LinearAlgebra.Matrix.Determinant.Basic,2,47
Mathlib.LinearAlgebra.Matrix.Determinant.Basic,3,5
Mathlib.LinearAlgebra.Matrix.Reindex,1,3
Mathlib.Algebra.BrauerGroup.Defs,0,3
Mathlib.Algebra.BrauerGroup.Defs,1,1
Mathlib.Algebra.Category.Grp.ForgetCorepresentable,1,2
Mathlib.Algebra.Category.MonCat.ForgetCorepresentable,1,2
Mathlib.CategoryTheory.Limits.Creates,0,10
Mathlib.CategoryTheory.Limits.Creates,1,4
Mathlib.CategoryTheory.Limits.Types.ColimitType,0,2
Mathlib.CategoryTheory.Limits.Types.ColimitType,1,2
Mathlib.CategoryTheory.Limits.Types.Images,0,6
Mathlib.CategoryTheory.Limits.ConcreteCategory.Basic,0,12
Mathlib.Algebra.Category.Grp.Limits,0,128
Mathlib.CategoryTheory.Monoidal.Category,0,2
Mathlib.CategoryTheory.Monoidal.Category,70,6
Mathlib.CategoryTheory.Monoidal.Category,71,3
Mathlib.CategoryTheory.Monoidal.Category,81,4
Mathlib.CategoryTheory.Monoidal.Category,82,2
Mathlib.CategoryTheory.Monoidal.Category,1022,1
Mathlib.CategoryTheory.Monoidal.Category,1023,1
Mathlib.CategoryTheory.Monoidal.Category,1024,3
Mathlib.CategoryTheory.Monoidal.Functor,0,5
Mathlib.CategoryTheory.Monoidal.Functor,1,2
Mathlib.CategoryTheory.Monoidal.NaturalTransformation,0,1
Mathlib.CategoryTheory.Monoidal.NaturalTransformation,1,1
Mathlib.CategoryTheory.Monoidal.Transport,0,1
Mathlib.CategoryTheory.Monoidal.Transport,1,1
Mathlib.CategoryTheory.Monoidal.Preadditive,0,36
Mathlib.Algebra.Category.ModuleCat.Monoidal.Basic,1,4
Mathlib.CategoryTheory.Monoidal.Discrete,0,17
Mathlib.CategoryTheory.Monoidal.Discrete,1,17
Mathlib.Tactic.CategoryTheory.Coherence.Datatypes,0,71
Mathlib.Tactic.CategoryTheory.Coherence.Datatypes,1,89
Mathlib.Tactic.CategoryTheory.Coherence.Datatypes,2,47
Mathlib.Tactic.CategoryTheory.Coherence.Datatypes,3,36
Mathlib.Tactic.CategoryTheory.Coherence.Datatypes,4,35
Mathlib.Tactic.CategoryTheory.Coherence.Datatypes,5,24
Mathlib.Tactic.CategoryTheory.Coherence.Datatypes,6,24
Mathlib.Tactic.CategoryTheory.Coherence.Datatypes,7,23
Mathlib.Tactic.CategoryTheory.Coherence.Datatypes,8,11
Mathlib.Tactic.CategoryTheory.MonoidalComp,0,1
Mathlib.Tactic.CategoryTheory.MonoidalComp,80,4
Mathlib.Tactic.CategoryTheory.MonoidalComp,81,2
Mathlib.Tactic.CategoryTheory.MonoidalComp,1024,1
Mathlib.Tactic.CategoryTheory.Monoidal.Datatypes,0,16
Mathlib.Tactic.CategoryTheory.Monoidal.Datatypes,1,17
Mathlib.Tactic.CategoryTheory.Monoidal.Datatypes,2,22
Mathlib.Tactic.CategoryTheory.Monoidal.Datatypes,3,15
Mathlib.Tactic.CategoryTheory.Monoidal.Datatypes,4,15
Mathlib.Tactic.CategoryTheory.Monoidal.Datatypes,5,101
Mathlib.Tactic.CategoryTheory.Coherence.PureCoherence,0,3
Mathlib.Tactic.CategoryTheory.Coherence.PureCoherence,1,1
Mathlib.Tactic.CategoryTheory.Monoidal.PureCoherence,2,1
Mathlib.Tactic.CategoryTheory.Monoidal.PureCoherence,1024,1
Mathlib.CategoryTheory.Monoidal.Opposite,0,2
Mathlib.CategoryTheory.Monoidal.Opposite,1,1
Mathlib.CategoryTheory.Monoidal.Opposite,1024,1
Mathlib.Tactic.CategoryTheory.Coherence.Normalize,0,42
Mathlib.Tactic.CategoryTheory.Coherence.Normalize,1,37
Mathlib.Tactic.CategoryTheory.Coherence.Basic,100000,1
Mathlib.Tactic.CategoryTheory.Monoidal.Normalize,2,1
Mathlib.Tactic.CategoryTheory.Monoidal.Basic,1024,2
Mathlib.CategoryTheory.Monoidal.Braided.Basic,0,5
Mathlib.CategoryTheory.Monoidal.Braided.Basic,1,1
Mathlib.CategoryTheory.Monoidal.Braided.Basic,1024,1
Mathlib.RingTheory.Coalgebra.Basic,0,4
Mathlib.RingTheory.Coalgebra.Basic,1,39
Mathlib.RingTheory.Coalgebra.Basic,1024,3
Mathlib.RingTheory.Coalgebra.Hom,0,4
Mathlib.RingTheory.Coalgebra.Hom,1,7
Mathlib.RingTheory.Coalgebra.Hom,25,3
Mathlib.RingTheory.Coalgebra.Hom,26,1
Mathlib.RingTheory.Coalgebra.Equiv,0,4
Mathlib.RingTheory.Coalgebra.Equiv,1,1
Mathlib.RingTheory.Coalgebra.Equiv,50,1
Mathlib.Algebra.Category.CoalgCat.Basic,0,2
Mathlib.Algebra.Category.CoalgCat.Basic,1,2
Mathlib.RingTheory.Bialgebra.Basic,0,1
Mathlib.RingTheory.Bialgebra.Basic,1,68
Mathlib.RingTheory.Bialgebra.Hom,0,4
Mathlib.RingTheory.Bialgebra.Hom,1,63
Mathlib.RingTheory.Bialgebra.Hom,25,3
Mathlib.RingTheory.Bialgebra.Hom,26,1
Mathlib.RingTheory.Bialgebra.Equiv,0,4
Mathlib.RingTheory.Bialgebra.Equiv,1,1
Mathlib.RingTheory.Bialgebra.Equiv,50,1
Mathlib.Algebra.Category.BialgCat.Basic,0,2
Mathlib.Algebra.Category.BialgCat.Basic,1,2
Mathlib.RingTheory.Coalgebra.TensorProduct,1,2
Mathlib.RingTheory.Coalgebra.TensorProduct,1022,1
Mathlib.RingTheory.Bialgebra.TensorProduct,1,2
Mathlib.Algebra.Ring.BooleanRing,0,10
Mathlib.Algebra.Ring.BooleanRing,1,11
Mathlib.CategoryTheory.Functor.TwoSquare,80,4
Mathlib.CategoryTheory.Functor.TwoSquare,81,2
Mathlib.CategoryTheory.Functor.TwoSquare,1024,2
Mathlib.CategoryTheory.Category.Pointed,0,2
Mathlib.CategoryTheory.Category.Pointed,1,2
Mathlib.CategoryTheory.Category.Bipointed,0,2
Mathlib.CategoryTheory.Category.Bipointed,1,2
Mathlib.Order.Category.Preord,0,2
Mathlib.Order.Category.Preord,1,1
Mathlib.Order.Category.PartOrd,0,2
Mathlib.Order.Category.PartOrd,1,1
Mathlib.Order.Category.BddOrd,0,2
Mathlib.Order.Category.BddOrd,1,1
Mathlib.Order.Category.Lat,0,2
Mathlib.Order.Category.Lat,1,1
Mathlib.Order.Category.Semilat,0,2
Mathlib.Order.Category.Semilat,1,2
Mathlib.Order.Category.BddLat,0,2
Mathlib.Order.Category.BddLat,1,1
Mathlib.Order.Category.DistLat,0,2
Mathlib.Order.Category.DistLat,1,1
Mathlib.Order.Category.BddDistLat,0,2
Mathlib.Order.Category.BddDistLat,1,1
Mathlib.Order.Heyting.Hom,0,3
Mathlib.Order.Heyting.Hom,1,3
Mathlib.Order.Category.HeytAlg,0,2
Mathlib.Order.Category.HeytAlg,1,1
Mathlib.Order.Category.BoolAlg,0,2
Mathlib.Order.Category.BoolAlg,1,1
Mathlib.Algebra.Category.BoolRing,0,2
Mathlib.Algebra.Category.BoolRing,1,1
Mathlib.CategoryTheory.Monoidal.Mon_,0,5
Mathlib.CategoryTheory.Monoidal.Mon_,1,2
Mathlib.CategoryTheory.Monoidal.Mon_,1024,4
Mathlib.CategoryTheory.Monoidal.Comon_,0,5
Mathlib.CategoryTheory.Monoidal.Comon_,1,2
Mathlib.CategoryTheory.Monoidal.Comon_,1024,4
Mathlib.Algebra.Category.Ring.Colimits,0,54
Mathlib.Algebra.Category.Ring.Colimits,1,64
Mathlib.Algebra.Category.Ring.Colimits,2,24
Mathlib.Algebra.Category.Ring.Colimits,3,24
Mathlib.Algebra.Category.Ring.Colimits,4,24
Mathlib.Algebra.Category.Ring.Colimits,5,22
Mathlib.GroupTheory.MonoidLocalization.Away,0,3
Mathlib.GroupTheory.MonoidLocalization.Away,1,3
Mathlib.RingTheory.UniqueFactorizationDomain.Basic,0,22
Mathlib.RingTheory.UniqueFactorizationDomain.Basic,1,1
Mathlib.RingTheory.UniqueFactorizationDomain.NormalizedFactors,0,29
Mathlib.RingTheory.UniqueFactorizationDomain.NormalizedFactors,1,1
Mathlib.RingTheory.UniqueFactorizationDomain.Multiplicity,0,7
Mathlib.RingTheory.UniqueFactorizationDomain.Multiplicity,1,2
Mathlib.RingTheory.Localization.Away.Basic,0,15
Mathlib.RingTheory.Localization.Away.Basic,1,20
Mathlib.RingTheory.TwoSidedIdeal.Operations,0,3
Mathlib.RingTheory.Jacobson.Ideal,1,9
Mathlib.RingTheory.LocalRing.Defs,1,8
Mathlib.RingTheory.LocalRing.Basic,1,4
Mathlib.RingTheory.Spectrum.Maximal.Defs,0,1
Mathlib.RingTheory.Spectrum.Maximal.Defs,1,1
Mathlib.Algebra.Category.Ring.Instances,1,22
Mathlib.Algebra.Module.LocalizedModule.Basic,0,22
Mathlib.Algebra.Module.LocalizedModule.Basic,1,9
Mathlib.RingTheory.Localization.Integer,0,1
Mathlib.RingTheory.Localization.Integer,1,1
Mathlib.RingTheory.Localization.BaseChange,1,4
Mathlib.Algebra.Category.Ring.Constructions,1,1
Mathlib.CategoryTheory.Monad.Basic,0,4
Mathlib.CategoryTheory.Monad.Basic,1,4
Mathlib.CategoryTheory.Monad.Algebra,0,4
Mathlib.CategoryTheory.Monad.Algebra,1,4
Mathlib.CategoryTheory.Bicategory.Functor.Prelax,0,2
Mathlib.CategoryTheory.Bicategory.Functor.Prelax,1,2
Mathlib.Tactic.CategoryTheory.ToApp,0,2
Mathlib.Tactic.CategoryTheory.ToApp,2,1
Mathlib.Tactic.CategoryTheory.ToApp,1022,2
Mathlib.CategoryTheory.Bicategory.Functor.Oplax,0,2
Mathlib.CategoryTheory.Bicategory.Functor.Oplax,1,2
Mathlib.CategoryTheory.Bicategory.Functor.Oplax,26,2
Mathlib.CategoryTheory.Bicategory.Functor.Oplax,27,1
Mathlib.CategoryTheory.Bicategory.Functor.Lax,0,2
Mathlib.CategoryTheory.Bicategory.Functor.Lax,1,2
Mathlib.CategoryTheory.Bicategory.Functor.Lax,26,2
Mathlib.CategoryTheory.Bicategory.Functor.Lax,27,1
Mathlib.CategoryTheory.Bicategory.Functor.Pseudofunctor,0,1
Mathlib.CategoryTheory.Bicategory.Functor.Pseudofunctor,1,1
Mathlib.CategoryTheory.Bicategory.Functor.Pseudofunctor,26,2
Mathlib.CategoryTheory.Bicategory.Functor.Pseudofunctor,27,1
Mathlib.CategoryTheory.WithTerminal.Basic,0,18
Mathlib.CategoryTheory.WithTerminal.Basic,1,31
Mathlib.CategoryTheory.WithTerminal.Basic,2,2
Mathlib.Algebra.Category.CommAlgCat.Basic,0,2
Mathlib.CategoryTheory.MorphismProperty.Comma,0,2
Mathlib.CategoryTheory.MorphismProperty.Comma,1,2
Mathlib.RingTheory.MvPolynomial.Tower,0,4
Mathlib.CategoryTheory.Limits.Types.Products,0,1
Mathlib.CategoryTheory.Limits.Types.Products,1,2
Mathlib.CategoryTheory.Grothendieck,0,2
Mathlib.CategoryTheory.Grothendieck,1,2
Mathlib.CategoryTheory.EffectiveEpi.Basic,0,2
Mathlib.CategoryTheory.EffectiveEpi.Basic,1,2
Mathlib.CategoryTheory.Limits.Shapes.RegularMono,0,2
Mathlib.CategoryTheory.Limits.Shapes.RegularMono,1,2
Mathlib.Algebra.Category.CommAlgCat.FiniteType,0,1
Mathlib.Algebra.Category.CommAlgCat.FiniteType,1,1
Mathlib.CategoryTheory.Limits.Constructions.FiniteProductsOfBinaryProducts,0,81
Mathlib.CategoryTheory.Limits.Constructions.FiniteProductsOfBinaryProducts,1,534
Mathlib.CategoryTheory.Limits.Presentation,0,2
Mathlib.CategoryTheory.Limits.Presentation,1,2
Mathlib.CategoryTheory.ObjectProperty.LimitsOfShape,0,1
Mathlib.CategoryTheory.ObjectProperty.LimitsOfShape,1,1
Mathlib.CategoryTheory.ObjectProperty.ColimitsOfShape,0,1
Mathlib.CategoryTheory.ObjectProperty.ColimitsOfShape,1,1
Mathlib.CategoryTheory.Monoidal.Cartesian.Basic,0,2
Mathlib.Algebra.Category.CommBialgCat,0,2
Mathlib.Algebra.Category.ModuleCat.EpiMono,0,2
Mathlib.CategoryTheory.ConcreteCategory.Elementwise,0,4
Mathlib.Algebra.Category.ModuleCat.Kernels,0,34
Mathlib.CategoryTheory.Limits.Preserves.Shapes.Kernels,0,389
Mathlib.CategoryTheory.Limits.Preserves.Creates.Finite,0,4
Mathlib.CategoryTheory.Limits.Shapes.SplitCoequalizer,0,1
Mathlib.CategoryTheory.Limits.Shapes.SplitCoequalizer,1,1
Mathlib.CategoryTheory.Limits.Shapes.SplitEqualizer,0,1
Mathlib.CategoryTheory.Limits.Shapes.SplitEqualizer,1,1
Mathlib.CategoryTheory.Limits.Shapes.NormalMono.Basic,0,421
Mathlib.CategoryTheory.Limits.Shapes.NormalMono.Equalizers,0,12
Mathlib.CategoryTheory.Abelian.NonPreadditive,0,172
Mathlib.CategoryTheory.Abelian.Basic,0,383
Mathlib.Algebra.Category.Grp.Colimits,0,8
Mathlib.Algebra.Module.LinearMap.DivisionRing,0,3
Mathlib.Topology.Algebra.ContinuousMonoidHom,0,18
Mathlib.Topology.Algebra.ContinuousMonoidHom,1,18
Mathlib.Topology.Algebra.ContinuousMonoidHom,25,8
Mathlib.Topology.Algebra.ContinuousMonoidHom,26,4
Mathlib.Topology.Algebra.Module.Basic,0,10
Mathlib.Topology.Algebra.Module.LinearMap,0,34
Mathlib.Topology.Algebra.Module.LinearMap,1,17
Mathlib.Topology.Algebra.Module.LinearMap,25,2
Mathlib.Topology.Algebra.Module.LinearMap,80,2
Mathlib.Topology.Algebra.Module.LinearMap,81,1
Mathlib.Topology.Algebra.Module.LinearMapPiProd,0,10
Mathlib.Topology.Algebra.Module.Equiv,0,234
Mathlib.Topology.Algebra.Module.Equiv,1,109
Mathlib.Topology.Algebra.Module.Equiv,2,165
Mathlib.Topology.Algebra.Module.Equiv,50,2
Mathlib.Topology.Category.TopCat.Basic,0,2
Mathlib.Topology.Category.TopCat.Basic,1,2
Mathlib.Algebra.Category.ModuleCat.Topology.Basic,0,7
Mathlib.Algebra.Category.ModuleCat.Topology.Basic,1,4
Mathlib.Algebra.Homology.ShortComplex.Basic,0,36
Mathlib.Algebra.Homology.ShortComplex.Basic,1,2
Mathlib.Algebra.Homology.ShortComplex.LeftHomology,0,926
Mathlib.Algebra.Homology.ShortComplex.LeftHomology,1,2
Mathlib.CategoryTheory.Limits.Shapes.Opposites.Kernels,0,40
Mathlib.Algebra.Homology.ShortComplex.RightHomology,0,854
Mathlib.Algebra.Homology.ShortComplex.RightHomology,1,2
Mathlib.Algebra.Homology.ShortComplex.Homology,0,244
Mathlib.Algebra.Homology.ShortComplex.Homology,1,2
Mathlib.Algebra.Homology.ShortComplex.Preadditive,0,149
Mathlib.Algebra.Homology.ShortComplex.Preadditive,1,2
Mathlib.Algebra.Homology.ShortComplex.Abelian,0,1211
Mathlib.Algebra.Homology.ShortComplex.QuasiIso,0,6
Mathlib.Algebra.Homology.ShortComplex.PreservesHomology,0,248
Mathlib.Algebra.Category.ModuleCat.Topology.Homology,0,49
Mathlib.Algebra.Homology.ComplexShape,0,1
Mathlib.Algebra.Homology.ComplexShape,1,10
Mathlib.Algebra.Homology.Embedding.Basic,0,1
Mathlib.Algebra.Homology.Embedding.Basic,1,1
Mathlib.CategoryTheory.Adjunction.Reflective,0,2
Mathlib.CategoryTheory.Subobject.FactorThru,0,6
Mathlib.CategoryTheory.Subobject.Lattice,0,16
Mathlib.CategoryTheory.Subobject.Limits,0,30
Mathlib.CategoryTheory.Shift.Basic,0,815
Mathlib.CategoryTheory.Shift.Basic,1,1
Mathlib.CategoryTheory.Shift.Basic,1022,2
Mathlib.CategoryTheory.GradedObject,0,7
Mathlib.Algebra.Homology.HomologicalComplex,0,464
Mathlib.Algebra.Homology.HomologicalComplex,1,2040
Mathlib.Algebra.Homology.HomologicalComplex,2,407
Mathlib.Algebra.Homology.HomologicalComplex,3,6
Mathlib.Algebra.Homology.Single,0,437
Mathlib.Algebra.Homology.Single,1,162
Mathlib.Algebra.Homology.Additive,0,10
Mathlib.Algebra.Homology.Additive,1,8
Mathlib.CategoryTheory.Preadditive.Projective.Basic,0,2
Mathlib.CategoryTheory.Preadditive.Projective.Basic,1,1
Mathlib.CategoryTheory.Preadditive.Injective.Basic,0,2
Mathlib.CategoryTheory.Preadditive.Injective.Basic,1,1
Mathlib.Algebra.Homology.ShortComplex.Exact,0,249
Mathlib.Algebra.Homology.ShortComplex.Exact,1,1
Mathlib.Algebra.Homology.ShortComplex.HomologicalComplex,0,206
Mathlib.Algebra.Homology.ShortComplex.HomologicalComplex,1,12
Mathlib.Algebra.Homology.Homotopy,0,3773
Mathlib.Algebra.Homology.Homotopy,1,16236
Mathlib.Algebra.Homology.Homotopy,2,3635
Mathlib.Algebra.Homology.Homotopy,3,216
Mathlib.Algebra.Homology.QuasiIso,0,26
Mathlib.Algebra.Homology.QuasiIso,1,10
Mathlib.CategoryTheory.Abelian.FunctorCategory,0,360
Mathlib.CategoryTheory.Limits.Preserves.Shapes.AbelianImages,0,76
Mathlib.Combinatorics.Quiver.Cast,0,1
Mathlib.CategoryTheory.SingleObj,1,2
Mathlib.CategoryTheory.Action.Basic,0,2
Mathlib.CategoryTheory.Action.Basic,1,21
Mathlib.CategoryTheory.Action.Limits,0,3
Mathlib.Topology.UniformSpace.Equiv,0,46
Mathlib.Topology.UniformSpace.Equiv,1,50
Mathlib.Topology.UniformSpace.Equiv,2,84
Mathlib.Topology.UniformSpace.Equiv,25,2
Mathlib.Topology.UniformSpace.Equiv,26,1
Mathlib.Topology.UniformSpace.UniformConvergenceTopology,0,5
Mathlib.Topology.UniformSpace.UniformConvergenceTopology,25,2
Mathlib.Topology.ContinuousMap.Algebra,0,12
Mathlib.Topology.ContinuousMap.Algebra,1,13
Mathlib.Algebra.Category.ContinuousCohomology.Basic,0,763
Mathlib.Algebra.Category.ContinuousCohomology.Basic,1,632
Mathlib.CategoryTheory.Adjunction.Parametrized,0,1
Mathlib.CategoryTheory.Adjunction.Parametrized,1,1
Mathlib.CategoryTheory.Adjunction.Parametrized,15,2
Mathlib.CategoryTheory.Adjunction.Parametrized,16,1
Mathlib.CategoryTheory.Monoidal.Closed.Basic,0,4
Mathlib.CategoryTheory.Monoidal.Closed.Basic,10,1
Mathlib.CategoryTheory.Monoidal.Closed.Basic,1022,1
Mathlib.CategoryTheory.Monoidal.Rigid.Basic,0,8
Mathlib.CategoryTheory.Monoidal.Rigid.Basic,1022,2
Mathlib.CategoryTheory.Monoidal.Rigid.Basic,1024,6
Mathlib.Logic.Equiv.Multiset,0,2
Mathlib.Logic.Equiv.Finset,0,2
Mathlib.Logic.Equiv.Finset,1,7
Mathlib.Data.W.Basic,0,2
Mathlib.Data.W.Basic,1,2
Mathlib.LinearAlgebra.Dual.Basis,0,24
Mathlib.LinearAlgebra.Dual.Basis,1,12
Mathlib.LinearAlgebra.Dual.Basis,1024,1
Mathlib.LinearAlgebra.Dimension.RankNullity,0,10
Mathlib.LinearAlgebra.Dimension.RankNullity,1,10
Mathlib.LinearAlgebra.FiniteDimensional.Lemmas,1,1
Mathlib.LinearAlgebra.FiniteDimensional.Lemmas,2,1
Mathlib.LinearAlgebra.Matrix.InvariantBasisNumber,1,6
Mathlib.LinearAlgebra.SesquilinearForm.Basic,0,68
Mathlib.LinearAlgebra.SesquilinearForm.Basic,1,2
Mathlib.LinearAlgebra.SesquilinearForm.Basic,2,3
Mathlib.LinearAlgebra.Dual.Lemmas,0,16
Mathlib.LinearAlgebra.Dual.Lemmas,1,4
Mathlib.LinearAlgebra.Contraction,0,2
Mathlib.LinearAlgebra.Contraction,1,1
Mathlib.LinearAlgebra.Coevaluation,1,1
Mathlib.Algebra.Category.FGModuleCat.Basic,1,1
Mathlib.Algebra.Category.FGModuleCat.EssentiallySmall,0,1
Mathlib.Algebra.Category.FGModuleCat.EssentiallySmall,1,1
Mathlib.Algebra.Category.MonCat.FilteredColimits,0,4
Mathlib.Algebra.Category.MonCat.FilteredColimits,1,4
Mathlib.Algebra.Category.Grp.FilteredColimits,0,2
Mathlib.Algebra.Category.Grp.FilteredColimits,1,2
Mathlib.Algebra.Category.Grp.EpiMono,0,8
Mathlib.Algebra.Category.Grp.EpiMono,1,18
Mathlib.Algebra.Category.Grp.Kernels,0,24
Mathlib.Algebra.Homology.ShortComplex.ShortExact,0,3
Mathlib.Algebra.Homology.ShortComplex.Ab,0,2
Mathlib.CategoryTheory.Preadditive.LeftExact,0,54
Mathlib.Algebra.Homology.ImageToKernel,0,50
Mathlib.CategoryTheory.Abelian.Exact,0,24
Mathlib.Algebra.Homology.ShortComplex.ExactFunctor,0,2
Mathlib.CategoryTheory.Limits.Shapes.Countable,0,2
Mathlib.CategoryTheory.Monoidal.Types.Basic,1,6
Mathlib.Algebra.Module.Injective,0,3
Mathlib.Algebra.Module.Injective,1,1
Mathlib.GroupTheory.Divisible,0,127
Mathlib.GroupTheory.Divisible,1,21
Mathlib.Data.ZMod.IntUnitsPower,0,1
Mathlib.Data.ZMod.IntUnitsPower,1,4
Mathlib.Data.ZMod.IntUnitsPower,2,46
Mathlib.Algebra.Ring.NegOnePow,0,1
Mathlib.Algebra.Ring.NegOnePow,1,16
Mathlib.Algebra.Ring.NegOnePow,2,2
Mathlib.Algebra.Ring.Periodic,0,18
Mathlib.Algebra.Ring.Periodic,1,5
Mathlib.Algebra.Ring.Periodic,2,10
Mathlib.Order.Circular,0,5
Mathlib.Algebra.Order.Interval.Set.Group,0,9
Mathlib.Algebra.Order.Interval.Set.Group,1,18
Mathlib.Algebra.Order.ToIntervalMod,0,340
Mathlib.Algebra.Order.ToIntervalMod,1,33
Mathlib.Data.Nat.Cast.Field,0,1
Mathlib.Data.Nat.Factorization.Induction,0,22
Mathlib.Data.Nat.Factorization.Induction,1,32
Mathlib.Data.Nat.Factorization.Induction,2,23
Mathlib.Data.Nat.Count,0,13
Mathlib.Data.Nat.Count,1,15
Mathlib.Data.Nat.Totient,0,48
Mathlib.Data.Nat.Totient,1,32
Mathlib.Data.Nat.Totient,2,11
Mathlib.Data.Nat.Totient,1024,1
Mathlib.Topology.Algebra.IsUniformGroup.Basic,0,10
Mathlib.Topology.Algebra.IsUniformGroup.Basic,1,10
Mathlib.Logic.Equiv.PartialEquiv,0,1
Mathlib.Logic.Equiv.PartialEquiv,1,1
Mathlib.Logic.Equiv.PartialEquiv,1024,1
Mathlib.Topology.OpenPartialHomeomorph.Defs,0,1
Mathlib.Topology.OpenPartialHomeomorph.Defs,1,1
Mathlib.Topology.Instances.AddCircle.Defs,0,209
Mathlib.Topology.Instances.AddCircle.Defs,1,12
Mathlib.Algebra.Module.CharacterModule,0,13
Mathlib.Algebra.Module.CharacterModule,1,366
Mathlib.Algebra.Module.CharacterModule,2,2
Mathlib.Algebra.Category.Grp.FiniteGrp,0,2
Mathlib.Algebra.Category.Grp.FiniteGrp,1,2
Mathlib.CategoryTheory.ObjectProperty.ContainsZero,0,1
Mathlib.CategoryTheory.Monoidal.CommMon_,0,1
Mathlib.CategoryTheory.Monoidal.CommMon_,1,1
Mathlib.CategoryTheory.Monoidal.Internal.Types.Basic,1,3
Mathlib.CategoryTheory.Monoidal.Cartesian.Mon_,1,21
Mathlib.CategoryTheory.Monoidal.Grp_,0,3
Mathlib.CategoryTheory.Monoidal.Grp_,1,1
Mathlib.CategoryTheory.Monoidal.Grp_,1024,2
Mathlib.CategoryTheory.Monoidal.CommGrp_,0,1
Mathlib.CategoryTheory.Monoidal.CommGrp_,1,1
Mathlib.CategoryTheory.Monoidal.Internal.Types.CommGrp_,1,1
Mathlib.CategoryTheory.Preadditive.CommGrp_,0,3
Mathlib.Algebra.Category.GrpWithZero,0,4
Mathlib.Algebra.Category.GrpWithZero,1,4
Mathlib.RingTheory.HopfAlgebra.Basic,0,2
Mathlib.RingTheory.HopfAlgebra.Basic,1,4
Mathlib.Algebra.Category.HopfAlgCat.Basic,0,2
Mathlib.Algebra.Category.HopfAlgCat.Basic,1,1
Mathlib.CategoryTheory.Limits.Shapes.WideEqualizers,0,16
Mathlib.CategoryTheory.Limits.Shapes.WideEqualizers,1,16
Mathlib.Algebra.Category.ModuleCat.Adjunctions,1,8
Mathlib.CategoryTheory.ComposableArrows.Basic,0,1808
Mathlib.CategoryTheory.ComposableArrows.Basic,1,24592
Mathlib.CategoryTheory.ComposableArrows.Basic,2,3172
Mathlib.CategoryTheory.ComposableArrows.Basic,3,2563
Mathlib.CategoryTheory.ComposableArrows.Basic,4,2872
Mathlib.CategoryTheory.ComposableArrows.Basic,5,3221
Mathlib.CategoryTheory.ComposableArrows.Basic,1024,1
Mathlib.Algebra.Homology.ExactSequence,0,51
Mathlib.Algebra.Homology.ExactSequence,1,992
Mathlib.Algebra.Homology.ExactSequence,2,436
Mathlib.Algebra.Homology.ExactSequence,3,5
Mathlib.CategoryTheory.Abelian.Refinements,0,4
Mathlib.Algebra.Homology.ShortComplex.SnakeLemma,0,142
Mathlib.Algebra.Homology.ShortComplex.SnakeLemma,1,26
Mathlib.Algebra.Homology.ShortComplex.SnakeLemma,5,30
Mathlib.CategoryTheory.Limits.Shapes.Multiequalizer,0,45
Mathlib.CategoryTheory.Limits.Shapes.Multiequalizer,1,47
Mathlib.CategoryTheory.Limits.Shapes.Multiequalizer,2,22
Mathlib.Algebra.Homology.ShortComplex.ConcreteCategory,0,5
Mathlib.Algebra.Homology.ShortComplex.ModuleCat,0,20
Mathlib.Algebra.Category.ModuleCat.ChangeOfRings,0,2
Mathlib.Algebra.Category.ModuleCat.ChangeOfRings,1,19
Mathlib.Algebra.Category.ModuleCat.ChangeOfRings,100,2
Mathlib.Algebra.Category.ModuleCat.ChangeOfRings,101,1
Mathlib.CategoryTheory.Limits.Shapes.Reflexive,0,21
Mathlib.CategoryTheory.Limits.Shapes.Reflexive,1,21
Mathlib.CategoryTheory.Limits.Shapes.Reflexive,2,12
Mathlib.CategoryTheory.Limits.Shapes.Reflexive,3,12
Mathlib.CategoryTheory.Limits.Shapes.Reflexive,4,12
Mathlib.CategoryTheory.Limits.Shapes.Reflexive,5,11
Mathlib.CategoryTheory.Monad.Adjunction,0,2
Mathlib.CategoryTheory.Monad.Comonadicity,0,1
Mathlib.Algebra.Ring.Action.Pointwise.Set,0,6
Mathlib.RingTheory.Ideal.Colon,0,1
Mathlib.RingTheory.IsPrimary,0,2
Mathlib.RingTheory.Spectrum.Prime.Defs,0,1
Mathlib.RingTheory.Spectrum.Prime.Defs,1,1
Mathlib.RingTheory.LocalProperties.Submodule,0,4
Mathlib.RingTheory.PolynomialAlgebra,0,3
Mathlib.RingTheory.PolynomialAlgebra,1,8
Mathlib.RingTheory.Localization.Submodule,1,2
Mathlib.RingTheory.LocalProperties.Basic,0,2
Mathlib.Algebra.Ring.Regular,0,7
Mathlib.Algebra.Ring.Regular,1,4
Mathlib.Algebra.Polynomial.Laurent,0,29
Mathlib.Algebra.Polynomial.Laurent,1,19
Mathlib.Algebra.Polynomial.Laurent,9000,1
Mathlib.LinearAlgebra.Matrix.Symmetric,0,1
Mathlib.LinearAlgebra.Matrix.Symmetric,1,1
Mathlib.LinearAlgebra.Matrix.MvPolynomial,0,1
Mathlib.LinearAlgebra.Matrix.Polynomial,0,1
Mathlib.LinearAlgebra.Matrix.Polynomial,1,2
Mathlib.LinearAlgebra.Matrix.Adjugate,0,61
Mathlib.LinearAlgebra.Matrix.Adjugate,1,76
Mathlib.LinearAlgebra.Matrix.Adjugate,2,131
Mathlib.LinearAlgebra.Matrix.Adjugate,3,96
Mathlib.LinearAlgebra.Matrix.Transvection,0,28
Mathlib.LinearAlgebra.Matrix.Transvection,1,15
Mathlib.Data.Matrix.Invertible,1,4
Mathlib.LinearAlgebra.Matrix.Trace,0,27
Mathlib.LinearAlgebra.Matrix.Trace,1,44
Mathlib.LinearAlgebra.Matrix.Trace,2,39
Mathlib.LinearAlgebra.Matrix.Trace,3,34
Mathlib.LinearAlgebra.Matrix.Kronecker,0,34
Mathlib.LinearAlgebra.Matrix.Kronecker,1,16
Mathlib.LinearAlgebra.Matrix.Kronecker,100,6
Mathlib.LinearAlgebra.Matrix.Kronecker,101,2
Mathlib.LinearAlgebra.Matrix.NonsingularInverse,0,6
Mathlib.LinearAlgebra.Matrix.NonsingularInverse,1,27
Mathlib.LinearAlgebra.Matrix.Block,0,6
Mathlib.LinearAlgebra.Matrix.Block,1,3
Mathlib.RingTheory.MatrixAlgebra,0,2
Mathlib.RingTheory.MatrixAlgebra,1,8
Mathlib.RingTheory.MatrixPolynomialAlgebra,0,6
Mathlib.RingTheory.MatrixPolynomialAlgebra,1,1
Mathlib.LinearAlgebra.Matrix.Charpoly.Basic,0,6
Mathlib.LinearAlgebra.Matrix.Charpoly.Basic,1,6
Mathlib.LinearAlgebra.Matrix.SchurComplement,0,145
Mathlib.LinearAlgebra.Matrix.SchurComplement,1,102
Mathlib.Tactic.LinearCombination.Lemmas,0,31
Mathlib.Tactic.LinearCombination.Lemmas,1,15
Mathlib.Tactic.LinearCombination.Lemmas,2,11
Mathlib.Tactic.Ring.Compare,0,68
Mathlib.Tactic.Ring.Compare,1,9
Mathlib.Tactic.Ring.Compare,39,2
Mathlib.Tactic.Ring.Compare,209,1
Mathlib.Tactic.Ring.Compare,235,1
Mathlib.Tactic.LinearCombination,0,10
Mathlib.Tactic.LinearCombination,1,11
Mathlib.Tactic.LinearCombination,1022,1
Mathlib.Algebra.Polynomial.Identities,0,13
Mathlib.Algebra.Polynomial.Identities,1,47
Mathlib.Algebra.Polynomial.Identities,2,30
Mathlib.RingTheory.Nilpotent.Basic,0,12
Mathlib.RingTheory.Nilpotent.Basic,1,7
Mathlib.RingTheory.Nilpotent.Lemmas,0,3
Mathlib.RingTheory.Polynomial.Nilpotent,0,9
Mathlib.Data.Matrix.DMatrix,0,6
Mathlib.Data.Matrix.DMatrix,1024,2
Mathlib.LinearAlgebra.Matrix.Charpoly.Coeff,0,6
Mathlib.LinearAlgebra.Matrix.Charpoly.Coeff,1,21
Mathlib.LinearAlgebra.Matrix.Charpoly.Coeff,2,15
Mathlib.LinearAlgebra.Matrix.Charpoly.LinearMap,0,4
Mathlib.LinearAlgebra.Matrix.Charpoly.LinearMap,1,4
Mathlib.RingTheory.IntegralClosure.IsIntegral.Defs,0,1
Mathlib.RingTheory.IntegralClosure.IsIntegral.Basic,0,5
Mathlib.RingTheory.IntegralClosure.IsIntegral.Basic,1,2
Mathlib.Algebra.Order.SuccPred.WithBot,0,2
Mathlib.Algebra.Order.SuccPred.WithBot,1,6
Mathlib.Algebra.Order.SuccPred.WithBot,2,1
Mathlib.RingTheory.EuclideanDomain,0,9
Mathlib.Algebra.Polynomial.FieldDivision,0,68
Mathlib.Algebra.Polynomial.FieldDivision,1,14
Mathlib.Algebra.Polynomial.FieldDivision,2,2
Mathlib.Data.Nat.Factorial.Cast,1,1
Mathlib.Data.Nat.Factorial.Cast,2,1
Mathlib.Data.Nat.Choose.Cast,1,1
Mathlib.Data.Nat.Choose.Cast,2,3
Mathlib.Data.Nat.Choose.Vandermonde,1,1
Mathlib.Data.Nat.Choose.Vandermonde,2,2
Mathlib.Tactic.Positivity.Finset,0,95
Mathlib.Tactic.Positivity.Finset,1,2
Mathlib.Algebra.Polynomial.HasseDeriv,0,8
Mathlib.Algebra.Polynomial.HasseDeriv,1,4
Mathlib.Algebra.Polynomial.Taylor,0,9
Mathlib.Algebra.Polynomial.Taylor,1,3
Mathlib.Algebra.Polynomial.Taylor,2,2
Mathlib.Algebra.Polynomial.Splits,0,68
Mathlib.Algebra.Polynomial.Splits,1,43
Mathlib.Algebra.Polynomial.Splits,2,4
Mathlib.RingTheory.Polynomial.ScaleRoots,0,16
Mathlib.RingTheory.Polynomial.ScaleRoots,1,3
Mathlib.RingTheory.Polynomial.IntegralNormalization,0,18
Mathlib.RingTheory.Polynomial.IntegralNormalization,1,17
Mathlib.RingTheory.TensorProduct.MvPolynomial,0,5
Mathlib.RingTheory.TensorProduct.MvPolynomial,1,17
Mathlib.RingTheory.Polynomial.Subring,0,2
Mathlib.RingTheory.Polynomial.Subring,1,7
Mathlib.RingTheory.IntegralClosure.IsIntegralClosure.Basic,0,7
Mathlib.RingTheory.IntegralClosure.IsIntegralClosure.Basic,1,5
Mathlib.RingTheory.Algebraic.Integral,0,7
Mathlib.RingTheory.Localization.Integral,0,17
Mathlib.RingTheory.Localization.Integral,1,5
Mathlib.RingTheory.Ideal.GoingUp,0,21
Mathlib.RingTheory.Ideal.GoingUp,1,1
Mathlib.LinearAlgebra.TensorProduct.Quotient,1,6
Mathlib.RingTheory.Flat.FaithfullyFlat.Basic,0,10
Mathlib.RingTheory.Flat.FaithfullyFlat.Basic,1,1
Mathlib.RingTheory.Spectrum.Prime.Basic,0,6
Mathlib.RingTheory.Spectrum.Prime.Basic,1,2
Mathlib.RingTheory.LocalRing.ResidueField.Basic,0,2
Mathlib.RingTheory.SurjectiveOnStalks,1,1
Mathlib.RingTheory.LocalRing.ResidueField.Ideal,0,1
Mathlib.RingTheory.TensorProduct.Quotient,1,1
Mathlib.RingTheory.Flat.FaithfullyFlat.Algebra,1,1
Mathlib.Algebra.Order.Ring.Idempotent,0,143
Mathlib.Algebra.Order.Ring.Idempotent,1,150
Mathlib.Data.ENat.Lattice,0,16
Mathlib.Order.RelSeries,0,37
Mathlib.Order.RelSeries,1,643
Mathlib.Order.KrullDimension,0,27
Mathlib.Order.KrullDimension,1,34
Mathlib.RingTheory.KrullDimension.Basic,0,11
Mathlib.RingTheory.KrullDimension.Basic,1,6
Mathlib.Order.BooleanSubalgebra,0,1
Mathlib.Order.BooleanSubalgebra,1,1
Mathlib.Topology.Sets.Opens,0,2
Mathlib.Topology.Sets.Opens,1,2
Mathlib.Topology.Sets.Closeds,0,3
Mathlib.Topology.Sets.Closeds,1,3
Mathlib.Topology.Spectral.Hom,0,1
Mathlib.Topology.Spectral.Hom,1,1
Mathlib.Order.Ideal,0,5
Mathlib.Order.Ideal,1,3
Mathlib.Topology.Sets.Compacts,0,4
Mathlib.Topology.Sets.Compacts,1,4
Mathlib.Topology.KrullDimension,0,1
Mathlib.RingTheory.Spectrum.Prime.Topology,0,26
Mathlib.RingTheory.Spectrum.Prime.Topology,1,29
Mathlib.RingTheory.Derivation.Basic,0,65
Mathlib.RingTheory.Derivation.Basic,1,28
Mathlib.RingTheory.Derivation.Basic,2,4
Mathlib.RingTheory.Derivation.ToSquareZero,2,11
Mathlib.Data.ZMod.Aut,1,8
Mathlib.Data.Nat.Factorization.LCM,0,8
Mathlib.Data.Nat.Factorization.LCM,1,6
Mathlib.Tactic.Peel,0,9
Mathlib.Tactic.Peel,1,1
Mathlib.Tactic.Peel,2,1
Mathlib.Tactic.Peel,1022,1
Mathlib.GroupTheory.Exponent,0,101
Mathlib.GroupTheory.Exponent,1,33
Mathlib.GroupTheory.Exponent,2,24
Mathlib.GroupTheory.SpecificGroups.Cyclic,0,23
Mathlib.GroupTheory.SpecificGroups.Cyclic,1,15
Mathlib.GroupTheory.SpecificGroups.Cyclic,2,2
Mathlib.GroupTheory.PGroup,0,3
Mathlib.GroupTheory.PGroup,1,3
Mathlib.GroupTheory.PGroup,2,4
Mathlib.GroupTheory.Sylow,0,3
Mathlib.GroupTheory.Sylow,1,8
Mathlib.Algebra.Module.ZMod,0,47
Mathlib.Algebra.Module.ZMod,1,39
Mathlib.GroupTheory.Torsion,0,24
Mathlib.GroupTheory.Torsion,1,13
Mathlib.Order.Atoms.Finite,2,1
Mathlib.Control.Bifunctor,0,1
Mathlib.Order.JordanHolder,0,10
Mathlib.Order.JordanHolder,1,13
Mathlib.RingTheory.SimpleModule.Basic,0,48
Mathlib.Algebra.Module.Torsion.Basic,0,48
Mathlib.Algebra.Module.Torsion.Basic,1,4
Mathlib.Algebra.Module.Torsion.Basic,2,2
Mathlib.Algebra.Module.Torsion.Basic,1024,1
Mathlib.Algebra.Polynomial.Module.Basic,0,10
Mathlib.RingTheory.Finiteness.Nakayama,0,1
Mathlib.RingTheory.Finiteness.Nakayama,1,1
Mathlib.RingTheory.ReesAlgebra,1,2
Mathlib.RingTheory.Filtration,0,5
Mathlib.RingTheory.Filtration,1,43
Mathlib.RingTheory.Nakayama,1,1
Mathlib.RingTheory.Ideal.Cotangent,0,4
Mathlib.RingTheory.Ideal.Cotangent,1,1
Mathlib.RingTheory.Ideal.Cotangent,2,1815
Mathlib.RingTheory.Kaehler.Basic,0,4
Mathlib.RingTheory.Kaehler.Basic,1,29
Mathlib.RingTheory.Kaehler.Basic,2,1375
Mathlib.RingTheory.Kaehler.Basic,1024,1
Mathlib.Algebra.Category.ModuleCat.Differentials.Basic,0,3
Mathlib.Algebra.Category.ModuleCat.Presheaf,0,5
Mathlib.Algebra.Category.ModuleCat.Presheaf,1,6
Mathlib.Algebra.Category.ModuleCat.Differentials.Presheaf,0,24
Mathlib.Algebra.Category.ModuleCat.Differentials.Presheaf,1,3
Mathlib.Algebra.Homology.HomotopyCategory.HomComplex,0,684
Mathlib.Algebra.Homology.HomotopyCategory.HomComplex,1,171
Mathlib.Algebra.Homology.HomotopyCategory.HomComplex,2,1
Mathlib.Algebra.Homology.HomologicalComplexBiprod,0,4
Mathlib.Algebra.Homology.HomotopyCofiber,0,115
Mathlib.Algebra.Homology.HomotopyCategory.MappingCone,0,496
Mathlib.Algebra.Homology.HomotopyCategory.MappingCone,1,1676
Mathlib.Algebra.Homology.HomotopyCategory.MappingCone,2,7
Mathlib.CategoryTheory.Quotient,0,1
Mathlib.CategoryTheory.Quotient,1,1
Mathlib.CategoryTheory.Quotient.Preadditive,0,1
Mathlib.Algebra.Homology.HomotopyCategory,0,4
Mathlib.CategoryTheory.Shift.CommShift,0,105
Mathlib.CategoryTheory.Shift.Induced,0,60
Mathlib.Algebra.Homology.HomotopyCategory.Shift,0,21
Mathlib.Algebra.Homology.HomotopyCategory.HomComplexShift,0,47
Mathlib.Algebra.Homology.HomotopyCategory.HomComplexShift,1,11
Mathlib.Algebra.Homology.HomotopyCategory.HomComplexShift,2,6
Mathlib.CategoryTheory.Triangulated.Basic,0,35
Mathlib.CategoryTheory.Triangulated.Basic,1,480
Mathlib.CategoryTheory.Triangulated.Rotate,1,155
Mathlib.CategoryTheory.Triangulated.TriangleShift,0,49
Mathlib.CategoryTheory.Triangulated.TriangleShift,1,205
Mathlib.CategoryTheory.Triangulated.Pretriangulated,0,53
Mathlib.CategoryTheory.Triangulated.Pretriangulated,1,249
Mathlib.CategoryTheory.Triangulated.Pretriangulated,60,2
Mathlib.CategoryTheory.Triangulated.Triangulated,0,10
Mathlib.CategoryTheory.Triangulated.Triangulated,1,589
Mathlib.CategoryTheory.Triangulated.Functor,1,241
Mathlib.CategoryTheory.Triangulated.Functor,2,11
Mathlib.Algebra.Homology.HomotopyCategory.Pretriangulated,0,498
Mathlib.Algebra.Homology.HomotopyCategory.Pretriangulated,1,1049
Mathlib.Algebra.Homology.HomotopyCategory.DegreewiseSplit,0,62
Mathlib.Algebra.Homology.HomotopyCategory.DegreewiseSplit,1,469
Mathlib.Algebra.Homology.HomotopyCategory.DegreewiseSplit,2,2
Mathlib.Algebra.Homology.HomologySequence,0,131
Mathlib.Algebra.Homology.HomologySequence,1,51
Mathlib.Algebra.Homology.HomologySequence,2,3
Mathlib.Algebra.Homology.HomologySequence,3,67
Mathlib.CategoryTheory.Shift.ShiftSequence,0,113
Mathlib.CategoryTheory.Localization.Construction,0,1
Mathlib.CategoryTheory.Localization.Construction,1,1
Mathlib.CategoryTheory.Localization.Predicate,0,2
Mathlib.CategoryTheory.Localization.Predicate,1,1
Mathlib.CategoryTheory.CatCommSq,0,1
Mathlib.CategoryTheory.Localization.CalculusOfFractions,0,2
Mathlib.CategoryTheory.Localization.CalculusOfFractions,1,2
Mathlib.CategoryTheory.Localization.CalculusOfFractions.ComposableArrows,1,16
Mathlib.CategoryTheory.Localization.CalculusOfFractions.Fractions,0,3
Mathlib.CategoryTheory.Localization.CalculusOfFractions.Fractions,1,3
Mathlib.CategoryTheory.Localization.HasLocalization,0,1
Mathlib.CategoryTheory.Localization.CalculusOfFractions.Preadditive,0,9
Mathlib.CategoryTheory.Localization.LocalizerMorphism,0,1
Mathlib.CategoryTheory.Localization.LocalizerMorphism,1,1
Mathlib.CategoryTheory.Localization.Triangulated,1,52
Mathlib.CategoryTheory.ObjectProperty.Shift,0,1
Mathlib.CategoryTheory.Triangulated.Subcategory,1,6
Mathlib.CategoryTheory.Triangulated.HomologicalFunctor,0,10
Mathlib.CategoryTheory.Triangulated.HomologicalFunctor,1,20
Mathlib.CategoryTheory.Triangulated.HomologicalFunctor,5,3
Mathlib.CategoryTheory.Shift.InducedShiftSequence,0,46
Mathlib.Algebra.Homology.HomotopyCategory.ShiftSequence,0,58
Mathlib.Algebra.Homology.HomotopyCategory.Acyclic,0,1
Mathlib.CategoryTheory.Shift.SingleFunctors,0,74
Mathlib.CategoryTheory.Shift.SingleFunctors,1,2
Mathlib.Algebra.Homology.HomotopyCategory.SingleFunctors,0,1
Mathlib.Algebra.Homology.HomotopyCategory.Triangulated,0,105
Mathlib.Algebra.Homology.HomotopyCategory.Triangulated,1,275
Mathlib.Algebra.Homology.HomotopyCategory.Triangulated,2,56
Mathlib.Algebra.Homology.DerivedCategory.HomologySequence,0,13
Mathlib.Algebra.Homology.DerivedCategory.HomologySequence,1,12
Mathlib.Algebra.Homology.Opposite,0,2
Mathlib.Algebra.Homology.Embedding.IsSupported,0,1
Mathlib.Algebra.Homology.Embedding.Extend,0,16
Mathlib.Algebra.Homology.Embedding.ExtendHomology,0,176
Mathlib.Algebra.Homology.Embedding.Boundary,0,2
Mathlib.Algebra.Homology.Embedding.HomEquiv,0,3
Mathlib.Algebra.Homology.Embedding.TruncGE,0,3
Mathlib.Algebra.Homology.Embedding.TruncGEHomology,0,42
Mathlib.Algebra.Homology.Embedding.TruncLEHomology,0,1
Mathlib.Algebra.Homology.Embedding.AreComplementary,0,2
Mathlib.Algebra.Homology.Embedding.AreComplementary,1,1
Mathlib.Algebra.Homology.Embedding.CochainComplex,0,2
Mathlib.Algebra.Homology.Embedding.CochainComplex,1,5
Mathlib.Algebra.Homology.SingleHomology,1,2
Mathlib.CategoryTheory.Shift.ShiftedHom,0,27
Mathlib.CategoryTheory.Localization.SmallShiftedHom,0,43
Mathlib.Algebra.Homology.DerivedCategory.Ext.Basic,0,402
Mathlib.CategoryTheory.Abelian.DiagramLemmas.Four,0,79
Mathlib.CategoryTheory.Abelian.DiagramLemmas.Four,1,370
Mathlib.CategoryTheory.Abelian.DiagramLemmas.Four,2,300
Mathlib.CategoryTheory.Abelian.DiagramLemmas.Four,3,219
Mathlib.CategoryTheory.Abelian.DiagramLemmas.Four,4,29
Mathlib.Algebra.Homology.HomologySequenceLemmas,1,16
Mathlib.Algebra.Homology.HomologySequenceLemmas,2,17
Mathlib.Algebra.Homology.HomologySequenceLemmas,5,17
Mathlib.Algebra.Homology.Refinements,0,2
Mathlib.Algebra.Homology.HomotopyCategory.ShortExact,0,22
Mathlib.Algebra.Homology.HomotopyCategory.ShortExact,1,42
Mathlib.Algebra.Homology.DerivedCategory.ShortExact,1,12
Mathlib.Algebra.Homology.DerivedCategory.SingleTriangle,0,142
Mathlib.Algebra.Homology.DerivedCategory.SingleTriangle,1,12
Mathlib.Algebra.Homology.DerivedCategory.Ext.ExtClass,0,47
Mathlib.Algebra.Homology.DerivedCategory.Ext.ExtClass,1,19
Mathlib.CategoryTheory.Shift.Adjunction,0,16
Mathlib.CategoryTheory.Shift.Opposite,0,14
Mathlib.CategoryTheory.Shift.Pullback,0,56
Mathlib.CategoryTheory.Triangulated.Opposite.Basic,0,96
Mathlib.CategoryTheory.Shift.ShiftedHomOpposite,0,14
Mathlib.CategoryTheory.Triangulated.Opposite.Triangle,1,527
Mathlib.CategoryTheory.Triangulated.Opposite.Pretriangulated,0,8
Mathlib.CategoryTheory.Triangulated.Opposite.Pretriangulated,1,20
Mathlib.CategoryTheory.Triangulated.Yoneda,0,2
Mathlib.CategoryTheory.Triangulated.Yoneda,1,14
Mathlib.Algebra.Homology.DerivedCategory.Ext.ExactSequences,0,188
Mathlib.Algebra.Homology.DerivedCategory.Ext.ExactSequences,1,28
Mathlib.Algebra.Homology.DerivedCategory.Ext.ExactSequences,5,4
Mathlib.Algebra.Homology.DerivedCategory.Ext.EnoughProjectives,0,2
Mathlib.Algebra.Homology.DerivedCategory.Ext.EnoughProjectives,1,3
Mathlib.Algebra.Homology.DerivedCategory.Ext.EnoughInjectives,0,2
Mathlib.Algebra.Homology.DerivedCategory.Ext.EnoughInjectives,1,3
Mathlib.Algebra.Category.ModuleCat.Ext.DimensionShifting,1,38
Mathlib.CategoryTheory.Center.Localization,0,2
Mathlib.CategoryTheory.Center.Localization,1,2
Mathlib.Algebra.Homology.DerivedCategory.Ext.Linear,0,358
Mathlib.Algebra.Module.Presentation.Basic,0,44
Mathlib.Algebra.Module.Presentation.Basic,1,16
Mathlib.Algebra.RingQuot,0,5
Mathlib.Algebra.RingQuot,1,4
Mathlib.Algebra.TrivSqZeroExt,0,104
Mathlib.Algebra.TrivSqZeroExt,1,14
Mathlib.LinearAlgebra.TensorAlgebra.Basic,0,8
Mathlib.LinearAlgebra.TensorAlgebra.Basic,1,4
Mathlib.LinearAlgebra.Matrix.Basis,1,2
Mathlib.LinearAlgebra.Matrix.Nondegenerate,0,27
Mathlib.Algebra.CharP.Reduced,1,2
Mathlib.Algebra.CharP.Reduced,2,1
Mathlib.RingTheory.IntegralDomain,0,21
Mathlib.RingTheory.IntegralDomain,1,6
Mathlib.RingTheory.RootsOfUnity.Basic,0,1
Mathlib.RingTheory.RootsOfUnity.Basic,1,44
Mathlib.RingTheory.RootsOfUnity.Basic,2,1
Mathlib.LinearAlgebra.Matrix.SpecialLinearGroup,0,80
Mathlib.LinearAlgebra.Matrix.SpecialLinearGroup,1,216
Mathlib.LinearAlgebra.Matrix.SpecialLinearGroup,2,987
Mathlib.LinearAlgebra.Matrix.SpecialLinearGroup,1024,3
Mathlib.Algebra.Ring.Subring.Units,0,2
Mathlib.LinearAlgebra.Matrix.GeneralLinearGroup.Defs,0,8
Mathlib.LinearAlgebra.Matrix.GeneralLinearGroup.Defs,1,18
Mathlib.LinearAlgebra.Matrix.GeneralLinearGroup.Defs,1024,2
Mathlib.LinearAlgebra.Matrix.ToLinearEquiv,0,18
Mathlib.LinearAlgebra.Matrix.SesquilinearForm,0,16
Mathlib.LinearAlgebra.Matrix.SesquilinearForm,1,21
Mathlib.LinearAlgebra.QuadraticForm.Basic,0,40
Mathlib.LinearAlgebra.QuadraticForm.Basic,1,2
Mathlib.LinearAlgebra.QuadraticForm.Basic,2,57
Mathlib.LinearAlgebra.QuadraticForm.Basic,4,1
Mathlib.LinearAlgebra.QuadraticForm.Isometry,0,8
Mathlib.LinearAlgebra.QuadraticForm.Isometry,1,1
Mathlib.LinearAlgebra.QuadraticForm.Isometry,25,1
Mathlib.LinearAlgebra.QuadraticForm.IsometryEquiv,0,1
Mathlib.LinearAlgebra.QuadraticForm.IsometryEquiv,1,1
Mathlib.LinearAlgebra.QuadraticForm.IsometryEquiv,2,4
Mathlib.LinearAlgebra.CliffordAlgebra.Basic,0,1
Mathlib.LinearAlgebra.CliffordAlgebra.Basic,2,1
Mathlib.Algebra.GradedMonoid,0,176
Mathlib.Algebra.GradedMonoid,1,66
Mathlib.Algebra.GradedMonoid,1024,2
Mathlib.Algebra.Ring.Associator,0,5
Mathlib.Algebra.DirectSum.Ring,0,1311
Mathlib.Algebra.DirectSum.Ring,1,106
Mathlib.Algebra.DirectSum.Algebra,0,1474
Mathlib.Algebra.DirectSum.Algebra,1,18
Mathlib.Algebra.DirectSum.Decomposition,0,9
Mathlib.Algebra.DirectSum.Internal,0,112
Mathlib.RingTheory.GradedAlgebra.Basic,0,40
Mathlib.RingTheory.GradedAlgebra.Basic,1,4
Mathlib.LinearAlgebra.CliffordAlgebra.Grading,0,23
Mathlib.LinearAlgebra.CliffordAlgebra.Grading,1,35
Mathlib.LinearAlgebra.CliffordAlgebra.Grading,2,8626
Mathlib.LinearAlgebra.CliffordAlgebra.Conjugation,0,1
Mathlib.LinearAlgebra.CliffordAlgebra.Conjugation,1,4
Mathlib.LinearAlgebra.CliffordAlgebra.Conjugation,2,6
Mathlib.LinearAlgebra.CliffordAlgebra.Fold,1,4
Mathlib.LinearAlgebra.Multilinear.Curry,0,183
Mathlib.LinearAlgebra.Multilinear.Curry,1,16
Mathlib.LinearAlgebra.Alternating.Curry,0,3
Mathlib.LinearAlgebra.Alternating.Curry,1,8
Mathlib.Data.Set.PowersetCard,0,4
Mathlib.Data.Set.PowersetCard,1,9
Mathlib.LinearAlgebra.ExteriorAlgebra.Basic,0,1088
Mathlib.LinearAlgebra.ExteriorAlgebra.Basic,1,5
Mathlib.LinearAlgebra.ExteriorAlgebra.Basic,1023,1
Mathlib.LinearAlgebra.ExteriorAlgebra.Basic,1024,1
Mathlib.LinearAlgebra.ExteriorAlgebra.OfAlternating,0,618
Mathlib.LinearAlgebra.ExteriorAlgebra.OfAlternating,1,6
Mathlib.LinearAlgebra.ExteriorPower.Basic,0,10412
Mathlib.LinearAlgebra.ExteriorPower.Basic,1,277
Mathlib.LinearAlgebra.ExteriorPower.Basic,2,11
Mathlib.Algebra.Category.ModuleCat.ExteriorPower,0,291
Mathlib.Algebra.Category.ModuleCat.ExteriorPower,1,37
Mathlib.Algebra.Category.ModuleCat.FilteredColimits,0,2
Mathlib.Algebra.Homology.LeftResolution.Basic,0,41
Mathlib.Algebra.Homology.LeftResolution.Basic,1,257
Mathlib.Algebra.Homology.LeftResolution.Basic,2,30
Mathlib.Algebra.Category.ModuleCat.Presheaf.Generator,0,75
Mathlib.CategoryTheory.Sites.Sieves,0,3
Mathlib.CategoryTheory.Sites.Sieves,1,3
Mathlib.CategoryTheory.Sites.Grothendieck,0,4
Mathlib.CategoryTheory.Sites.Grothendieck,1,4
Mathlib.CategoryTheory.Sites.Precoverage,0,1
Mathlib.CategoryTheory.Sites.Precoverage,1,1
Mathlib.CategoryTheory.Sites.Pretopology,0,1
Mathlib.CategoryTheory.Sites.Pretopology,1,1
Mathlib.CategoryTheory.Sites.Sheaf,0,3
Mathlib.CategoryTheory.Sites.Sheaf,1,2
Mathlib.CategoryTheory.Sites.Plus,0,4
Mathlib.CategoryTheory.Subfunctor.Basic,0,1
Mathlib.CategoryTheory.Subfunctor.Basic,1,1
Mathlib.CategoryTheory.Limits.VanKampen,0,12
Mathlib.CategoryTheory.Limits.VanKampen,1,8
Mathlib.Algebra.Category.ModuleCat.Sheaf,0,2
Mathlib.Algebra.Category.ModuleCat.Sheaf,1,3
Mathlib.Algebra.Category.ModuleCat.Presheaf.Sheafify,0,5
Mathlib.Algebra.Category.ModuleCat.Presheaf.Sheafify,1,2
Mathlib.CategoryTheory.Bicategory.LocallyDiscrete,0,1
Mathlib.CategoryTheory.Bicategory.LocallyDiscrete,1,1
Mathlib.CategoryTheory.Sites.Hypercover.Zero,0,3
Mathlib.CategoryTheory.Sites.Hypercover.Zero,1,3
Mathlib.CategoryTheory.Sites.Coverage,0,1
Mathlib.CategoryTheory.Sites.Coverage,1,1
Mathlib.CategoryTheory.Sites.Hypercover.One,0,3
Mathlib.CategoryTheory.Sites.Hypercover.One,1,3
Mathlib.CategoryTheory.Limits.Bicones,0,24
Mathlib.CategoryTheory.Limits.Bicones,1,32
Mathlib.CategoryTheory.Limits.Bicones,2,23
Mathlib.CategoryTheory.Limits.Bicones,3,12
Mathlib.CategoryTheory.Limits.Bicones,4,11
Mathlib.CategoryTheory.Sites.DenseSubsite.Basic,0,1
Mathlib.CategoryTheory.Sites.DenseSubsite.Basic,1,1
Mathlib.CategoryTheory.Monoidal.ExternalProduct.Basic,80,2
Mathlib.CategoryTheory.Monoidal.ExternalProduct.Basic,81,1
Mathlib.CategoryTheory.Monoidal.Closed.Cartesian,0,2
Mathlib.CategoryTheory.Monoidal.Closed.Cartesian,3,1
Mathlib.CategoryTheory.Monoidal.Closed.Cartesian,4,1
Mathlib.CategoryTheory.Monoidal.Closed.Cartesian,5,3
Mathlib.CategoryTheory.Monoidal.Closed.Cartesian,6,3
Mathlib.CategoryTheory.Monoidal.Closed.Cartesian,19,1
Mathlib.CategoryTheory.Monoidal.Closed.Cartesian,20,1
Mathlib.CategoryTheory.Monoidal.Closed.Cartesian,30,2
Mathlib.CategoryTheory.Limits.Fubini,0,2
Mathlib.CategoryTheory.Limits.Fubini,1,2
Mathlib.CategoryTheory.Limits.Sifted,0,2
Mathlib.Algebra.Category.ModuleCat.Sheaf.Generators,0,2
Mathlib.Algebra.Category.ModuleCat.Sheaf.Generators,1,2
Mathlib.CategoryTheory.FiberedCategory.HomLift,1022,1
Mathlib.CategoryTheory.FiberedCategory.HomLift,1024,3
Mathlib.Algebra.Category.ModuleCat.Sheaf.Quasicoherent,0,1902
Mathlib.Algebra.Category.ModuleCat.Sheaf.Quasicoherent,1,2
Mathlib.CategoryTheory.Simple,0,20
Mathlib.Algebra.Category.ModuleCat.Simple,1,1
Mathlib.Topology.Sheaves.Presheaf,0,5
Mathlib.Topology.Sheaves.Presheaf,80,6
Mathlib.Topology.Sheaves.Presheaf,81,3
Mathlib.Topology.Sheaves.Presheaf,1022,3
Mathlib.Topology.Sheaves.Presheaf,1024,1
Mathlib.CategoryTheory.Category.Pairwise,0,20
Mathlib.CategoryTheory.Category.Pairwise,1,25
Mathlib.CategoryTheory.Category.Pairwise,2,12
Mathlib.CategoryTheory.Category.Pairwise,3,11
Mathlib.Algebra.Category.ModuleCat.Tannaka,1,1
Mathlib.Algebra.Category.Semigrp.Basic,0,8
Mathlib.Algebra.Category.Semigrp.Basic,1,4
Mathlib.Algebra.Group.WithOne.Basic,0,4
Mathlib.Algebra.Group.WithOne.Basic,1,4
Mathlib.Algebra.Category.MonCat.Adjunctions,1,1
Mathlib.Algebra.Category.MonCat.Colimits,0,12
Mathlib.Algebra.Category.MonCat.Colimits,1,29
Mathlib.Algebra.Category.MonCat.Colimits,2,11
Mathlib.CategoryTheory.Limits.Shapes.FiniteMultiequalizer,0,4
Mathlib.LinearAlgebra.TensorProduct.Pi,1,1
Mathlib.RingTheory.TensorProduct.Pi,1,3
Mathlib.Algebra.CharP.Algebra,0,2
Mathlib.Algebra.CharP.CharAndCard,0,1
Mathlib.FieldTheory.IntermediateField.Basic,0,4
Mathlib.FieldTheory.IntermediateField.Basic,1,4
Mathlib.Algebra.CharP.Invertible,2,4
Mathlib.Algebra.CharP.Invertible,3,2
Mathlib.Algebra.CharP.LocalRing,0,1
Mathlib.Algebra.CharP.MixedCharZero,0,6
Mathlib.Algebra.CharP.MixedCharZero,1,2
Mathlib.Algebra.CharP.Quotient,0,3
Mathlib.Algebra.CharZero.AddMonoidHom,1,2
Mathlib.Algebra.CharZero.Quotient,0,4
Mathlib.RingTheory.FreeRing,0,2
Mathlib.RingTheory.FreeRing,1,3
Mathlib.RingTheory.FreeCommRing,0,7
Mathlib.RingTheory.FreeCommRing,1,6
Mathlib.Algebra.Colimit.Ring,0,17
Mathlib.Algebra.Colimit.Ring,1,61
Mathlib.Data.Stream.Defs,0,7
Mathlib.Data.Stream.Defs,1,1
Mathlib.Data.Stream.Defs,65,4
Mathlib.Data.Stream.Defs,66,2
Mathlib.Data.Stream.Defs,67,2
Mathlib.Data.Stream.Defs,68,1
Mathlib.Data.Stream.Defs,75,2
Mathlib.Data.Stream.Defs,76,1
Mathlib.Data.Stream.Init,0,9
Mathlib.Data.Stream.Init,1,12
Mathlib.Data.Stream.Init,2,4
Mathlib.Data.Seq.Computation,0,7
Mathlib.Data.Seq.Computation,1,53
Mathlib.Data.Seq.Computation,2,1
Mathlib.Data.Seq.Computation,50,4
Mathlib.Data.Seq.Computation,51,2
Mathlib.Data.Seq.Defs,0,13
Mathlib.Data.Seq.Defs,1,6
Mathlib.Data.Seq.Defs,2,1
Mathlib.Algebra.ContinuedFractions.Basic,0,13
Mathlib.Algebra.ContinuedFractions.Basic,1,9
Mathlib.Tactic.ENatToNat,0,2
Mathlib.Tactic.ENatToNat,1,2
Mathlib.Tactic.ENatToNat,1024,2
Mathlib.Data.Seq.Basic,0,15
Mathlib.Data.Seq.Basic,1,9
Mathlib.Algebra.ContinuedFractions.Translations,0,22
Mathlib.Algebra.ContinuedFractions.Translations,1,20
Mathlib.Algebra.ContinuedFractions.Translations,2,1
Mathlib.Algebra.ContinuedFractions.ContinuantsRecurrence,1,9
Mathlib.Algebra.ContinuedFractions.ContinuantsRecurrence,2,4
Mathlib.Algebra.ContinuedFractions.TerminatedStable,0,1
Mathlib.Algebra.ContinuedFractions.TerminatedStable,1,3
Mathlib.Algebra.ContinuedFractions.TerminatedStable,2,1
Mathlib.Algebra.ContinuedFractions.Determinant,0,1
Mathlib.Algebra.ContinuedFractions.Determinant,1,8
Mathlib.Algebra.ContinuedFractions.Computation.Basic,0,12
Mathlib.Algebra.ContinuedFractions.Computation.Basic,1,2
Mathlib.Algebra.ContinuedFractions.Computation.Translations,0,10
Mathlib.Algebra.ContinuedFractions.Computation.Translations,1,20
Mathlib.Algebra.ContinuedFractions.Computation.CorrectnessTerminating,0,5
Mathlib.Algebra.ContinuedFractions.Computation.CorrectnessTerminating,1,4
Mathlib.Data.Nat.Fib.Basic,0,11
Mathlib.Data.Nat.Fib.Basic,1,28
Mathlib.Data.Nat.Fib.Basic,2,39
Mathlib.Data.Nat.Fib.Basic,5,1
Mathlib.Tactic.Monotonicity.Basic,0,1
Mathlib.Tactic.Monotonicity.Basic,1022,1
Mathlib.Algebra.ContinuedFractions.Computation.Approximations,0,8
Mathlib.Algebra.ContinuedFractions.Computation.Approximations,1,19
Mathlib.Algebra.ContinuedFractions.Computation.Approximations,2,2
Mathlib.Algebra.ContinuedFractions.ConvergentsEquiv,0,8
Mathlib.Algebra.ContinuedFractions.ConvergentsEquiv,1,9
Mathlib.Algebra.ContinuedFractions.ConvergentsEquiv,2,3
Mathlib.Algebra.ContinuedFractions.Computation.ApproximationCorollaries,0,1
Mathlib.Algebra.ContinuedFractions.Computation.ApproximationCorollaries,1,2
Mathlib.Algebra.ContinuedFractions.Computation.TerminatesIffRat,0,1
Mathlib.Algebra.ContinuedFractions.Computation.TerminatesIffRat,1,1
Mathlib.Algebra.CubicDiscriminant,0,169
Mathlib.Algebra.CubicDiscriminant,1,21
Mathlib.Algebra.CubicDiscriminant,2,26
Mathlib.Algebra.CubicDiscriminant,3,70
Mathlib.Algebra.CubicDiscriminant,4,4
Mathlib.Algebra.CubicDiscriminant,18,2
Mathlib.Algebra.CubicDiscriminant,27,2
Mathlib.RingTheory.Idempotents,0,51
Mathlib.RingTheory.Idempotents,1,62
Mathlib.RingTheory.Idempotents,2,1
Mathlib.Algebra.DirectSum.Idempotents,1,2
Mathlib.LinearAlgebra.Eigenspace.Basic,0,21
Mathlib.LinearAlgebra.Eigenspace.Basic,1,39
Mathlib.RingTheory.TensorProduct.Free,1,2
Mathlib.LinearAlgebra.Trace,0,3
Mathlib.LinearAlgebra.Trace,1,1
Mathlib.Algebra.DirectSum.LinearMap,0,4
Mathlib.Algebra.DualNumber,0,103
Mathlib.Algebra.DualNumber,1,3
Mathlib.Algebra.DualNumber,65,3
Mathlib.Algebra.DualNumber,70,1
Mathlib.Algebra.DualNumber,1024,3
Mathlib.Algebra.Quaternion,0,760
Mathlib.Algebra.Quaternion,1,675
Mathlib.Algebra.Quaternion,2,27
Mathlib.Algebra.Quaternion,3,4
Mathlib.Algebra.Quaternion,4,179
Mathlib.Algebra.Quaternion,1024,3
Mathlib.Algebra.DualQuaternion,0,51
Mathlib.Algebra.DualQuaternion,1,102
Mathlib.Algebra.Expr,0,1
Mathlib.Algebra.Expr,1,1
Mathlib.Algebra.GroupWithZero.Action.ConjAct,0,4
Mathlib.Algebra.Field.GeomSum,0,1
Mathlib.Algebra.Field.GeomSum,1,13
Mathlib.Algebra.Group.MinimalAxioms,0,13
Mathlib.Algebra.Group.MinimalAxioms,1,13
Mathlib.Algebra.Ring.MinimalAxioms,0,8
Mathlib.Algebra.Ring.MinimalAxioms,1,6
Mathlib.Algebra.Field.MinimalAxioms,0,10
Mathlib.Algebra.Field.MinimalAxioms,1,4
Mathlib.Algebra.Field.ModEq,0,3
Mathlib.Algebra.Field.NegOnePow,1,1
Mathlib.Algebra.Field.Periodic,0,15
Mathlib.Algebra.Field.Periodic,1,4
Mathlib.Algebra.Free,0,20
Mathlib.Algebra.Free,1,28
Mathlib.GroupTheory.FreeGroup.Reduce,0,10
Mathlib.GroupTheory.FreeGroup.Reduce,1,8
Mathlib.Algebra.FreeAlgebra.Cardinality,1,1
Mathlib.Algebra.FreeMonoid.Count,0,5
Mathlib.Algebra.FreeMonoid.Count,1,5
Mathlib.Algebra.FreeMonoid.Symbols,0,1
Mathlib.Algebra.FreeMonoid.Symbols,1,1
Mathlib.RingTheory.IntegralClosure.IntegrallyClosed,0,6
Mathlib.Algebra.Polynomial.CancelLeads,0,2
Mathlib.RingTheory.Polynomial.Content,0,24
Mathlib.RingTheory.Polynomial.Content,1,12
Mathlib.RingTheory.Polynomial.Eisenstein.Criterion,0,5
Mathlib.RingTheory.Polynomial.Eisenstein.Criterion,2,11
Mathlib.RingTheory.Polynomial.Eisenstein.Basic,0,16
Mathlib.RingTheory.Polynomial.Eisenstein.Basic,2,10
Mathlib.Algebra.GCDMonoid.PUnit,1,2
Mathlib.Algebra.GradedMulAction,0,2
Mathlib.Algebra.GradedMulAction,1,15
Mathlib.Algebra.Group.Action.Equidecomp,0,1
Mathlib.Algebra.Group.Action.Equidecomp,1,1
Mathlib.Algebra.Group.ForwardDiff,0,8
Mathlib.Algebra.Group.ForwardDiff,1,18
Mathlib.Algebra.Group.ForwardDiff,1024,1
Mathlib.Algebra.Group.Irreducible.Indecomposable,0,23
Mathlib.Algebra.Group.Irreducible.Indecomposable,1,24
Mathlib.Algebra.Group.NatPowAssoc,0,9
Mathlib.Algebra.Group.NatPowAssoc,1,20
Mathlib.Algebra.Group.PNatPowAssoc,1,9
Mathlib.Algebra.Group.Pointwise.Set.Small,0,1
Mathlib.Algebra.Group.Pointwise.Set.Small,1,1
Mathlib.Algebra.Group.Subgroup.ZPowers.Lemmas,1,2
Mathlib.Algebra.Group.Translate,0,3
Mathlib.Algebra.Group.Translate,1024,1
Mathlib.Algebra.GroupWithZero.Pointwise.Finset,0,20
Mathlib.Algebra.GroupWithZero.Action.Pointwise.Finset,0,25
Mathlib.Algebra.GroupWithZero.Conj,0,2
Mathlib.Algebra.GroupWithZero.Pointwise.Set.Card,0,2
Mathlib.Algebra.GroupWithZero.ProdHom,0,34
Mathlib.Algebra.GroupWithZero.ProdHom,1,10
Mathlib.Algebra.GroupWithZero.Submonoid.Instances,0,3
Mathlib.Algebra.GroupWithZero.Range,0,2
Mathlib.Algebra.GroupWithZero.Range,1,3
Mathlib.Algebra.GroupWithZero.Torsion,0,3
Mathlib.Util.Superscript,0,13
Mathlib.Util.Superscript,1,4
Mathlib.Util.Superscript,2,1
Mathlib.Util.Superscript,4,2
Mathlib.Util.Superscript,32,3
Mathlib.Util.Superscript,53,1
Mathlib.Util.Superscript,55,1
Mathlib.Util.Superscript,56,1
Mathlib.Util.Superscript,1024,6
Mathlib.AlgebraicTopology.SimplexCategory.Defs,0,4
Mathlib.AlgebraicTopology.SimplexCategory.Defs,1,192
Mathlib.AlgebraicTopology.SimplexCategory.Defs,1024,3
Mathlib.CategoryTheory.FintypeCat,0,2
Mathlib.CategoryTheory.FintypeCat,1,1
Mathlib.Order.Category.FinPartOrd,0,1
Mathlib.Order.Category.FinPartOrd,1,1
Mathlib.Order.Category.LinOrd,0,1
Mathlib.Order.Category.NonemptyFinLinOrd,0,1
Mathlib.Order.Category.NonemptyFinLinOrd,1,10
Mathlib.AlgebraicTopology.SimplexCategory.Basic,0,791
Mathlib.AlgebraicTopology.SimplexCategory.Basic,1,3471
Mathlib.AlgebraicTopology.SimplexCategory.Basic,2,1220
Mathlib.AlgebraicTopology.SimplexCategory.Basic,3,36
Mathlib.AlgebraicTopology.SimplicialObject.Basic,0,205
Mathlib.AlgebraicTopology.SimplicialObject.Basic,1,664
Mathlib.AlgebraicTopology.SimplicialObject.Basic,2,201
Mathlib.AlgebraicTopology.SimplicialObject.Basic,3,68
Mathlib.AlgebraicTopology.SimplicialObject.Basic,1000,2
Mathlib.AlgebraicTopology.SimplicialObject.Basic,1024,2
Mathlib.AlgebraicTopology.MooreComplex,0,194
Mathlib.AlgebraicTopology.MooreComplex,1,368
Mathlib.AlgebraicTopology.MooreComplex,2,1
Mathlib.CategoryTheory.Idempotents.Karoubi,0,8
Mathlib.CategoryTheory.Idempotents.Karoubi,1,2
Mathlib.AlgebraicTopology.AlternatingFaceMapComplex,0,48
Mathlib.AlgebraicTopology.AlternatingFaceMapComplex,1,111
Mathlib.AlgebraicTopology.AlternatingFaceMapComplex,2,25
Mathlib.AlgebraicTopology.SimplicialSet.Basic,0,16
Mathlib.AlgebraicTopology.SimplicialSet.Basic,1,72
Mathlib.AlgebraicTopology.SimplicialSet.Basic,2,55
Mathlib.AlgebraicTopology.SimplicialSet.Basic,3,17
Mathlib.AlgebraicTopology.SimplicialSet.Subcomplex,0,4
Mathlib.AlgebraicTopology.SimplicialSet.Degenerate,0,7
Mathlib.AlgebraicTopology.SimplicialSet.Degenerate,1,11
Mathlib.AlgebraicTopology.SimplicialSet.Dimension,1,1
Mathlib.AlgebraicTopology.SimplicialSet.Simplices,0,1
Mathlib.AlgebraicTopology.SimplicialSet.Simplices,1,1
Mathlib.AlgebraicTopology.SimplicialSet.NonDegenerateSimplices,0,1
Mathlib.AlgebraicTopology.SimplicialSet.NonDegenerateSimplices,1,1
Mathlib.AlgebraicTopology.SimplexCategory.Truncated,0,80
Mathlib.AlgebraicTopology.SimplexCategory.Truncated,1,179
Mathlib.AlgebraicTopology.SimplexCategory.Truncated,2,353
Mathlib.AlgebraicTopology.SimplicialSet.CompStructTruncated,0,637
Mathlib.AlgebraicTopology.SimplicialSet.CompStructTruncated,1,753
Mathlib.AlgebraicTopology.SimplicialSet.CompStructTruncated,2,4108
Mathlib.AlgebraicTopology.SimplicialSet.CompStruct,0,178
Mathlib.AlgebraicTopology.SimplicialSet.CompStruct,1,56
Mathlib.AlgebraicTopology.SimplicialSet.CompStruct,2,103
Mathlib.AlgebraicTopology.SimplicialSet.Nerve,0,1401
Mathlib.AlgebraicTopology.SimplicialSet.Nerve,1,228
Mathlib.AlgebraicTopology.SimplicialSet.Nerve,2,39
Mathlib.AlgebraicTopology.SimplicialSet.NerveNondegenerate,1,68
Mathlib.Order.Fin.Finset,0,4
Mathlib.Order.Fin.Finset,1,16
Mathlib.Order.Fin.Finset,2,18
Mathlib.Order.Fin.Finset,3,22
Mathlib.Order.Fin.SuccAboveOrderIso,1,29
Mathlib.Order.Fin.SuccAboveOrderIso,2,154
Mathlib.AlgebraicTopology.SimplicialSet.StdSimplex,0,89
Mathlib.AlgebraicTopology.SimplicialSet.StdSimplex,1,1607
Mathlib.AlgebraicTopology.SimplicialSet.StdSimplex,2,430
Mathlib.AlgebraicTopology.SimplicialSet.StdSimplex,1024,1
Mathlib.AlgebraicTopology.CechNerve,0,44
Mathlib.AlgebraicTopology.CechNerve,1,628
Mathlib.AlgebraicTopology.ExtraDegeneracy,0,463
Mathlib.AlgebraicTopology.ExtraDegeneracy,1,841
Mathlib.AlgebraicTopology.ExtraDegeneracy,2,46
Mathlib.Algebra.Homology.AlternatingConst,0,71
Mathlib.Algebra.Homology.Augment,0,603
Mathlib.Algebra.Homology.Augment,1,572
Mathlib.Algebra.Homology.Augment,2,9
Mathlib.CategoryTheory.GradedObject.Trifunctor,0,2
Mathlib.CategoryTheory.GradedObject.Trifunctor,1,2
Mathlib.Algebra.Homology.ComplexShapeSigns,0,4
Mathlib.Algebra.Homology.ComplexShapeSigns,1,10
Mathlib.Algebra.Homology.HomologicalBicomplex,0,27
Mathlib.Algebra.Homology.TotalComplex,0,11
Mathlib.Algebra.Homology.Bifunctor,0,5
Mathlib.Algebra.Homology.BifunctorAssociator,0,10
Mathlib.Algebra.Homology.BifunctorHomotopy,0,1
Mathlib.CategoryTheory.Center.NegOnePow,1,1
Mathlib.CategoryTheory.Shift.Twist,0,71
Mathlib.CategoryTheory.Shift.Twist,1,25
Mathlib.CategoryTheory.Shift.CommShiftTwo,0,162
Mathlib.CategoryTheory.Shift.CommShiftTwo,1,45
Mathlib.Algebra.Homology.CochainComplexOpposite,0,5
Mathlib.Algebra.Homology.CommSq,0,62
Mathlib.Algebra.Homology.ConcreteCategory,0,5
Mathlib.Algebra.Homology.DerivedCategory.Ext.Map,0,36
Mathlib.CategoryTheory.Triangulated.TStructure.Basic,0,123
Mathlib.CategoryTheory.Triangulated.TStructure.Basic,1,144
Mathlib.Algebra.Homology.DerivedCategory.Ext.TStructure,0,4
Mathlib.Algebra.Homology.HomotopyCategory.HomComplexCohomology,0,57
Mathlib.Algebra.Homology.HomotopyCategory.HomComplexCohomology,1,17
Mathlib.Algebra.Homology.HomotopyCategory.HomComplexInduction,0,9
Mathlib.Algebra.Homology.HomotopyCategory.HomComplexInduction,1,10
Mathlib.CategoryTheory.ObjectProperty.Orthogonal,0,4
Mathlib.Algebra.Homology.HomotopyCategory.KInjective,0,15
Mathlib.Algebra.Homology.HomotopyCategory.KInjective,1,17
Mathlib.Algebra.Homology.HomotopyCategory.KInjective,2,3
Mathlib.Algebra.Homology.HomotopyCategory.KProjective,0,11
Mathlib.CategoryTheory.DifferentialObject,0,54
Mathlib.CategoryTheory.DifferentialObject,1,461
Mathlib.Algebra.Homology.DifferentialObject,0,8
Mathlib.Algebra.Homology.DifferentialObject,1,47
Mathlib.Algebra.Homology.HasNoLoop,0,4
Mathlib.Algebra.Homology.HasNoLoop,1,2
Mathlib.Algebra.Homology.Double,0,20
Mathlib.Algebra.Homology.Embedding.Connect,0,469
Mathlib.Algebra.Homology.Embedding.Connect,1,265
Mathlib.Algebra.Homology.Embedding.Connect,2,2
Mathlib.Algebra.Homology.Embedding.ExtendHomotopy,0,6
Mathlib.Algebra.Homology.EulerCharacteristic,0,2
Mathlib.Algebra.Homology.EulerCharacteristic,1,4
Mathlib.Algebra.Homology.ExactSequenceFour,0,138
Mathlib.Algebra.Homology.ExactSequenceFour,1,3293
Mathlib.Algebra.Homology.ExactSequenceFour,2,399
Mathlib.Algebra.Homology.ExactSequenceFour,3,4048
Mathlib.CategoryTheory.Abelian.EpiWithInjectiveKernel,0,2
Mathlib.Algebra.Homology.Factorizations.CM5b,0,16
Mathlib.Algebra.Homology.Factorizations.CM5b,1,90
Mathlib.Algebra.Homology.Factorizations.CM5b,2,2
Mathlib.Algebra.Homology.HomotopyCategory.HomComplexSingle,0,46
Mathlib.Algebra.Homology.HomotopyCategory.HomComplexSingle,1,30
Mathlib.CategoryTheory.ComposableArrows.One,1,340
Mathlib.CategoryTheory.ComposableArrows.Two,0,8
Mathlib.CategoryTheory.ComposableArrows.Two,1,184
Mathlib.CategoryTheory.Triangulated.SpectralObject,0,890
Mathlib.CategoryTheory.Triangulated.SpectralObject,1,16115
Mathlib.CategoryTheory.Triangulated.SpectralObject,2,7285
Mathlib.Algebra.Homology.HomotopyCategory.SpectralObject,0,38
Mathlib.Algebra.Homology.HomotopyCategory.SpectralObject,1,633
Mathlib.Algebra.Homology.HomotopyCategory.SpectralObject,2,162
Mathlib.Algebra.Homology.LeftResolution.Reduced,0,16
Mathlib.CategoryTheory.Preadditive.Projective.Resolution,0,378
Mathlib.CategoryTheory.Preadditive.Projective.Resolution,1,47
Mathlib.CategoryTheory.Preadditive.Projective.Resolution,2,6
Mathlib.CategoryTheory.Abelian.Projective.Resolution,0,234
Mathlib.CategoryTheory.Abelian.Projective.Resolution,1,1986
Mathlib.CategoryTheory.Abelian.Projective.Resolution,2,413
Mathlib.CategoryTheory.Abelian.Projective.Resolution,3,15
Mathlib.CategoryTheory.Abelian.LeftDerived,0,237
Mathlib.CategoryTheory.Abelian.LeftDerived,1,3
Mathlib.CategoryTheory.Abelian.Ext,1,1
Mathlib.CategoryTheory.GradedObject.Single,0,1
Mathlib.CategoryTheory.GradedObject.Unitor,0,240
Mathlib.CategoryTheory.GradedObject.Unitor,1,1
Mathlib.CategoryTheory.GradedObject.Monoidal,0,13
Mathlib.Algebra.Homology.Monoidal,0,29
Mathlib.CategoryTheory.Square,0,2
Mathlib.CategoryTheory.Square,1,2
Mathlib.Algebra.Homology.Square,0,16
Mathlib.Algebra.Lie.Basic,0,55
Mathlib.Algebra.Lie.Basic,1,14
Mathlib.Algebra.Lie.Basic,25,6
Mathlib.Algebra.Lie.Basic,50,1
Mathlib.Order.Filter.EventuallyConst,0,3
Mathlib.Order.Filter.EventuallyConst,1,4
Mathlib.RingTheory.Artinian.Module,0,1
Mathlib.RingTheory.Artinian.Module,1,2
Mathlib.Algebra.Lie.Subalgebra,0,16
Mathlib.Algebra.Lie.Subalgebra,1,1
Mathlib.Algebra.Lie.Submodule,0,22
Mathlib.Algebra.Lie.Submodule,1,1
Mathlib.Algebra.Lie.OfAssociative,0,4
Mathlib.Algebra.Jordan.Basic,0,1
Mathlib.Algebra.Jordan.Basic,2,2
Mathlib.Algebra.Lie.Ideal,0,2
Mathlib.Algebra.Lie.IdealOperations,0,1
Mathlib.Algebra.Lie.Abelian,0,18
Mathlib.Algebra.Lie.BaseChange,1,2
Mathlib.Algebra.Lie.Solvable,0,4
Mathlib.Algebra.Lie.Solvable,1,9
Mathlib.Algebra.Lie.Quotient,0,3
Mathlib.Algebra.Lie.Nilpotent,0,10
Mathlib.Algebra.Lie.Nilpotent,1,12
Mathlib.Algebra.Lie.Nilpotent,2,1
Mathlib.Algebra.Lie.Engel,0,1
Mathlib.Algebra.Lie.Engel,1,1
Mathlib.Algebra.Lie.EngelSubalgebra,0,3
Mathlib.Algebra.MvPolynomial.Monad,1,3
Mathlib.LinearAlgebra.Matrix.Dual,1,2
Mathlib.LinearAlgebra.Determinant,0,15
Mathlib.LinearAlgebra.Determinant,1,28
Mathlib.FieldTheory.Minpoly.Basic,0,17
Mathlib.FieldTheory.Minpoly.Basic,1,6
Mathlib.FieldTheory.Minpoly.Basic,2,2
Mathlib.FieldTheory.Minpoly.Field,0,21
Mathlib.FieldTheory.Minpoly.Field,1,5
Mathlib.LinearAlgebra.Charpoly.Basic,0,4
Mathlib.LinearAlgebra.Charpoly.Basic,1,3
Mathlib.Data.Finsupp.Weight,0,31
Mathlib.Data.Finsupp.Weight,1,6
Mathlib.RingTheory.MvPolynomial.WeightedHomogeneous,0,38
Mathlib.RingTheory.MvPolynomial.WeightedHomogeneous,1,1
Mathlib.RingTheory.MvPolynomial.Homogeneous,0,26
Mathlib.RingTheory.MvPolynomial.Homogeneous,1,29
Mathlib.LinearAlgebra.Matrix.Charpoly.Univ,1,1
Mathlib.Algebra.Module.LinearMap.Polynomial,0,17
Mathlib.Algebra.Module.LinearMap.Polynomial,1,7
Mathlib.LinearAlgebra.Eigenspace.Minpoly,0,1
Mathlib.LinearAlgebra.Eigenspace.Minpoly,1,2
Mathlib.LinearAlgebra.Eigenspace.Zero,0,23
Mathlib.Algebra.Lie.Rank,0,6
Mathlib.Algebra.Lie.Character,0,3
Mathlib.Algebra.Lie.Character,1,1
Mathlib.LinearAlgebra.SymplecticGroup,0,4
Mathlib.LinearAlgebra.SymplecticGroup,1,7
Mathlib.Algebra.Lie.Classical,0,23
Mathlib.Algebra.Lie.Classical,1,44
Mathlib.Algebra.Lie.Classical,2,16
Mathlib.Algebra.Lie.Cochain,0,8
Mathlib.RingTheory.Nilpotent.Exp,0,3
Mathlib.RingTheory.Nilpotent.Exp,1,4
Mathlib.Algebra.Lie.Derivation.Basic,0,9
Mathlib.Algebra.Lie.Derivation.Basic,1,2
Mathlib.LinearAlgebra.BilinearForm.Basic,0,6
Mathlib.LinearAlgebra.BilinearForm.Properties,0,25
Mathlib.LinearAlgebra.BilinearForm.Properties,1,3
Mathlib.LinearAlgebra.BilinearForm.Properties,2,4
Mathlib.LinearAlgebra.BilinearForm.Orthogonal,0,10
Mathlib.Algebra.Lie.InvariantForm,0,1
Mathlib.Algebra.Ring.Divisibility.Lemmas,0,8
Mathlib.Algebra.Ring.Divisibility.Lemmas,1,8
Mathlib.Algebra.Polynomial.GroupRingAction,0,1
Mathlib.FieldTheory.Galois.Notation,0,2
Mathlib.FieldTheory.Galois.Notation,1,1
Mathlib.FieldTheory.Galois.Notation,8,2
Mathlib.FieldTheory.Galois.Notation,100,1
Mathlib.FieldTheory.Galois.Notation,1024,1
Mathlib.RingTheory.UniqueFactorizationDomain.FactorSet,0,59
Mathlib.RingTheory.UniqueFactorizationDomain.FactorSet,1,4
Mathlib.Algebra.Squarefree.Basic,0,12
Mathlib.Algebra.Squarefree.Basic,1,5
Mathlib.LinearAlgebra.SModEq.Basic,0,5
Mathlib.LinearAlgebra.SModEq.Basic,50,1
Mathlib.RingTheory.PowerBasis,0,63
Mathlib.RingTheory.PowerBasis,1,6
Mathlib.FieldTheory.Separable,0,25
Mathlib.FieldTheory.Separable,1,8
Mathlib.FieldTheory.Fixed,0,3
Mathlib.FieldTheory.Fixed,1,3
Mathlib.FieldTheory.IntermediateField.Adjoin.Defs,0,4
Mathlib.FieldTheory.IntermediateField.Adjoin.Defs,1,1
Mathlib.FieldTheory.IntermediateField.Adjoin.Defs,5,1
Mathlib.FieldTheory.IntermediateField.Adjoin.Defs,6,2
Mathlib.FieldTheory.IntermediateField.Adjoin.Defs,1024,1
Mathlib.RingTheory.Polynomial.Ideal,0,2
Mathlib.RingTheory.Polynomial.Ideal,1,1
Mathlib.RingTheory.Polynomial.Quotient,0,7
Mathlib.RingTheory.AdjoinRoot,0,70
Mathlib.RingTheory.AdjoinRoot,1,31
Mathlib.RingTheory.Adjoin.Field,0,2
Mathlib.FieldTheory.SplittingField.IsSplittingField,0,6
Mathlib.FieldTheory.IntermediateField.Adjoin.Basic,0,3
Mathlib.FieldTheory.IntermediateField.Adjoin.Basic,1,18
Mathlib.FieldTheory.Extension,0,4
Mathlib.FieldTheory.Extension,1,1
Mathlib.RingTheory.Norm.Defs,1,2
Mathlib.FieldTheory.KummerPolynomial,0,10
Mathlib.FieldTheory.KummerPolynomial,1,3
Mathlib.FieldTheory.Perfect,0,2
Mathlib.FieldTheory.Perfect,1,2
Mathlib.FieldTheory.IsAlgClosed.Basic,0,27
Mathlib.FieldTheory.IsAlgClosed.Basic,1,1
Mathlib.FieldTheory.IsAlgClosed.Basic,2,1
Mathlib.FieldTheory.IsAlgClosed.Spectrum,0,5
Mathlib.FieldTheory.IsAlgClosed.Spectrum,1,2
Mathlib.LinearAlgebra.Eigenspace.Triangularizable,1,1
Mathlib.LinearAlgebra.Eigenspace.Pi,0,1
Mathlib.LinearAlgebra.Eigenspace.Pi,1,1
Mathlib.Algebra.Lie.Weights.Basic,0,147
Mathlib.Algebra.Lie.Weights.Basic,1,3
Mathlib.Algebra.Lie.Weights.Cartan,0,21
Mathlib.Algebra.Lie.Weights.Linear,0,13
Mathlib.Data.Multiset.Fintype,0,1
Mathlib.Data.Multiset.Fintype,1,3
Mathlib.FieldTheory.SplittingField.Construction,0,6
Mathlib.FieldTheory.SplittingField.Construction,1,15
Mathlib.FieldTheory.IsAlgClosed.AlgebraicClosure,0,1
Mathlib.FieldTheory.IsAlgClosed.AlgebraicClosure,37,3
Mathlib.Algebra.Lie.TraceForm,0,11
Mathlib.Algebra.Lie.TraceForm,1,3
Mathlib.Algebra.Lie.Derivation.Killing,0,2
Mathlib.Algebra.Lie.DirectSum,0,5
Mathlib.Algebra.Lie.Extension,0,9
Mathlib.Algebra.Lie.Extension,1,2
Mathlib.Algebra.Lie.Free,0,11
Mathlib.RingTheory.Finiteness.Nilpotent,0,4
Mathlib.Algebra.Lie.Loop,1,2
Mathlib.Algebra.Lie.Semisimple.Lemmas,0,3
Mathlib.GroupTheory.Perm.Cycle.Concrete,0,9
Mathlib.GroupTheory.Perm.Cycle.Concrete,1,3
Mathlib.GroupTheory.Perm.Cycle.Concrete,2,10
Mathlib.GroupTheory.Perm.Cycle.Concrete,70,2
Mathlib.GroupTheory.Perm.Cycle.Concrete,1024,1
Mathlib.Data.Matrix.Cartan,0,335
Mathlib.Data.Matrix.Cartan,1,333
Mathlib.Data.Matrix.Cartan,2,387
Mathlib.Data.Matrix.Cartan,3,207
Mathlib.Data.Matrix.Cartan,4,150
Mathlib.Data.Matrix.Cartan,5,48
Mathlib.Data.Matrix.Cartan,6,110
Mathlib.Data.Matrix.Cartan,7,96
Mathlib.Data.Matrix.Cartan,8,80
Mathlib.Algebra.Lie.SerreConstruction,0,12
Mathlib.Algebra.Lie.SerreConstruction,1,15
Mathlib.Algebra.Lie.SerreConstruction,2,13
Mathlib.Algebra.Lie.SerreConstruction,4,2
Mathlib.Algebra.Lie.SerreConstruction,6,2
Mathlib.Algebra.Lie.SerreConstruction,7,2
Mathlib.Algebra.Lie.SerreConstruction,8,2
Mathlib.Algebra.Lie.Sl2,0,29
Mathlib.Algebra.Lie.Sl2,1,4
Mathlib.Algebra.Lie.Sl2,2,19
Mathlib.Algebra.Lie.Weights.Chain,0,35
Mathlib.Algebra.Lie.Weights.Chain,1,4
Mathlib.LinearAlgebra.AnnihilatingPolynomial,0,5
Mathlib.RingTheory.Ideal.Quotient.Nilpotent,2,1
Mathlib.LinearAlgebra.Semisimple,0,7
Mathlib.LinearAlgebra.Eigenspace.Semisimple,0,1
Mathlib.Dynamics.Newton,0,3
Mathlib.Dynamics.Newton,2,1
Mathlib.Algebra.Lie.Weights.Killing,0,12
Mathlib.Algebra.Lie.Weights.Killing,1,1
Mathlib.Algebra.Lie.Weights.Killing,2,4
Mathlib.RingTheory.Polynomial.Chebyshev,0,39
Mathlib.RingTheory.Polynomial.Chebyshev,1,223
Mathlib.RingTheory.Polynomial.Chebyshev,2,174
Mathlib.RingTheory.Polynomial.Chebyshev,3,11
Mathlib.RingTheory.Polynomial.Chebyshev,4,1
Mathlib.LinearAlgebra.Reflection,1,14
Mathlib.LinearAlgebra.Reflection,2,565
Mathlib.LinearAlgebra.Reflection,3,4
Mathlib.LinearAlgebra.Reflection,4,2
Mathlib.LinearAlgebra.RootSystem.Defs,0,22
Mathlib.LinearAlgebra.RootSystem.Defs,1,4
Mathlib.LinearAlgebra.RootSystem.Defs,2,46
Mathlib.LinearAlgebra.Matrix.BaseChange,1,2
Mathlib.RingTheory.Localization.NumDen,0,9
Mathlib.RingTheory.Polynomial.RationalRoot,0,9
Mathlib.RingTheory.Ideal.Quotient.PowTransition,0,2
Mathlib.RingTheory.Ideal.Quotient.PowTransition,1,18
Mathlib.RingTheory.AdicCompletion.Basic,0,29
Mathlib.RingTheory.AdicCompletion.Basic,1,93
Mathlib.Algebra.Ring.Torsion,1,2
Mathlib.RingTheory.Valuation.Basic,0,77
Mathlib.RingTheory.Valuation.Basic,1,101
Mathlib.RingTheory.Valuation.Integers,0,8
Mathlib.RingTheory.Valuation.Integers,1,32
Mathlib.RingTheory.Valuation.ValuationRing,0,3
Mathlib.RingTheory.Valuation.ValuationRing,1,1
Mathlib.RingTheory.DiscreteValuationRing.Basic,0,27
Mathlib.RingTheory.DiscreteValuationRing.Basic,1,2
Mathlib.RingTheory.DiscreteValuationRing.TFAE,1,4
Mathlib.RingTheory.Ideal.IsPrincipal,0,3
Mathlib.RingTheory.Ideal.IsPrincipal,1,4
Mathlib.LinearAlgebra.RootSystem.IsValuedIn,0,2
Mathlib.LinearAlgebra.RootSystem.IsValuedIn,2,4
Mathlib.Algebra.Ring.SumsOfSquares,0,13
Mathlib.Algebra.Ring.SumsOfSquares,1,1
Mathlib.Algebra.Ring.SumsOfSquares,2,1
Mathlib.LinearAlgebra.RootSystem.RootPositive,0,57
Mathlib.LinearAlgebra.RootSystem.RootPositive,1,2
Mathlib.LinearAlgebra.RootSystem.RootPositive,2,3
Mathlib.LinearAlgebra.RootSystem.Finite.CanonicalBilinear,0,14
Mathlib.LinearAlgebra.RootSystem.Finite.CanonicalBilinear,2,5
Mathlib.LinearAlgebra.RootSystem.Finite.CanonicalBilinear,4,2
Mathlib.LinearAlgebra.RootSystem.Finite.Nondegenerate,0,26
Mathlib.LinearAlgebra.RootSystem.Finite.Nondegenerate,2,3
Mathlib.LinearAlgebra.RootSystem.Basic,2,18
Mathlib.LinearAlgebra.RootSystem.Reduced,0,69
Mathlib.LinearAlgebra.RootSystem.Reduced,1,6
Mathlib.LinearAlgebra.RootSystem.Reduced,2,20
Mathlib.LinearAlgebra.RootSystem.Reduced,4,13
Mathlib.Algebra.Lie.Weights.RootSystem,0,13
Mathlib.Algebra.Lie.Weights.RootSystem,1,4
Mathlib.Algebra.Lie.Weights.RootSystem,2,4
Mathlib.LinearAlgebra.RootSystem.Hom,0,2
Mathlib.LinearAlgebra.RootSystem.Hom,1,9
Mathlib.RepresentationTheory.Basic,0,3
Mathlib.RepresentationTheory.Basic,1,54
Mathlib.LinearAlgebra.RootSystem.WeylGroup,1,1
Mathlib.LinearAlgebra.RootSystem.Irreducible,0,1
Mathlib.LinearAlgebra.RootSystem.Irreducible,2,7
Mathlib.LinearAlgebra.RootSystem.Finite.Lemmas,0,19
Mathlib.LinearAlgebra.RootSystem.Finite.Lemmas,1,53
Mathlib.LinearAlgebra.RootSystem.Finite.Lemmas,2,34
Mathlib.LinearAlgebra.RootSystem.Finite.Lemmas,3,21
Mathlib.LinearAlgebra.RootSystem.Finite.Lemmas,4,6
Mathlib.Algebra.LieRinehartAlgebra.Defs,0,3
Mathlib.Algebra.LieRinehartAlgebra.Defs,1,1
Mathlib.Algebra.LieRinehartAlgebra.Defs,25,2
Mathlib.Algebra.LinearRecurrence,0,6
Mathlib.Algebra.LinearRecurrence,1,8
Mathlib.RingTheory.ChainOfDivisors,0,21
Mathlib.RingTheory.ChainOfDivisors,1,65
Mathlib.RingTheory.FractionalIdeal.Basic,0,26
Mathlib.RingTheory.FractionalIdeal.Basic,1,15
Mathlib.RingTheory.FractionalIdeal.Operations,0,51
Mathlib.RingTheory.FractionalIdeal.Operations,1,24
Mathlib.RingTheory.FractionalIdeal.Inverse,0,19
Mathlib.RingTheory.FractionalIdeal.Inverse,1,21
Mathlib.RingTheory.DedekindDomain.Ideal.Basic,0,7
Mathlib.RingTheory.DedekindDomain.Ideal.Basic,1,11
Mathlib.RingTheory.DedekindDomain.Ideal.Lemmas,0,20
Mathlib.RingTheory.DedekindDomain.Ideal.Lemmas,1,10
Mathlib.RingTheory.DedekindDomain.Ideal.Lemmas,2,1
Mathlib.Algebra.Module.GradedModule,0,62
Mathlib.Algebra.Module.LocalizedModule.Int,0,1
Mathlib.Algebra.Module.MinimalAxioms,1,2
Mathlib.Algebra.Module.PID,0,8
Mathlib.Algebra.Module.PID,1,1
Mathlib.Algebra.Module.PointwisePi,0,1
Mathlib.Algebra.Module.Presentation.Cokernel,0,1
Mathlib.Algebra.Module.Presentation.Cokernel,1,1
Mathlib.Algebra.MvPolynomial.Derivation,0,5
Mathlib.Algebra.MvPolynomial.Derivation,1,7
Mathlib.Algebra.MvPolynomial.PDeriv,0,4
Mathlib.Algebra.MvPolynomial.PDeriv,1,8
Mathlib.Algebra.Polynomial.Derivation,0,3
Mathlib.Algebra.Polynomial.Derivation,1,4
Mathlib.RingTheory.Kaehler.Polynomial,1,4
Mathlib.RingTheory.Extension.Basic,0,8
Mathlib.RingTheory.Extension.Basic,1,2
Mathlib.RingTheory.Extension.Basic,2,17
Mathlib.RingTheory.Extension.Generators,0,4
Mathlib.RingTheory.Extension.Generators,1,12
Mathlib.RingTheory.MvPolynomial.Localization,1,44
Mathlib.RingTheory.Extension.Presentation.Basic,0,7
Mathlib.RingTheory.Extension.Presentation.Basic,1,13
Mathlib.RingTheory.Extension.Cotangent.Basic,0,2
Mathlib.RingTheory.Extension.Cotangent.Basic,1,7
Mathlib.RingTheory.Extension.Cotangent.Basic,2,1
Mathlib.Algebra.Module.Presentation.Differentials,1,2
Mathlib.Algebra.Module.Presentation.DirectSum,0,2
Mathlib.Algebra.Module.Presentation.Free,1,3
Mathlib.Algebra.Module.Presentation.RestrictScalars,1,2
Mathlib.Algebra.Module.Presentation.Tautological,0,8
Mathlib.Algebra.Module.Presentation.Tautological,1,23
Mathlib.Algebra.Module.SpanRank,0,6
Mathlib.Algebra.Module.SpanRank,1,1
Mathlib.Algebra.Module.Submodule.Union,0,6
Mathlib.Data.DFinsupp.Encodable,0,9
Mathlib.Data.Finsupp.Encodable,0,2
Mathlib.Tactic.Measurability,1024,5
Mathlib.MeasureTheory.MeasurableSpace.Defs,0,5
Mathlib.MeasureTheory.MeasurableSpace.Defs,1,1
Mathlib.MeasureTheory.MeasurableSpace.Defs,1024,3
Mathlib.MeasureTheory.MeasurableSpace.Basic,0,1
Mathlib.MeasureTheory.MeasurableSpace.Basic,1,1
Mathlib.GroupTheory.GroupAction.IterateAct,0,6
Mathlib.GroupTheory.GroupAction.IterateAct,1,2
Mathlib.MeasureTheory.MeasurableSpace.Embedding,0,49
Mathlib.MeasureTheory.MeasurableSpace.Embedding,1,105
Mathlib.MeasureTheory.MeasurableSpace.Embedding,2,81
Mathlib.MeasureTheory.MeasurableSpace.Embedding,25,2
Mathlib.MeasureTheory.MeasurableSpace.Embedding,26,1
Mathlib.Data.ENNReal.Action,0,5
Mathlib.Algebra.Order.Group.Indicator,0,20
Mathlib.Algebra.Order.Group.Indicator,1,18
Mathlib.MeasureTheory.OuterMeasure.Defs,0,39
Mathlib.MeasureTheory.OuterMeasure.Defs,1,1
Mathlib.Data.Real.ENatENNReal,0,2
Mathlib.Data.Real.ENatENNReal,1,2
Mathlib.Algebra.Order.Nonneg.Floor,0,16
Mathlib.Algebra.Order.Module.Pointwise,0,16
Mathlib.Data.Real.Pointwise,0,16
Mathlib.Data.NNReal.Basic,0,5
Mathlib.Data.ENNReal.BigOperators,0,5
Mathlib.Topology.EMetricSpace.Lipschitz,0,6
Mathlib.Topology.EMetricSpace.Lipschitz,1,9
Mathlib.Topology.Algebra.InfiniteSum.Ring,0,8
Mathlib.Topology.Algebra.InfiniteSum.Ring,1,23
Mathlib.Data.Int.ConditionallyCompleteOrder,0,8
Mathlib.Order.Filter.AtTopBot.Archimedean,0,11
Mathlib.Topology.MetricSpace.Basic,0,12
Mathlib.Topology.Instances.Int,1,1
Mathlib.Topology.UniformSpace.Real,0,3
Mathlib.Topology.Instances.NNReal.Lemmas,0,36
Mathlib.Topology.MetricSpace.Pseudo.Real,0,2
Mathlib.Topology.MetricSpace.Pseudo.Real,1,3
Mathlib.Data.Rat.Encodable,0,64
Mathlib.Topology.MetricSpace.Antilipschitz,0,1
Mathlib.Topology.MetricSpace.Antilipschitz,1,2
Mathlib.Topology.MetricSpace.Isometry,0,43
Mathlib.Topology.MetricSpace.Isometry,1,51
Mathlib.Topology.MetricSpace.Isometry,2,44
Mathlib.Topology.MetricSpace.Isometry,25,2
Mathlib.Topology.MetricSpace.Isometry,26,1
Mathlib.Topology.Metrizable.Uniformity,0,6
Mathlib.Topology.Metrizable.Uniformity,2,2
Mathlib.Topology.Instances.ENNReal.Lemmas,0,61
Mathlib.Topology.Instances.ENNReal.Lemmas,1,3
Mathlib.Tactic.Bound,0,4
Mathlib.Tactic.Bound,1,2
Mathlib.Tactic.Bound,30,1
Mathlib.Tactic.Bound,50,1
Mathlib.Tactic.Bound,100,1
Mathlib.Tactic.Bound,200,1
Mathlib.Tactic.Bound,1022,1
Mathlib.Topology.Algebra.InfiniteSum.ENNReal,0,22
Mathlib.Topology.Algebra.InfiniteSum.ENNReal,1,6
Mathlib.MeasureTheory.OuterMeasure.Basic,0,30
Mathlib.MeasureTheory.OuterMeasure.Basic,1,2
Mathlib.MeasureTheory.OuterMeasure.Operations,0,11
Mathlib.MeasureTheory.OuterMeasure.Operations,1,2
Mathlib.Data.Nat.Factorial.BigOperators,0,1
Mathlib.Data.Nat.Factorial.BigOperators,1,2
Mathlib.Topology.Algebra.Algebra,0,6
Mathlib.Topology.Algebra.Algebra,1,6
Mathlib.Topology.Algebra.Algebra,25,1
Mathlib.Topology.Algebra.InfiniteSum.Real,0,12
Mathlib.Topology.Semicontinuity.Basic,0,16
Mathlib.Topology.Instances.EReal.Lemmas,0,28
Mathlib.GroupTheory.Archimedean,0,6
Mathlib.GroupTheory.Archimedean,1,6
Mathlib.Topology.Algebra.Order.Archimedean,0,3
Mathlib.Topology.Algebra.Order.Archimedean,1,3
Mathlib.Topology.Instances.Nat,1,1
Mathlib.Topology.Instances.Rat,0,1
Mathlib.Analysis.SpecificLimits.Basic,0,77
Mathlib.Analysis.SpecificLimits.Basic,1,72
Mathlib.Analysis.SpecificLimits.Basic,2,39
Mathlib.MeasureTheory.OuterMeasure.OfFunction,0,21
Mathlib.MeasureTheory.PiSystem,0,1
Mathlib.MeasureTheory.PiSystem,1,1
Mathlib.MeasureTheory.OuterMeasure.Caratheodory,0,2
Mathlib.MeasureTheory.OuterMeasure.Induced,0,29
Mathlib.MeasureTheory.OuterMeasure.AE,0,33
Mathlib.MeasureTheory.OuterMeasure.AE,1,1
Mathlib.MeasureTheory.OuterMeasure.AE,50,6
Mathlib.MeasureTheory.OuterMeasure.AE,1022,2
Mathlib.MeasureTheory.Measure.MeasureSpaceDef,0,22
Mathlib.MeasureTheory.Measure.MeasureSpaceDef,1,1
Mathlib.MeasureTheory.Measure.MeasureSpaceDef,1022,3
Mathlib.MeasureTheory.Measure.MeasureSpaceDef,1023,1
Mathlib.MeasureTheory.Measure.MeasureSpaceDef,1024,2
Mathlib.MeasureTheory.Measure.AEDisjoint,0,7
Mathlib.MeasureTheory.Measure.NullMeasurable,0,14
Mathlib.MeasureTheory.Measure.MeasureSpace,0,65
Mathlib.MeasureTheory.Measure.Map,0,17
Mathlib.MeasureTheory.Measure.AbsolutelyContinuous,0,14
Mathlib.MeasureTheory.Measure.AbsolutelyContinuous,50,2
Mathlib.MeasureTheory.Measure.AbsolutelyContinuous,51,1
Mathlib.MeasureTheory.OuterMeasure.BorelCantelli,0,5
Mathlib.MeasureTheory.Measure.QuasiMeasurePreserving,0,4
Mathlib.MeasureTheory.Measure.QuasiMeasurePreserving,1,1
Mathlib.MeasureTheory.Measure.Comap,0,9
Mathlib.MeasureTheory.Measure.Restrict,0,32
Mathlib.MeasureTheory.Measure.Restrict,1,2
Mathlib.MeasureTheory.Measure.Typeclasses.Finite,0,21
Mathlib.MeasureTheory.Measure.Typeclasses.Finite,1,1
Mathlib.MeasureTheory.Measure.Typeclasses.SFinite,0,16
Mathlib.MeasureTheory.Measure.Trim,0,6
Mathlib.Data.Set.MemPartition,0,7
Mathlib.Data.Set.MemPartition,1,2
Mathlib.MeasureTheory.MeasurableSpace.CountablyGenerated,1,5
Mathlib.MeasureTheory.Measure.AEMeasurable,0,5
Mathlib.MeasureTheory.Measure.AEMeasurable,1,1
Mathlib.Dynamics.Ergodic.MeasurePreserving,0,5
Mathlib.MeasureTheory.Group.Arithmetic,0,2
Mathlib.MeasureTheory.Group.MeasurableEquiv,0,19
Mathlib.MeasureTheory.Constructions.BorelSpace.Basic,0,9
Mathlib.MeasureTheory.Constructions.BorelSpace.Basic,1022,1
Mathlib.MeasureTheory.Constructions.BorelSpace.Basic,1024,1
Mathlib.Topology.Bornology.Hom,0,1
Mathlib.Topology.Bornology.Hom,1,1
Mathlib.Topology.MetricSpace.Lipschitz,0,2
Mathlib.Topology.MetricSpace.Lipschitz,1,11
Mathlib.Topology.MetricSpace.Lipschitz,2,1
Mathlib.Topology.MetricSpace.HausdorffDistance,0,39
Mathlib.Topology.MetricSpace.HausdorffDistance,1,2
Mathlib.MeasureTheory.Measure.Regular,0,21
Mathlib.MeasureTheory.Group.Action,0,30
Mathlib.MeasureTheory.Group.Pointwise,0,1
Mathlib.MeasureTheory.Function.AEMeasurableSequence,0,1
Mathlib.MeasureTheory.Order.Lattice,1,2
Mathlib.MeasureTheory.Constructions.BorelSpace.Order,0,1
Mathlib.MeasureTheory.Constructions.BorelSpace.Order,1,2
Mathlib.MeasureTheory.Measure.Typeclasses.NoAtoms,0,14
Mathlib.Algebra.Order.Monoid.Canonical.Basic,0,4
Mathlib.Topology.Instances.Real.Lemmas,0,8
Mathlib.MeasureTheory.Constructions.BorelSpace.Real,0,6
Mathlib.MeasureTheory.Constructions.BorelSpace.Real,1,2
Mathlib.MeasureTheory.Function.SimpleFunc,0,61
Mathlib.MeasureTheory.Function.SimpleFunc,1,12
Mathlib.MeasureTheory.Integral.Lebesgue.Basic,0,33
Mathlib.MeasureTheory.Integral.Lebesgue.Basic,1,5
Mathlib.MeasureTheory.Integral.Lebesgue.Basic,60,4
Mathlib.MeasureTheory.Integral.Lebesgue.Basic,70,2
Mathlib.MeasureTheory.Integral.Lebesgue.Basic,1022,4
Mathlib.Combinatorics.Enumerative.InclusionExclusion,0,2
Mathlib.Combinatorics.Enumerative.InclusionExclusion,1,12
Mathlib.Analysis.Normed.Group.Seminorm,0,264
Mathlib.Analysis.Normed.Group.Seminorm,1,79
Mathlib.Analysis.Normed.Group.Defs,0,204
Mathlib.Analysis.Normed.Group.Defs,1,75
Mathlib.Analysis.Normed.Group.Defs,1024,3
Mathlib.Analysis.Normed.Group.Basic,0,241
Mathlib.Analysis.Normed.Group.Basic,1,63
Mathlib.Analysis.Normed.Group.Basic,2,6
Mathlib.Analysis.Normed.Group.Constructions,0,8
Mathlib.Analysis.Normed.Group.Real,0,9
Mathlib.Analysis.Normed.Group.Real,2,4
Mathlib.Analysis.Normed.Ring.Basic,0,16
Mathlib.Analysis.Normed.Ring.Basic,1,39
Mathlib.Analysis.Normed.Ring.Basic,2,2
Mathlib.Analysis.Normed.Field.Basic,0,45
Mathlib.Analysis.Normed.Field.Basic,1,49
Mathlib.Analysis.Normed.Field.Basic,2,19
Mathlib.Algebra.Order.GroupWithZero.Finset,0,12
Mathlib.Analysis.Normed.Group.Continuity,0,68
Mathlib.Analysis.Normed.Group.Continuity,1,18
Mathlib.Analysis.Normed.Group.Bounded,0,13
Mathlib.Analysis.Normed.Group.Bounded,1,5
Mathlib.Topology.UniformSpace.AbstractCompletion,0,1
Mathlib.Topology.UniformSpace.AbstractCompletion,1,1
Mathlib.Topology.Algebra.UniformMulAction,0,1
Mathlib.Topology.MetricSpace.Algebra,0,34
Mathlib.Analysis.Normed.Group.Uniform,0,17
Mathlib.Analysis.Normed.Group.Uniform,1,21
Mathlib.Topology.MetricSpace.Dilation,0,55
Mathlib.Topology.MetricSpace.Dilation,1,11
Mathlib.Topology.MetricSpace.Dilation,25,2
Mathlib.Topology.MetricSpace.Dilation,26,1
Mathlib.Analysis.Normed.Ring.Lemmas,0,15
Mathlib.Analysis.Normed.Ring.Lemmas,2,1
Mathlib.Topology.MetricSpace.DilationEquiv,0,31
Mathlib.Topology.MetricSpace.DilationEquiv,1,5
Mathlib.Topology.MetricSpace.DilationEquiv,25,2
Mathlib.Topology.MetricSpace.DilationEquiv,26,1
Mathlib.Analysis.Normed.Field.Lemmas,0,56
Mathlib.Analysis.Normed.Field.Lemmas,1,1
Mathlib.Analysis.Normed.Module.Basic,0,36
Mathlib.Analysis.Normed.Module.Basic,1,6
Mathlib.Analysis.Normed.Module.Basic,2,3
Mathlib.Topology.MetricSpace.Thickening,0,51
Mathlib.Topology.MetricSpace.Thickening,2,4
Mathlib.MeasureTheory.Constructions.BorelSpace.Metric,0,11
Mathlib.Topology.IndicatorConstPointwise,0,6
Mathlib.MeasureTheory.Constructions.BorelSpace.Metrizable,0,1
Mathlib.MeasureTheory.Function.SimpleFuncDense,0,19
Mathlib.MeasureTheory.Function.SimpleFuncDense,1,11
Mathlib.MeasureTheory.Function.StronglyMeasurable.Basic,0,11
Mathlib.MeasureTheory.Function.StronglyMeasurable.Basic,1,3
Mathlib.MeasureTheory.Function.StronglyMeasurable.Basic,1024,1
Mathlib.MeasureTheory.Function.StronglyMeasurable.AEStronglyMeasurable,0,9
Mathlib.MeasureTheory.Function.StronglyMeasurable.AEStronglyMeasurable,1,1
Mathlib.MeasureTheory.Function.StronglyMeasurable.AEStronglyMeasurable,1024,1
Mathlib.MeasureTheory.Integral.Lebesgue.Markov,0,10
Mathlib.MeasureTheory.Integral.Lebesgue.Markov,1,3
Mathlib.MeasureTheory.Integral.Lebesgue.Sub,0,6
Mathlib.MeasureTheory.Integral.Lebesgue.DominatedConvergence,0,1
Mathlib.MeasureTheory.Integral.Lebesgue.Norm,0,2
Mathlib.MeasureTheory.Measure.MutuallySingular,0,16
Mathlib.MeasureTheory.Measure.MutuallySingular,2,1
Mathlib.MeasureTheory.Measure.MutuallySingular,60,2
Mathlib.MeasureTheory.Measure.MutuallySingular,61,1
Mathlib.Algebra.Order.Interval.Set.Instances,0,269
Mathlib.Algebra.Order.Interval.Set.Instances,1,277
Mathlib.Topology.UnitInterval,0,90
Mathlib.Topology.UnitInterval,1,98
Mathlib.Topology.UnitInterval,2,6
Mathlib.Topology.UnitInterval,1024,3
Mathlib.MeasureTheory.Measure.Typeclasses.Probability,0,16
Mathlib.MeasureTheory.Measure.Typeclasses.Probability,1,37
Mathlib.MeasureTheory.Measure.Dirac,0,7
Mathlib.MeasureTheory.Measure.Dirac,1,8
Mathlib.MeasureTheory.Measure.Count,0,4
Mathlib.MeasureTheory.Measure.Count,1,5
Mathlib.MeasureTheory.Integral.Lebesgue.Countable,0,6
Mathlib.MeasureTheory.Measure.Decomposition.Exhaustion,0,19
Mathlib.MeasureTheory.Measure.Decomposition.Exhaustion,1,3
Mathlib.MeasureTheory.Measure.GiryMonad,0,8
Mathlib.MeasureTheory.Measure.OpenPos,0,38
Mathlib.MeasureTheory.Measure.OpenPos,1,1
Mathlib.MeasureTheory.Measure.Doubling,0,41
Mathlib.MeasureTheory.Measure.Doubling,1,3
Mathlib.MeasureTheory.Measure.Doubling,2,12
Mathlib.MeasureTheory.Measure.Prod,0,23
Mathlib.MeasureTheory.Group.Convolution,0,10
Mathlib.MeasureTheory.Group.Convolution,1,2
Mathlib.MeasureTheory.Group.Convolution,80,4
Mathlib.MeasureTheory.Group.Convolution,81,2
Mathlib.GroupTheory.Complement,1,18
Mathlib.Topology.ContinuousMap.CocompactMap,0,1
Mathlib.Topology.ContinuousMap.CocompactMap,1,1
Mathlib.MeasureTheory.Group.Measure,0,31
Mathlib.MeasureTheory.Group.Measure,1,7
Mathlib.MeasureTheory.Group.Prod,0,22
Mathlib.MeasureTheory.Group.LIntegral,0,4
Mathlib.Analysis.LConvolution,0,12
Mathlib.Analysis.LConvolution,66,4
Mathlib.Analysis.LConvolution,67,6
Mathlib.MeasureTheory.Measure.WithDensity,0,22
Mathlib.MeasureTheory.Measure.WithDensity,1,2
Mathlib.MeasureTheory.Function.L1Space.HasFiniteIntegral,0,15
Mathlib.Analysis.Normed.Order.Lattice,0,3
Mathlib.Analysis.Normed.Order.Lattice,1,3
Mathlib.MeasureTheory.Function.Egorov,0,19
Mathlib.MeasureTheory.Function.Egorov,2,5
Mathlib.Algebra.QuadraticDiscriminant,0,27
Mathlib.Algebra.QuadraticDiscriminant,2,16
Mathlib.Algebra.QuadraticDiscriminant,4,2
Mathlib.Data.Complex.Basic,0,40
Mathlib.Data.Complex.Basic,1,25
Mathlib.Data.Complex.Basic,2,9
Mathlib.Data.Complex.Basic,3,1
Mathlib.Data.Complex.Basic,4,2
Mathlib.Data.Complex.Basic,65,3
Mathlib.Data.Complex.Basic,70,1
Mathlib.Data.Complex.Basic,72,2
Mathlib.Data.Complex.Basic,73,1
Mathlib.Data.Complex.Basic,1024,1
Mathlib.Data.Real.Sqrt,0,119
Mathlib.Data.Real.Sqrt,1,25
Mathlib.Data.Real.Sqrt,2,36
Mathlib.Data.Real.Sqrt,3,1
Mathlib.Data.Real.Sqrt,1024,2
Mathlib.Analysis.Complex.Norm,0,15
Mathlib.Analysis.Complex.Norm,1,21
Mathlib.Analysis.Complex.Norm,2,31
Mathlib.Analysis.Complex.Order,0,112
Mathlib.Analysis.Complex.Order,2,2
Mathlib.Algebra.Order.BigOperators.Expect,0,56
Mathlib.Algebra.Order.BigOperators.Expect,1,2
Mathlib.Algebra.Order.BigOperators.Expect,2,3
Mathlib.Analysis.Normed.Group.Hom,0,41
Mathlib.Analysis.Normed.Group.Hom,1,6
Mathlib.Analysis.Normed.Operator.LinearIsometry,0,20
Mathlib.Analysis.Normed.Operator.LinearIsometry,1,14
Mathlib.Analysis.Normed.Operator.LinearIsometry,25,12
Mathlib.Algebra.Star.MonoidHom,0,4
Mathlib.Algebra.Star.MonoidHom,1,4
Mathlib.Algebra.Star.MonoidHom,25,3
Mathlib.Algebra.Star.MonoidHom,26,1
Mathlib.Algebra.Star.Unitary,1,50
Mathlib.Algebra.Star.Unitary,2,1
Mathlib.Topology.Algebra.Module.Star,0,6
Mathlib.Topology.Algebra.Module.Star,2,17
Mathlib.Topology.Algebra.Module.Star,25,1
Mathlib.Topology.Algebra.Module.Star,50,1
Mathlib.Analysis.CStarAlgebra.Basic,0,8
Mathlib.Analysis.CStarAlgebra.Basic,1,4
Mathlib.Analysis.CStarAlgebra.Basic,2,8
Mathlib.Analysis.Normed.Operator.ContinuousLinearMap,0,3
Mathlib.Analysis.Normed.Operator.ContinuousLinearMap,1,1
Mathlib.Analysis.Normed.Ring.Finite,1,2
Mathlib.Analysis.RCLike.Basic,0,141
Mathlib.Analysis.RCLike.Basic,1,37
Mathlib.Analysis.RCLike.Basic,2,34
Mathlib.LinearAlgebra.Complex.Module,0,17
Mathlib.LinearAlgebra.Complex.Module,1,36
Mathlib.LinearAlgebra.Complex.Module,2,104
Mathlib.LinearAlgebra.Complex.Module,1024,2
Mathlib.Analysis.Complex.Basic,0,27
Mathlib.Analysis.Complex.Basic,1,30
Mathlib.Analysis.Complex.Basic,2,4
Mathlib.Analysis.Asymptotics.Defs,0,82
Mathlib.Analysis.Asymptotics.Defs,1,7
Mathlib.Analysis.Asymptotics.Defs,50,3
Mathlib.Analysis.Asymptotics.Defs,100,6
Mathlib.Analysis.Normed.Group.InfiniteSum,0,2
Mathlib.Analysis.Asymptotics.Lemmas,0,89
Mathlib.Analysis.Asymptotics.Lemmas,1,25
Mathlib.Analysis.Asymptotics.Theta,0,27
Mathlib.Algebra.Order.CauSeq.BigOperators,0,2
Mathlib.Algebra.Order.CauSeq.BigOperators,1,4
Mathlib.Analysis.Complex.Exponential,0,50
Mathlib.Analysis.Complex.Exponential,1,56
Mathlib.Analysis.Complex.Exponential,2,9
Mathlib.Analysis.Complex.Exponential,1024,2
Mathlib.Tactic.NormNum.NatFactorial,0,1
Mathlib.Tactic.NormNum.NatFactorial,1,10
Mathlib.Analysis.Complex.Trigonometric,0,63
Mathlib.Analysis.Complex.Trigonometric,1,66
Mathlib.Analysis.Complex.Trigonometric,2,138
Mathlib.Analysis.Complex.Trigonometric,3,26
Mathlib.Analysis.Complex.Trigonometric,4,12
Mathlib.Analysis.Complex.Trigonometric,5,5
Mathlib.Analysis.Complex.Trigonometric,6,2
Mathlib.Analysis.Complex.Trigonometric,9,1
Mathlib.Analysis.Complex.Trigonometric,96,4
Mathlib.Algebra.Order.Field.Power,0,47
Mathlib.Algebra.Order.Field.Power,1,16
Mathlib.Algebra.Order.Field.Power,2,9
Mathlib.Algebra.Order.Field.Power,3,1
Mathlib.Analysis.Normed.Ring.InfiniteSum,0,2
Mathlib.Analysis.Normed.Ring.InfiniteSum,1,6
Mathlib.Data.Nat.Choose.Bounds,0,3
Mathlib.Data.Nat.Choose.Bounds,1,2
Mathlib.Data.Nat.Choose.Bounds,2,6
Mathlib.Order.Filter.AtTopBot.ModEq,0,3
Mathlib.RingTheory.Polynomial.Pochhammer,0,33
Mathlib.RingTheory.Polynomial.Pochhammer,1,56
Mathlib.Analysis.SpecificLimits.Normed,0,32
Mathlib.Analysis.SpecificLimits.Normed,1,135
Mathlib.Analysis.SpecificLimits.Normed,2,9
Mathlib.Topology.Algebra.MetricSpace.Lipschitz,0,1
Mathlib.Analysis.SpecialFunctions.Exp,0,51
Mathlib.Analysis.SpecialFunctions.Exp,1,11
Mathlib.Analysis.SpecialFunctions.Exp,2,2
Mathlib.Analysis.SpecialFunctions.Trigonometric.Basic,0,114
Mathlib.Analysis.SpecialFunctions.Trigonometric.Basic,1,128
Mathlib.Analysis.SpecialFunctions.Trigonometric.Basic,2,274
Mathlib.Analysis.SpecialFunctions.Trigonometric.Basic,3,10
Mathlib.Analysis.SpecialFunctions.Trigonometric.Basic,4,10
Mathlib.Analysis.SpecialFunctions.Trigonometric.Basic,5,5
Mathlib.Analysis.SpecialFunctions.Trigonometric.Basic,6,4
Mathlib.Analysis.SpecialFunctions.Trigonometric.Basic,8,2
Mathlib.Analysis.SpecialFunctions.Trigonometric.Basic,16,2
Mathlib.Analysis.SpecialFunctions.Trigonometric.Basic,32,2
Mathlib.Analysis.SpecialFunctions.Trigonometric.Basic,1024,1
Mathlib.Analysis.Normed.Group.Quotient,0,28
Mathlib.Analysis.Normed.Group.Quotient,1,6
Mathlib.Analysis.Normed.Group.Pointwise,0,34
Mathlib.Analysis.Normed.Group.Pointwise,1,18
Mathlib.Analysis.Normed.Module.RCLike.Real,0,12
Mathlib.Analysis.Normed.Module.RCLike.Real,1,3
Mathlib.Analysis.Normed.Module.Ball.Pointwise,0,84
Mathlib.Analysis.Normed.Module.Ball.Pointwise,1,7
Mathlib.Topology.Path,0,80
Mathlib.Topology.Path,1,107
Mathlib.Topology.Path,2,29
Mathlib.Topology.Connected.PathConnected,0,30
Mathlib.Topology.Connected.PathConnected,1,23
Mathlib.Topology.Instances.ZMultiples,0,1
Mathlib.Topology.Instances.AddCircle.Real,0,17
Mathlib.Topology.Instances.AddCircle.Real,1,110
Mathlib.Analysis.Normed.Group.AddCircle,0,17
Mathlib.Analysis.Normed.Group.AddCircle,1,3
Mathlib.Analysis.Normed.Group.AddCircle,2,8
Mathlib.Topology.Instances.Sign,0,3
Mathlib.Algebra.Order.Ring.Interval,0,2
Mathlib.Algebra.Order.Ring.Interval,1,4
Mathlib.Analysis.SpecialFunctions.Trigonometric.Angle,0,75
Mathlib.Analysis.SpecialFunctions.Trigonometric.Angle,1,11
Mathlib.Analysis.SpecialFunctions.Trigonometric.Angle,2,146
Mathlib.Analysis.SpecialFunctions.Trigonometric.Angle,3,2
Mathlib.Analysis.SpecialFunctions.Trigonometric.Inverse,0,35
Mathlib.Analysis.SpecialFunctions.Trigonometric.Inverse,1,129
Mathlib.Analysis.SpecialFunctions.Trigonometric.Inverse,2,116
Mathlib.Analysis.SpecialFunctions.Trigonometric.Inverse,4,2
Mathlib.Analysis.SpecialFunctions.Complex.Arg,0,102
Mathlib.Analysis.SpecialFunctions.Complex.Arg,1,6
Mathlib.Analysis.SpecialFunctions.Complex.Arg,2,20
Mathlib.Analysis.SpecialFunctions.Log.Basic,0,285
Mathlib.Analysis.SpecialFunctions.Log.Basic,1,67
Mathlib.Analysis.SpecialFunctions.Log.Basic,2,4
Mathlib.Analysis.SpecialFunctions.Complex.Log,0,27
Mathlib.Analysis.SpecialFunctions.Complex.Log,1,4
Mathlib.Analysis.SpecialFunctions.Complex.Log,2,9
Mathlib.Analysis.SpecialFunctions.Pow.Complex,0,40
Mathlib.Analysis.SpecialFunctions.Pow.Complex,1,10
Mathlib.Analysis.SpecialFunctions.Pow.Complex,2,4
Mathlib.Data.Nat.NthRoot.Defs,0,5
Mathlib.Data.Nat.NthRoot.Defs,1,5
Mathlib.Data.Nat.NthRoot.Defs,2,1
Mathlib.Analysis.SpecialFunctions.Pow.Real,0,423
Mathlib.Analysis.SpecialFunctions.Pow.Real,1,100
Mathlib.Analysis.SpecialFunctions.Pow.Real,2,13
Mathlib.Analysis.SpecialFunctions.Pow.NNReal,0,478
Mathlib.Analysis.SpecialFunctions.Pow.NNReal,1,80
Mathlib.Analysis.SpecialFunctions.Pow.NNReal,2,6
Mathlib.Analysis.SpecialFunctions.Pow.Asymptotics,0,68
Mathlib.Analysis.SpecialFunctions.Pow.Asymptotics,1,12
Mathlib.Analysis.SpecialFunctions.Pow.Continuity,0,75
Mathlib.Analysis.SpecialFunctions.Pow.Continuity,1,4
Mathlib.LinearAlgebra.AffineSpace.Defs,1024,1
Mathlib.LinearAlgebra.AffineSpace.AffineMap,0,26
Mathlib.LinearAlgebra.AffineSpace.AffineMap,1,15
Mathlib.LinearAlgebra.AffineSpace.AffineMap,25,2
Mathlib.LinearAlgebra.AffineSpace.AffineEquiv,0,4
Mathlib.LinearAlgebra.AffineSpace.AffineEquiv,1,4
Mathlib.LinearAlgebra.AffineSpace.AffineEquiv,2,4
Mathlib.LinearAlgebra.AffineSpace.AffineEquiv,25,2
Mathlib.LinearAlgebra.AffineSpace.Midpoint,0,9
Mathlib.LinearAlgebra.AffineSpace.Midpoint,2,68
Mathlib.Algebra.Order.Algebra,0,10
Mathlib.LinearAlgebra.Ray,0,126
Mathlib.LinearAlgebra.Ray,1,2
Mathlib.Analysis.Convex.Segment,0,94
Mathlib.Analysis.Convex.Segment,1,23
Mathlib.Analysis.Convex.Segment,2,3
Mathlib.Analysis.Convex.Segment,1024,1
Mathlib.Analysis.Convex.Star,0,20
Mathlib.Analysis.Convex.Star,1,9
Mathlib.LinearAlgebra.AffineSpace.AffineSubspace.Defs,0,6
Mathlib.LinearAlgebra.AffineSpace.AffineSubspace.Defs,1,1
Mathlib.LinearAlgebra.AffineSpace.AffineSubspace.Defs,1024,1
Mathlib.Analysis.Convex.Basic,0,31
Mathlib.Analysis.Convex.Basic,1,12
Mathlib.Analysis.Convex.Basic,2,1
Mathlib.Analysis.Convex.Hull,0,4
Mathlib.Topology.Bornology.Absorbs,0,5
Mathlib.Topology.Bornology.Absorbs,1,1
Mathlib.Analysis.LocallyConvex.Basic,0,18
Mathlib.Analysis.LocallyConvex.Basic,1,6
Mathlib.Analysis.LocallyConvex.BalancedCoreHull,0,19
Mathlib.Analysis.LocallyConvex.BalancedCoreHull,1,14
Mathlib.Analysis.Convex.Function,0,60
Mathlib.Analysis.Convex.Function,1,24
Mathlib.Analysis.Seminorm,0,169
Mathlib.Analysis.Seminorm,1,10
Mathlib.Analysis.LocallyConvex.Bounded,0,20
Mathlib.Analysis.LocallyConvex.Bounded,1,2
Mathlib.Topology.Algebra.UniformConvergence,0,16
Mathlib.Topology.Algebra.UniformConvergence,1,16
Mathlib.Topology.Algebra.Equicontinuity,0,2
Mathlib.Topology.Algebra.Equicontinuity,1,2
Mathlib.Topology.MetricSpace.Equicontinuity,0,12
Mathlib.Topology.Algebra.FilterBasis,0,76
Mathlib.Topology.Algebra.FilterBasis,1,28
Mathlib.Analysis.Convex.Strict,0,14
Mathlib.Analysis.Convex.Strict,1,6
Mathlib.LinearAlgebra.AffineSpace.AffineSubspace.Basic,0,1
Mathlib.LinearAlgebra.AffineSpace.AffineSubspace.Basic,50,2
Mathlib.LinearAlgebra.AffineSpace.AffineSubspace.Basic,51,1
Mathlib.LinearAlgebra.AffineSpace.Combination,0,26
Mathlib.LinearAlgebra.AffineSpace.Combination,1,27
Mathlib.LinearAlgebra.AffineSpace.Combination,2,10
Mathlib.LinearAlgebra.AffineSpace.Centroid,0,7
Mathlib.LinearAlgebra.AffineSpace.Centroid,1,11
Mathlib.LinearAlgebra.AffineSpace.Centroid,2,8
Mathlib.LinearAlgebra.AffineSpace.Independent,0,71
Mathlib.LinearAlgebra.AffineSpace.Independent,1,26
Mathlib.LinearAlgebra.AffineSpace.Pointwise,0,2
Mathlib.LinearAlgebra.AffineSpace.Basis,0,4
Mathlib.LinearAlgebra.AffineSpace.Basis,1,20
Mathlib.Analysis.Convex.Combination,0,43
Mathlib.Analysis.Convex.Combination,1,21
Mathlib.Analysis.Convex.PathConnected,0,1
Mathlib.Analysis.Convex.StdSimplex,0,58
Mathlib.Analysis.Convex.StdSimplex,1,86
Mathlib.Analysis.Convex.StdSimplex,2,449
Mathlib.Topology.Algebra.Affine,0,1
Mathlib.Topology.Algebra.Affine,1,2
Mathlib.Topology.Algebra.Affine,2,1
Mathlib.Analysis.Convex.Topology,0,22
Mathlib.Analysis.Convex.Topology,1,15
Mathlib.Topology.Algebra.Module.LocallyConvex,0,9
Mathlib.Analysis.LocallyConvex.WithSeminorms,0,51
Mathlib.Analysis.LocallyConvex.WithSeminorms,1,6
Mathlib.Analysis.Convex.Jensen,0,24
Mathlib.Analysis.Convex.Jensen,1,12
Mathlib.Analysis.Normed.Module.Convex,0,3
Mathlib.Topology.Algebra.Algebra.Equiv,0,6
Mathlib.Topology.Algebra.Algebra.Equiv,1,1
Mathlib.Topology.Algebra.Algebra.Equiv,50,1
Mathlib.Topology.Algebra.Module.StrongTopology,0,36
Mathlib.Topology.Algebra.Module.StrongTopology,1,1
Mathlib.Topology.Algebra.Module.StrongTopology,25,2
Mathlib.Analysis.Normed.Operator.Basic,0,46
Mathlib.Analysis.Normed.Operator.Basic,1,15
Mathlib.Analysis.Normed.Operator.NNNorm,0,9
Mathlib.Analysis.Normed.Operator.NNNorm,1,10
Mathlib.Order.Filter.Germ.Basic,0,6
Mathlib.Order.Filter.Germ.Basic,1,4
Mathlib.MeasureTheory.Function.AEEqFun,0,21
Mathlib.MeasureTheory.Function.AEEqFun,1,11
Mathlib.MeasureTheory.Function.AEEqFun,25,1
Mathlib.Order.Filter.ENNReal,0,14
Mathlib.Probability.ConditionalProbability,0,33
Mathlib.Probability.ConditionalProbability,1,4
Mathlib.Probability.ConditionalProbability,2,3
Mathlib.Probability.ConditionalProbability,3,1
Mathlib.Probability.ConditionalProbability,4,2
Mathlib.Probability.ConditionalProbability,6,3
Mathlib.Probability.ConditionalProbability,1024,6
Mathlib.Probability.UniformOn,0,7
Mathlib.Probability.UniformOn,1,6
Mathlib.MeasureTheory.Function.EssSup,0,16
Mathlib.MeasureTheory.Function.LpSeminorm.Defs,0,14
Mathlib.MeasureTheory.Function.LpSeminorm.Defs,1,6
Mathlib.MeasureTheory.Function.SpecialFunctions.Basic,0,1
Mathlib.MeasureTheory.Function.LpSeminorm.Basic,0,91
Mathlib.MeasureTheory.Function.LpSeminorm.Basic,1,15
Mathlib.MeasureTheory.Function.LpSeminorm.ChebyshevMarkov,0,15
Mathlib.MeasureTheory.Function.LpSeminorm.ChebyshevMarkov,1,1
Mathlib.Data.ENNReal.Holder,0,8
Mathlib.Data.ENNReal.Holder,1,16
Mathlib.Data.ENNReal.Holder,2,2
Mathlib.MeasureTheory.Function.LpSeminorm.Indicator,0,9
Mathlib.MeasureTheory.Function.LpSeminorm.Indicator,1,6
Mathlib.MeasureTheory.Function.LpSeminorm.Monotonicity,0,7
Mathlib.MeasureTheory.Function.LpSeminorm.Monotonicity,1,1
Mathlib.MeasureTheory.Function.LpSeminorm.SMul,0,3
Mathlib.Analysis.Convex.SpecificFunctions.Basic,0,9
Mathlib.Analysis.Convex.SpecificFunctions.Basic,1,19
Mathlib.Data.Real.ConjExponents,0,102
Mathlib.Data.Real.ConjExponents,1,100
Mathlib.Data.Real.ConjExponents,2,4
Mathlib.Analysis.MeanInequalities,0,75
Mathlib.Analysis.MeanInequalities,1,85
Mathlib.Algebra.Order.Monovary,0,104
Mathlib.Analysis.Convex.Mul,0,35
Mathlib.Analysis.MeanInequalitiesPow,0,23
Mathlib.Analysis.MeanInequalitiesPow,1,42
Mathlib.Analysis.MeanInequalitiesPow,2,2
Mathlib.MeasureTheory.Integral.MeanInequalities,0,22
Mathlib.MeasureTheory.Integral.MeanInequalities,1,42
Mathlib.MeasureTheory.Integral.MeanInequalities,2,1
Mathlib.MeasureTheory.Function.LpSeminorm.CompareExp,0,8
Mathlib.MeasureTheory.Function.LpSeminorm.CompareExp,1,11
Mathlib.MeasureTheory.Function.LpSeminorm.TriangleInequality,0,12
Mathlib.MeasureTheory.Function.LpSeminorm.TriangleInequality,1,25
Mathlib.MeasureTheory.Function.LpSeminorm.TriangleInequality,2,3
Mathlib.MeasureTheory.Function.LpSpace.Basic,0,98
Mathlib.MeasureTheory.Function.LpSpace.Basic,1,25
Mathlib.MeasureTheory.Function.LpSpace.Basic,25,2
Mathlib.MeasureTheory.Function.LpSpace.Complete,0,10
Mathlib.MeasureTheory.Function.LpSpace.Complete,1,12
Mathlib.MeasureTheory.Function.ConvergenceInMeasure,0,32
Mathlib.MeasureTheory.Function.ConvergenceInMeasure,1,10
Mathlib.MeasureTheory.Function.ConvergenceInMeasure,2,6
Mathlib.MeasureTheory.Function.LpOrder,0,2
Mathlib.MeasureTheory.Function.LpOrder,1,2
Mathlib.Data.Fintype.CardEmbedding,0,1
Mathlib.Topology.Algebra.Module.Multilinear.Basic,0,52
Mathlib.Topology.Algebra.Module.Multilinear.Basic,1,6
Mathlib.Topology.Algebra.Module.Multilinear.Basic,25,1
Mathlib.Topology.Algebra.Module.Multilinear.Topology,0,4
Mathlib.Analysis.Normed.Operator.Bilinear,0,12
Mathlib.Analysis.Normed.Operator.Bilinear,1,4
Mathlib.Analysis.Normed.Module.Multilinear.Basic,0,40
Mathlib.Analysis.Normed.Module.Multilinear.Basic,1,27
Mathlib.Analysis.Normed.Ring.Units,0,8
Mathlib.Analysis.Normed.Ring.Units,1,17
Mathlib.Analysis.Normed.Ring.Units,2,1
Mathlib.Analysis.Normed.Module.Span,0,11
Mathlib.Analysis.Normed.Module.Span,1,4
Mathlib.Analysis.Normed.Operator.NormedSpace,0,19
Mathlib.Analysis.Normed.Operator.NormedSpace,1,13
Mathlib.Analysis.Normed.Operator.Mul,1,9
Mathlib.Analysis.Normed.Operator.BoundedLinearMaps,0,37
Mathlib.Topology.Algebra.Module.Determinant,1,1
Mathlib.Topology.Algebra.Module.FiniteDimension,0,9
Mathlib.Topology.Algebra.Module.FiniteDimension,1,3
Mathlib.Topology.Algebra.Module.FiniteDimension,2,57
Mathlib.MeasureTheory.Function.StronglyMeasurable.Lemmas,0,1
Mathlib.MeasureTheory.Function.L1Space.Integrable,0,39
Mathlib.MeasureTheory.Function.L1Space.Integrable,1,77
Mathlib.MeasureTheory.Function.L1Space.Integrable,1024,1
Mathlib.MeasureTheory.Measure.Real,0,27
Mathlib.MeasureTheory.Measure.Real,1,3
Mathlib.Order.Filter.IndicatorFunction,0,5
Mathlib.Order.Filter.IndicatorFunction,1,5
Mathlib.MeasureTheory.Function.LpSpace.Indicator,0,13
Mathlib.MeasureTheory.Function.LpSpace.Indicator,1,17
Mathlib.MeasureTheory.Function.LpSpace.Indicator,2,4
Mathlib.MeasureTheory.Integral.IntegrableOn,0,10
Mathlib.MeasureTheory.Integral.IntegrableOn,1,1
Mathlib.MeasureTheory.Function.LocallyIntegrable,0,2
Mathlib.MeasureTheory.Function.LocallyIntegrable,1,1
Mathlib.MeasureTheory.Function.L1Space.AEEqFun,0,7
Mathlib.MeasureTheory.Function.L1Space.AEEqFun,1,277
Mathlib.MeasureTheory.Function.SimpleFuncDenseLp,0,67
Mathlib.MeasureTheory.Function.SimpleFuncDenseLp,1,54
Mathlib.MeasureTheory.Function.SimpleFuncDenseLp,25,1
Mathlib.MeasureTheory.Integral.FinMeasAdditive,0,41
Mathlib.Analysis.Normed.Operator.Extend,0,7
Mathlib.MeasureTheory.Integral.SetToL1,0,89
Mathlib.MeasureTheory.Integral.SetToL1,1,12854
Mathlib.MeasureTheory.Integral.Bochner.L1,0,25
Mathlib.MeasureTheory.Integral.Bochner.L1,1,2355
Mathlib.MeasureTheory.Integral.Bochner.Basic,0,118
Mathlib.MeasureTheory.Integral.Bochner.Basic,1,33
Mathlib.MeasureTheory.Integral.Bochner.Basic,2,2
Mathlib.MeasureTheory.Integral.Bochner.Basic,60,4
Mathlib.MeasureTheory.Integral.Bochner.Basic,70,2
Mathlib.MeasureTheory.Integral.Bochner.Basic,1022,4
Mathlib.Topology.Algebra.Indicator,0,2
Mathlib.Topology.Algebra.Indicator,1,2
Mathlib.Topology.Bornology.BoundedOperation,2,1
Mathlib.Topology.ContinuousMap.Bounded.Basic,0,20
Mathlib.Topology.ContinuousMap.Bounded.Basic,1,16
Mathlib.Topology.ContinuousMap.Bounded.Basic,25,2
Mathlib.Topology.ContinuousMap.Bounded.Basic,26,1
Mathlib.Topology.ContinuousMap.Bounded.Normed,0,10
Mathlib.Topology.ContinuousMap.Bounded.Normed,1,4
Mathlib.Topology.ContinuousMap.Bounded.Normed,2,3
Mathlib.Topology.ContinuousMap.Bounded.Star,0,1
Mathlib.Topology.ContinuousMap.Compact,0,14
Mathlib.Topology.ContinuousMap.Compact,2,1
Mathlib.Topology.MetricSpace.ThickenedIndicator,0,39
Mathlib.Topology.MetricSpace.ThickenedIndicator,1,14
Mathlib.MeasureTheory.Integral.Bochner.Set,0,62
Mathlib.MeasureTheory.Integral.Bochner.Set,1,22
Mathlib.MeasureTheory.Group.FundamentalDomain,0,31
Mathlib.MeasureTheory.Group.FundamentalDomain,1,13
Mathlib.MeasureTheory.Measure.Content,0,16
Mathlib.MeasureTheory.Measure.Content,1,1
Mathlib.MeasureTheory.Measure.Haar.Basic,0,51
Mathlib.MeasureTheory.Measure.Haar.Basic,1,28
Mathlib.LinearAlgebra.Dimension.LinearMap,0,2
Mathlib.LinearAlgebra.Matrix.Diagonal,0,8
Mathlib.MeasureTheory.Constructions.Pi,0,46
Mathlib.MeasureTheory.Constructions.Pi,1,81
Mathlib.MeasureTheory.Constructions.Pi,2,113
Mathlib.MeasureTheory.Integral.Marginal,0,4
Mathlib.MeasureTheory.Integral.Marginal,70,1
Mathlib.MeasureTheory.Integral.Marginal,1022,2
Mathlib.MeasureTheory.Measure.Stieltjes,0,14
Mathlib.MeasureTheory.Measure.Stieltjes,1,2
Mathlib.Analysis.InnerProductSpace.Defs,0,102
Mathlib.Analysis.InnerProductSpace.Defs,1,11
Mathlib.Analysis.InnerProductSpace.Defs,2,17
Mathlib.Analysis.InnerProductSpace.Defs,1024,4
Mathlib.Analysis.InnerProductSpace.Basic,0,75
Mathlib.Analysis.InnerProductSpace.Basic,1,38
Mathlib.Analysis.InnerProductSpace.Basic,2,61
Mathlib.Analysis.InnerProductSpace.Basic,4,3
Mathlib.Analysis.InnerProductSpace.Projection.Minimal,0,3
Mathlib.Analysis.InnerProductSpace.LinearMap,0,15
Mathlib.Analysis.InnerProductSpace.LinearMap,1,6
Mathlib.Analysis.InnerProductSpace.LinearMap,2,1
Mathlib.Analysis.InnerProductSpace.LinearMap,4,2
Mathlib.Analysis.InnerProductSpace.Orthonormal,0,8
Mathlib.Analysis.InnerProductSpace.Orthonormal,1,8
Mathlib.Analysis.InnerProductSpace.Orthonormal,2,5
Mathlib.Analysis.InnerProductSpace.Subspace,0,4
Mathlib.Analysis.InnerProductSpace.Subspace,1,3
Mathlib.Analysis.InnerProductSpace.Subspace,2,6
Mathlib.Topology.MetricSpace.Gluing,0,18
Mathlib.Topology.MetricSpace.Gluing,1,98
Mathlib.Topology.MetricSpace.Gluing,2,2
Mathlib.Topology.Metrizable.CompletelyMetrizable,0,2
Mathlib.Analysis.Normed.Group.AddTorsor,0,4
Mathlib.Analysis.Normed.Operator.Banach,0,6
Mathlib.Analysis.Normed.Operator.Banach,1,2
Mathlib.Analysis.Normed.Operator.Banach,2,1
Mathlib.Topology.Algebra.Module.ClosedSubmodule,0,3
Mathlib.Topology.Algebra.Module.ClosedSubmodule,1,1
Mathlib.Analysis.InnerProductSpace.Orthogonal,0,19
Mathlib.Analysis.InnerProductSpace.Orthogonal,50,2
Mathlib.Analysis.InnerProductSpace.Orthogonal,51,1
Mathlib.Analysis.InnerProductSpace.Orthogonal,1200,2
Mathlib.Analysis.InnerProductSpace.Symmetric,0,6
Mathlib.Analysis.InnerProductSpace.Symmetric,1,1
Mathlib.Analysis.InnerProductSpace.Symmetric,4,1
Mathlib.Analysis.Asymptotics.AsymptoticEquivalent,0,8
Mathlib.Analysis.Asymptotics.AsymptoticEquivalent,1,7
Mathlib.Analysis.Normed.Group.Lemmas,0,2
Mathlib.Topology.Algebra.ContinuousAffineMap,0,16
Mathlib.Topology.Algebra.ContinuousAffineMap,1,1
Mathlib.Topology.Algebra.ContinuousAffineMap,25,1
Mathlib.Topology.Algebra.ContinuousAffineEquiv,0,3
Mathlib.Topology.Algebra.ContinuousAffineEquiv,1,1
Mathlib.Topology.Algebra.ContinuousAffineEquiv,25,2
Mathlib.Analysis.Normed.Affine.Isometry,0,7
Mathlib.Analysis.Normed.Affine.Isometry,1,8
Mathlib.Analysis.Normed.Affine.Isometry,2,4
Mathlib.Analysis.Normed.Affine.Isometry,25,4
Mathlib.Analysis.Normed.Module.RCLike.Basic,0,14
Mathlib.Analysis.Normed.Module.RCLike.Basic,1,3
Mathlib.Analysis.Normed.Module.RieszLemma,1,5
Mathlib.RingTheory.Polynomial.DegreeLT,0,5
Mathlib.RingTheory.Polynomial.DegreeLT,1,2
Mathlib.RingTheory.Polynomial.DegreeLT,1023,1
Mathlib.RingTheory.Polynomial.DegreeLT,9000,1
Mathlib.RingTheory.Polynomial.Resultant.Basic,0,65
Mathlib.RingTheory.Polynomial.Resultant.Basic,1,86
Mathlib.RingTheory.Polynomial.Resultant.Basic,2,43
Mathlib.RingTheory.Polynomial.Resultant.Basic,3,12
Mathlib.RingTheory.Polynomial.Resultant.Basic,4,6
Mathlib.RingTheory.Polynomial.Resultant.Basic,18,2
Mathlib.RingTheory.Polynomial.Resultant.Basic,27,2
Mathlib.LinearAlgebra.Matrix.Charpoly.Disc,2,26
Mathlib.LinearAlgebra.Matrix.Charpoly.Disc,4,4
Mathlib.LinearAlgebra.Matrix.GeneralLinearGroup.FinTwo,0,52
Mathlib.LinearAlgebra.Matrix.GeneralLinearGroup.FinTwo,1,39
Mathlib.LinearAlgebra.Matrix.GeneralLinearGroup.FinTwo,2,1587
Mathlib.LinearAlgebra.Matrix.GeneralLinearGroup.FinTwo,4,2
Mathlib.Topology.Instances.Matrix,1,2
Mathlib.Topology.Instances.Matrix,2,41
Mathlib.Analysis.Normed.Module.FiniteDimension,0,12
Mathlib.Analysis.Normed.Module.FiniteDimension,1,9
Mathlib.Analysis.RCLike.Lemmas,1,4
Mathlib.Analysis.RCLike.Lemmas,2,2
Mathlib.Analysis.InnerProductSpace.Projection.Basic,0,18
Mathlib.Analysis.InnerProductSpace.Projection.Basic,1,10
Mathlib.Analysis.InnerProductSpace.Projection.Basic,2,9
Mathlib.Analysis.InnerProductSpace.Projection.Reflection,1,1
Mathlib.Analysis.InnerProductSpace.Projection.Reflection,2,4
Mathlib.Analysis.InnerProductSpace.Projection.Submodule,0,5
Mathlib.Analysis.InnerProductSpace.Projection.FiniteDimensional,0,1
Mathlib.Analysis.InnerProductSpace.Projection.FiniteDimensional,1,3
Mathlib.Analysis.Normed.Lp.WithLp,0,9
Mathlib.Analysis.Normed.Lp.WithLp,1,1
Mathlib.Analysis.Normed.Lp.ProdLp,0,109
Mathlib.Analysis.Normed.Lp.ProdLp,1,229
Mathlib.Analysis.Normed.Lp.ProdLp,2,58
Mathlib.Analysis.Normed.Lp.PiLp,0,51
Mathlib.Analysis.Normed.Lp.PiLp,1,140
Mathlib.Analysis.Normed.Lp.PiLp,2,49
Mathlib.Analysis.Normed.Lp.Matrix,1,2
Mathlib.Data.Matrix.Reflection,0,135
Mathlib.Data.Matrix.Reflection,1,128
Mathlib.LinearAlgebra.UnitaryGroup,0,10
Mathlib.LinearAlgebra.UnitaryGroup,1,24
Mathlib.LinearAlgebra.UnitaryGroup,2,101
Mathlib.Analysis.InnerProductSpace.PiL2,0,24
Mathlib.Analysis.InnerProductSpace.PiL2,1,31
Mathlib.Analysis.InnerProductSpace.PiL2,2,2983
Mathlib.Analysis.InnerProductSpace.PiL2,3,1
Mathlib.Analysis.InnerProductSpace.PiL2,1024,1
Mathlib.MeasureTheory.Measure.Haar.OfBasis,0,9
Mathlib.MeasureTheory.Measure.Haar.OfBasis,1,8
Mathlib.MeasureTheory.Measure.Lebesgue.Basic,0,19
Mathlib.MeasureTheory.Measure.Lebesgue.Basic,2,10
Mathlib.MeasureTheory.Measure.Lebesgue.EqHaar,0,87
Mathlib.MeasureTheory.Measure.Lebesgue.EqHaar,1,18
Mathlib.Algebra.Module.ZLattice.Basic,0,6
Mathlib.Algebra.Module.ZLattice.Basic,1,5
Mathlib.Analysis.BoxIntegral.Box.Basic,0,2
Mathlib.Analysis.BoxIntegral.Box.Basic,1,81
Mathlib.Analysis.BoxIntegral.Box.SubboxInduction,2,7
Mathlib.Analysis.BoxIntegral.Partition.Basic,0,3
Mathlib.Analysis.BoxIntegral.Partition.Basic,1,1
Mathlib.Analysis.BoxIntegral.Partition.Basic,2,1
Mathlib.Analysis.BoxIntegral.Partition.Tagged,0,20
Mathlib.Analysis.BoxIntegral.Partition.Tagged,1,1
Mathlib.Analysis.BoxIntegral.Partition.Tagged,2,2
Mathlib.Analysis.BoxIntegral.Partition.SubboxInduction,0,16
Mathlib.Analysis.BoxIntegral.Partition.SubboxInduction,2,3
Mathlib.Analysis.BoxIntegral.Partition.Split,0,2
Mathlib.Analysis.BoxIntegral.Partition.Filter,0,61
Mathlib.Analysis.BoxIntegral.Partition.Filter,1,1
Mathlib.Analysis.BoxIntegral.Partition.Additive,0,16
Mathlib.Analysis.BoxIntegral.Partition.Additive,1,47
Mathlib.Analysis.BoxIntegral.Partition.Additive,25,2
Mathlib.Analysis.BoxIntegral.Partition.Measure,1,10
Mathlib.Analysis.Oscillation,0,6
Mathlib.Analysis.BoxIntegral.Basic,0,56
Mathlib.Analysis.BoxIntegral.Basic,1,2
Mathlib.Analysis.BoxIntegral.Integrability,0,2
Mathlib.Analysis.BoxIntegral.UnitPartition,0,8
Mathlib.Analysis.BoxIntegral.UnitPartition,1,14
Mathlib.Data.Nat.Prime.Int,0,2
Mathlib.Data.Nat.Prime.Int,1,2
Mathlib.Data.Nat.Prime.Int,2,1
Mathlib.Data.Nat.Prime.Int,3,1
Mathlib.RingTheory.Int.Basic,1,5
Mathlib.RingTheory.Int.Basic,2,9
Mathlib.RingTheory.ZMod,0,1
Mathlib.Data.ZMod.QuotientRing,0,2
Mathlib.Analysis.InnerProductSpace.GramSchmidtOrtho,0,21
Mathlib.Analysis.InnerProductSpace.GramSchmidtOrtho,1,3
Mathlib.Analysis.InnerProductSpace.GramSchmidtOrtho,2,8
Mathlib.LinearAlgebra.Orientation,0,16
Mathlib.LinearAlgebra.Orientation,1,7
Mathlib.Analysis.InnerProductSpace.Orientation,0,78
Mathlib.Analysis.InnerProductSpace.Orientation,1,10
Mathlib.MeasureTheory.Measure.Haar.InnerProductSpace,0,1
Mathlib.MeasureTheory.Measure.Haar.InnerProductSpace,1,2
Mathlib.MeasureTheory.Measure.Haar.InnerProductSpace,2,111
Mathlib.Algebra.Module.ZLattice.Covolume,0,14
Mathlib.Algebra.Module.ZLattice.Covolume,1,12
Mathlib.Analysis.SumOverResidueClass,0,2
Mathlib.Analysis.PSeries,0,38
Mathlib.Analysis.PSeries,1,56
Mathlib.Analysis.PSeries,2,30
Mathlib.Algebra.Module.ZLattice.Summable,0,6
Mathlib.Algebra.Module.ZLattice.Summable,1,6
Mathlib.Algebra.Module.ZLattice.Summable,2,1
Mathlib.Algebra.Module.ZLattice.Summable,3,1
Mathlib.Algebra.MonoidAlgebra.Grading,0,1
Mathlib.Algebra.MonoidAlgebra.Grading,1,1
Mathlib.Algebra.MonoidAlgebra.ToDirectSum,0,35
Mathlib.Algebra.MonoidAlgebra.ToDirectSum,1,4
Mathlib.Algebra.MvPolynomial.Cardinal,1,1
Mathlib.Algebra.MvPolynomial.Division,0,18
Mathlib.Algebra.MvPolynomial.Division,1,30
Mathlib.Algebra.MvPolynomial.Nilpotent,0,4
Mathlib.Algebra.MvPolynomial.Expand,0,19
Mathlib.Algebra.MvPolynomial.Expand,1,4
Mathlib.Algebra.MvPolynomial.Polynomial,1,24
Mathlib.Data.DFinsupp.WellFounded,0,10
Mathlib.Data.Finsupp.WellFounded,0,4
Mathlib.Data.Finsupp.MonomialOrder,0,12
Mathlib.Data.Finsupp.MonomialOrder,1,1
Mathlib.Data.Finsupp.MonomialOrder,25,2
Mathlib.Data.Finsupp.MonomialOrder,50,4
Mathlib.RingTheory.MvPolynomial.MonomialOrder,0,72
Mathlib.RingTheory.MvPolynomial.MonomialOrder,1,18
Mathlib.Data.Finsupp.MonomialOrder.DegLex,0,2
Mathlib.Data.Finsupp.MonomialOrder.DegLex,1,10
Mathlib.Algebra.MvPolynomial.NoZeroDivisors,0,12
Mathlib.Algebra.MvPolynomial.NoZeroDivisors,1,1
Mathlib.Data.Fin.Tuple.Finset,0,26
Mathlib.Data.Fin.Tuple.Finset,1,161
Mathlib.Algebra.MvPolynomial.SchwartzZippel,0,9
Mathlib.Algebra.NonAssoc.PreLie.Basic,0,4
Mathlib.Algebra.NonAssoc.LieAdmissible.Defs,0,2
Mathlib.Algebra.Order.AbsoluteValue.Euclidean,0,1
Mathlib.Data.Nat.Squarefree,0,13
Mathlib.Data.Nat.Squarefree,1,9
Mathlib.Data.Nat.Squarefree,2,20
Mathlib.Data.Nat.Squarefree,3,3
Mathlib.Tactic.ArithMult,0,2
Mathlib.Tactic.ArithMult,1022,2
Mathlib.Tactic.ArithMult,1024,1
Mathlib.NumberTheory.ArithmeticFunction.Defs,0,18
Mathlib.NumberTheory.ArithmeticFunction.Defs,1,30
Mathlib.NumberTheory.ArithmeticFunction.Zeta,0,69
Mathlib.NumberTheory.ArithmeticFunction.Zeta,1,7
Mathlib.NumberTheory.ArithmeticFunction.Zeta,1024,1
Mathlib.Data.Nat.Factorization.PrimePow,0,7
Mathlib.Data.Nat.Factorization.PrimePow,1,21
Mathlib.Data.Nat.Factorization.PrimePow,2,1
Mathlib.NumberTheory.ArithmeticFunction.Misc,0,93
Mathlib.NumberTheory.ArithmeticFunction.Misc,1,26
Mathlib.NumberTheory.ArithmeticFunction.Misc,67,1
Mathlib.NumberTheory.ArithmeticFunction.Misc,1022,1
Mathlib.NumberTheory.ArithmeticFunction.Misc,1024,3
Mathlib.Algebra.Order.Antidiag.Nat,0,16
Mathlib.Algebra.Order.Antidiag.Nat,1,5
Mathlib.Algebra.Order.Antidiag.Nat,2,10
Mathlib.Algebra.Order.Antidiag.Nat,3,6
Mathlib.Algebra.Order.Archimedean.Class,0,113
Mathlib.Algebra.Order.Archimedean.Class,1,115
Mathlib.Algebra.Order.Archimedean.IndicatorCard,0,2
Mathlib.Algebra.Order.BigOperators.GroupWithZero.Finset,1,2
Mathlib.Algebra.Order.Chebyshev,0,2
Mathlib.Algebra.Order.Chebyshev,1,4
Mathlib.Algebra.Order.Chebyshev,2,4
Mathlib.Algebra.Order.CompleteField,0,8
Mathlib.Algebra.Order.CompleteField,1,2
Mathlib.Algebra.Order.CompleteField,2,1
Mathlib.Algebra.Order.Disjointed,0,14
Mathlib.Algebra.Order.Disjointed,1,22
Mathlib.Algebra.Order.Field.GeomSum,0,2
Mathlib.Algebra.Order.Field.GeomSum,1,12
Mathlib.Algebra.Order.Field.Pi,0,1
Mathlib.Algebra.Order.Field.Pointwise,0,8
Mathlib.Algebra.Order.Floor.Div,0,184
Mathlib.Algebra.Order.Floor.Div,1,4
Mathlib.Algebra.Order.Floor.Div,70,4
Mathlib.Algebra.Order.Floor.Div,71,2
Mathlib.Algebra.Order.Floor.Extended,0,40
Mathlib.Algebra.Order.Floor.Extended,1,20
Mathlib.Algebra.Order.Floor.Extended,1024,2
Mathlib.Algebra.Order.Floor.Semifield,0,57
Mathlib.Algebra.Order.Floor.Semifield,1,7
Mathlib.Algebra.Order.Floor.Semifield,2,5
Mathlib.Algebra.Order.Group.End,1,9
Mathlib.Algebra.Order.Group.Bounds,0,4
Mathlib.Algebra.Order.Group.Cone,0,32
Mathlib.Algebra.Order.Group.Cone,1,32
Mathlib.Algebra.Order.Group.Cyclic,0,4
Mathlib.Algebra.Order.Group.Cyclic,1,8
Mathlib.Algebra.Order.Group.DenselyOrdered,0,7
Mathlib.Algebra.Order.Group.DenselyOrdered,1,7
Mathlib.Algebra.Order.GroupWithZero.Bounds,0,4
Mathlib.Algebra.Order.Monoid.Lex,0,6
Mathlib.Algebra.Order.Monoid.Lex,1,6
Mathlib.Algebra.Order.GroupWithZero.Lex,0,12
Mathlib.Algebra.Order.GroupWithZero.WithZero,0,9
Mathlib.Order.Interval.Basic,0,1
Mathlib.Order.Interval.Basic,1,1
Mathlib.Algebra.Order.Interval.Basic,0,42
Mathlib.Algebra.Order.Interval.Basic,1,29
Mathlib.Algebra.Order.Interval.Set.SuccPred,1,58
Mathlib.Algebra.Order.Module.Basic,2,8
Mathlib.Algebra.Order.Module.Archimedean,0,3
Mathlib.RingTheory.HahnSeries.Basic,0,125
Mathlib.RingTheory.HahnSeries.Basic,1,4
Mathlib.RingTheory.HahnSeries.Basic,2,2
Mathlib.RingTheory.HahnSeries.Basic,1024,1
Mathlib.RingTheory.HahnSeries.Addition,0,18
Mathlib.RingTheory.HahnSeries.Multiplication,0,59
Mathlib.RingTheory.HahnSeries.Multiplication,1,25
Mathlib.RingTheory.HahnSeries.Lex,0,287
Mathlib.Algebra.Order.Module.HahnEmbedding,0,23
Mathlib.Algebra.Order.Module.HahnEmbedding,1,2
Mathlib.Algebra.Order.Module.OrderedSMul,0,18
Mathlib.Algebra.Order.Module.PositiveLinearMap,0,13
Mathlib.Algebra.Order.Module.PositiveLinearMap,1,1
Mathlib.Algebra.Order.Module.PositiveLinearMap,25,2
Mathlib.Algebra.Order.Monoid.LocallyFiniteOrder,0,12
Mathlib.Algebra.Order.Monoid.LocallyFiniteOrder,1,5
Mathlib.Algebra.Order.Monoid.PNat,0,2
Mathlib.Algebra.Order.Monoid.ToMulBot,0,2
Mathlib.Algebra.Order.Monoid.Unbundled.Units,1,24
Mathlib.Algebra.Order.Positive.Field,0,41
Mathlib.Algebra.Order.Quantale,0,2
Mathlib.Algebra.Order.Quantale,1,2
Mathlib.Algebra.Order.Quantale,60,8
Mathlib.Algebra.Order.Quantale,61,4
Mathlib.Algebra.Order.Ring.Archimedean,0,35
Mathlib.Algebra.Order.Ring.Archimedean,1,4
Mathlib.Algebra.Order.Ring.Cone,0,25
Mathlib.Algebra.Order.Ring.Cone,1,1
Mathlib.Algebra.Order.Ring.IsNonarchimedean,0,3
Mathlib.Algebra.Order.Ring.IsNonarchimedean,1,3
Mathlib.Algebra.Order.Ring.Ordering.Defs,0,1
Mathlib.Algebra.Order.Ring.Ordering.Defs,1,24
Mathlib.Algebra.Order.Ring.Ordering.Defs,2,1
Mathlib.Algebra.Order.Ring.Ordering.Basic,0,1
Mathlib.Algebra.Order.Ring.Ordering.Basic,1,6
Mathlib.Algebra.Order.Ring.Ordering.Basic,2,2
Mathlib.RingTheory.Valuation.ValuationSubring,0,5
Mathlib.RingTheory.Valuation.ValuationSubring,1,21
Mathlib.Algebra.Order.Ring.StandardPart,0,69
Mathlib.Algebra.Order.Ring.StandardPart,1,6
Mathlib.Algebra.Order.Ring.Units,2,1
Mathlib.Algebra.Star.Conjneg,0,6
Mathlib.Algebra.Star.Conjneg,1,6
Mathlib.Algebra.Order.Star.Conjneg,0,8
Mathlib.Algebra.Order.Sum,0,6
Mathlib.Algebra.Order.Sum,1,6
Mathlib.Algebra.Order.UpperLower,0,16
Mathlib.Algebra.Order.UpperLower,1,16
Mathlib.Algebra.Order.WithTop.Untop0,0,9
Mathlib.Algebra.Polynomial.Basis,1,1
Mathlib.RingTheory.Derivation.DifferentialRing,0,10
Mathlib.RingTheory.Derivation.DifferentialRing,4,2
Mathlib.RingTheory.Derivation.DifferentialRing,6,2
Mathlib.RingTheory.Derivation.DifferentialRing,1024,2
Mathlib.RingTheory.Derivation.MapCoeffs,0,3
Mathlib.Algebra.Polynomial.Bivariate,0,16
Mathlib.Algebra.Polynomial.Bivariate,1,10
Mathlib.Algebra.Polynomial.Bivariate,2,320
Mathlib.Algebra.Polynomial.Bivariate,1024,2
Mathlib.Algebra.Polynomial.CoeffList,0,14
Mathlib.Algebra.Polynomial.CoeffList,1,1
Mathlib.Algebra.Polynomial.CoeffMem,1,8
Mathlib.Algebra.Polynomial.Degree.CardPowDegree,0,20
Mathlib.Algebra.Polynomial.Degree.IsMonicOfDegree,0,7
Mathlib.Algebra.Polynomial.Degree.IsMonicOfDegree,1,8
Mathlib.Algebra.Polynomial.Degree.IsMonicOfDegree,2,8
Mathlib.Algebra.Polynomial.DenomsClearable,0,3
Mathlib.Algebra.Polynomial.DenomsClearable,1,6
Mathlib.Data.Finsupp.Notation,0,13
Mathlib.Data.Finsupp.Notation,1,10
Mathlib.Data.Finsupp.Notation,2,6
Mathlib.Data.Finsupp.Notation,3,3
Mathlib.Data.Finsupp.Notation,1022,2
Mathlib.Data.Finsupp.Notation,1023,5
Mathlib.Data.Finsupp.Notation,1024,3
Mathlib.Algebra.Polynomial.Homogenize,0,43
Mathlib.Algebra.Polynomial.Homogenize,1,20
Mathlib.Algebra.Polynomial.Homogenize,2,367
Mathlib.Algebra.Polynomial.Mirror,0,4
Mathlib.Algebra.Polynomial.Mirror,1,2
Mathlib.Algebra.Polynomial.Mirror,2,3
Mathlib.Algebra.Polynomial.Module.FiniteDimensional,0,2
Mathlib.Algebra.Polynomial.Module.TensorProduct,0,1
Mathlib.Algebra.Polynomial.Module.TensorProduct,1,1
Mathlib.Data.List.GetD,0,2
Mathlib.Data.List.GetD,1,2
Mathlib.Data.List.ToFinsupp,0,51
Mathlib.Algebra.Polynomial.OfFn,0,30
Mathlib.Algebra.Polynomial.OfFn,1,1
Mathlib.Algebra.Polynomial.RuleOfSigns,0,23
Mathlib.Algebra.Polynomial.RuleOfSigns,1,6
Mathlib.Algebra.Polynomial.Sequence,0,2
Mathlib.Algebra.Polynomial.Sequence,1,1
Mathlib.Algebra.Polynomial.Smeval,0,7
Mathlib.Algebra.Polynomial.Smeval,1,4
Mathlib.Algebra.Polynomial.SpecificDegree,0,2
Mathlib.Algebra.Polynomial.SpecificDegree,1,1
Mathlib.Algebra.Polynomial.SpecificDegree,2,2
Mathlib.Algebra.Polynomial.SpecificDegree,3,3
Mathlib.Algebra.Polynomial.SumIteratedDerivative,0,3
Mathlib.Algebra.Polynomial.SumIteratedDerivative,1,7
Mathlib.Algebra.Polynomial.UnitTrinomial,0,10
Mathlib.Algebra.Polynomial.UnitTrinomial,1,1
Mathlib.Algebra.Polynomial.UnitTrinomial,2,1
Mathlib.Algebra.Polynomial.UnitTrinomial,3,3
Mathlib.Algebra.QuadraticAlgebra.Defs,0,31
Mathlib.Algebra.QuadraticAlgebra.Defs,1,14
Mathlib.Algebra.QuadraticAlgebra.Defs,2,90
Mathlib.Algebra.QuadraticAlgebra.Basic,0,7
Mathlib.Algebra.QuadraticAlgebra.Basic,1,31
Mathlib.Algebra.QuadraticAlgebra.Basic,2,7
Mathlib.Algebra.QuadraticAlgebra.Basic,1024,1
Mathlib.Algebra.Quandle,0,29
Mathlib.Algebra.Quandle,1,73
Mathlib.Algebra.Quandle,2,26
Mathlib.Algebra.Quandle,3,23
Mathlib.Algebra.Quandle,4,12
Mathlib.Algebra.Quandle,5,12
Mathlib.Algebra.Quandle,6,12
Mathlib.Algebra.Quandle,7,12
Mathlib.Algebra.Quandle,8,12
Mathlib.Algebra.Quandle,9,11
Mathlib.Algebra.Quandle,25,2
Mathlib.Algebra.Quandle,26,1
Mathlib.Algebra.Quandle,65,4
Mathlib.Algebra.Quandle,66,2
Mathlib.Algebra.QuaternionBasis,0,61
Mathlib.Algebra.QuaternionBasis,1,147
Mathlib.Algebra.Ring.Action.Pointwise.Finset,0,6
Mathlib.Algebra.Ring.CentroidHom,0,14
Mathlib.Algebra.Ring.CentroidHom,1,8
Mathlib.Algebra.Ring.Identities,2,60
Mathlib.Algebra.Ring.Identities,4,6
Mathlib.Algebra.Ring.Semireal.Defs,0,9
Mathlib.Algebra.Ring.Semireal.Defs,1,12
Mathlib.Algebra.Ring.Subgroup,0,1
Mathlib.Algebra.SkewMonoidAlgebra.Basic,0,50
Mathlib.Algebra.SkewMonoidAlgebra.Basic,1,51
Mathlib.Algebra.SkewMonoidAlgebra.Lift,1,2
Mathlib.Algebra.SkewMonoidAlgebra.Single,0,9
Mathlib.Algebra.SkewMonoidAlgebra.Support,0,9
Mathlib.Algebra.SkewMonoidAlgebra.Support,1,5
Mathlib.Algebra.SkewPolynomial.Basic,0,7
Mathlib.Algebra.SkewPolynomial.Basic,1,4
Mathlib.Algebra.Star.CHSH,1,37
Mathlib.Algebra.Star.CHSH,2,44
Mathlib.Algebra.Star.CHSH,3,1
Mathlib.Algebra.Star.CHSH,4,1
Mathlib.Algebra.Star.NonUnitalSubsemiring,0,3
Mathlib.Algebra.Star.NonUnitalSubsemiring,1,2
Mathlib.Algebra.Star.Subsemiring,0,2
Mathlib.Algebra.Star.Subsemiring,1,2
Mathlib.Algebra.Star.CentroidHom,1,2
Mathlib.Algebra.Star.Free,1,2
Mathlib.Algebra.WithConv,0,9
Mathlib.Algebra.WithConv,1,1
Mathlib.Algebra.Star.LinearMap,0,2
Mathlib.Algebra.Symmetrized,0,18
Mathlib.Algebra.Symmetrized,1,18
Mathlib.Algebra.Symmetrized,2,35
Mathlib.Algebra.Symmetrized,1024,2
Mathlib.Algebra.Tropical.Basic,0,18
Mathlib.Algebra.Tropical.Basic,1,4
Mathlib.Algebra.Vertex.VertexOperator,0,4
Mathlib.Algebra.Vertex.VertexOperator,1,6
Mathlib.Algebra.Vertex.VertexOperator,1022,1
Mathlib.Geometry.RingedSpace.PresheafedSpace,0,2
Mathlib.Geometry.RingedSpace.PresheafedSpace,1,2
Mathlib.Geometry.RingedSpace.SheafedSpace,0,1
Mathlib.Geometry.RingedSpace.SheafedSpace,1,1
Mathlib.Geometry.RingedSpace.Basic,0,5
Mathlib.Geometry.RingedSpace.LocallyRingedSpace,0,4
Mathlib.Geometry.RingedSpace.LocallyRingedSpace,1,2
Mathlib.Topology.Sheaves.LocalPredicate,0,2
Mathlib.Topology.Sheaves.LocalPredicate,1,2
Mathlib.AlgebraicGeometry.StructureSheaf,0,2
Mathlib.AlgebraicGeometry.StructureSheaf,1,9
Mathlib.AlgebraicGeometry.Scheme,0,13
Mathlib.AlgebraicGeometry.Scheme,1,9
Mathlib.AlgebraicGeometry.Scheme,2,6
Mathlib.AlgebraicGeometry.Scheme,3,12
Mathlib.AlgebraicGeometry.Scheme,4,4
Mathlib.AlgebraicGeometry.Scheme,5,7
Mathlib.AlgebraicGeometry.Scheme,6,2
Mathlib.AlgebraicGeometry.Scheme,8,2
Mathlib.AlgebraicGeometry.Scheme,9,4
Mathlib.AlgebraicGeometry.Scheme,90,2
Mathlib.AlgebraicGeometry.Scheme,91,1
Mathlib.AlgebraicGeometry.Scheme,1024,2
Mathlib.AlgebraicGeometry.OpenImmersion,90,2
Mathlib.AlgebraicGeometry.OpenImmersion,91,1
Mathlib.AlgebraicGeometry.Cover.MorphismProperty,0,1
Mathlib.AlgebraicGeometry.Cover.MorphismProperty,1,1
Mathlib.AlgebraicGeometry.Cover.Open,0,2
Mathlib.CategoryTheory.Comma.Over.OverClass,0,2
Mathlib.CategoryTheory.Comma.Over.OverClass,90,3
Mathlib.AlgebraicGeometry.Restrict,85,2
Mathlib.AlgebraicGeometry.Restrict,86,1
Mathlib.GroupTheory.Submonoid.Inverses,0,24
Mathlib.GroupTheory.Submonoid.Inverses,1,24
Mathlib.RingTheory.Localization.InvSubmonoid,1,5
Mathlib.Topology.Category.TopCommRingCat,0,1
Mathlib.Topology.Category.TopCommRingCat,1,1
Mathlib.Topology.Sheaves.CommRingCat,0,2
Mathlib.Topology.Sheaves.CommRingCat,1,2
Mathlib.AlgebraicGeometry.AffineScheme,0,4
Mathlib.CategoryTheory.GlueData,0,2
Mathlib.CategoryTheory.GlueData,1,2
Mathlib.Topology.Gluing,0,2
Mathlib.Topology.Gluing,1,2
Mathlib.Geometry.RingedSpace.PresheafedSpace.Gluing,0,3
Mathlib.Geometry.RingedSpace.PresheafedSpace.Gluing,1,3
Mathlib.AlgebraicGeometry.Gluing,0,1
Mathlib.AlgebraicGeometry.Gluing,1,1
Mathlib.CategoryTheory.Limits.Constructions.ZeroObjects,0,236
Mathlib.RingTheory.Localization.Away.Lemmas,1,3
Mathlib.AlgebraicGeometry.Morphisms.QuasiCompact,0,4
Mathlib.AlgebraicGeometry.Morphisms.QuasiSeparated,0,4
Mathlib.RingTheory.Jacobson.Ring,0,3
Mathlib.RingTheory.KrullDimension.Zero,0,24
Mathlib.AlgebraicGeometry.Properties,0,2
Mathlib.AlgebraicGeometry.IdealSheaf.Basic,0,5
Mathlib.AlgebraicGeometry.IdealSheaf.Basic,1,3
Mathlib.Geometry.RingedSpace.LocallyRingedSpace.ResidueField,0,5
Mathlib.AlgebraicGeometry.ResidueField,0,3
Mathlib.AlgebraicGeometry.PullbackCarrier,0,1
Mathlib.AlgebraicGeometry.PullbackCarrier,1,1
Mathlib.RingTheory.Spectrum.Prime.Noetherian,0,1
Mathlib.RingTheory.Localization.Away.AdjoinRoot,1,29
Mathlib.RingTheory.Spectrum.Prime.ConstructibleSet,0,1
Mathlib.RingTheory.Spectrum.Prime.ConstructibleSet,1,1
Mathlib.LinearAlgebra.Charpoly.BaseChange,0,1
Mathlib.LinearAlgebra.Charpoly.BaseChange,1,1
Mathlib.RingTheory.Spectrum.Prime.ChevalleyComplexity,0,7
Mathlib.RingTheory.Spectrum.Prime.ChevalleyComplexity,1,19
Mathlib.AlgebraicGeometry.AffineSpace,0,2
Mathlib.AlgebraicGeometry.AffineSpace,1024,1
Mathlib.AlgebraicGeometry.AffineTransitionLimit,0,7
Mathlib.AlgebraicGeometry.AffineTransitionLimit,1,1
Mathlib.RingTheory.HopkinsLevitzki,0,3
Mathlib.AlgebraicGeometry.Artinian,0,1
Mathlib.AlgebraicGeometry.Cover.Directed,0,1
Mathlib.AlgebraicGeometry.RelativeGluing,0,1
Mathlib.AlgebraicGeometry.RelativeGluing,1,1
Mathlib.AlgebraicGeometry.ColimitsOver,0,1
Mathlib.AlgebraicGeometry.ColimitsOver,1,1
Mathlib.AlgebraicGeometry.Cover.Over,0,1
Mathlib.AlgebraicGeometry.EllipticCurve.Weierstrass,0,27
Mathlib.AlgebraicGeometry.EllipticCurve.Weierstrass,1,2
Mathlib.AlgebraicGeometry.EllipticCurve.Weierstrass,2,60
Mathlib.AlgebraicGeometry.EllipticCurve.Weierstrass,3,30
Mathlib.AlgebraicGeometry.EllipticCurve.Weierstrass,4,12
Mathlib.AlgebraicGeometry.EllipticCurve.Weierstrass,6,3
Mathlib.AlgebraicGeometry.EllipticCurve.Weierstrass,8,3
Mathlib.AlgebraicGeometry.EllipticCurve.Weierstrass,9,2
Mathlib.AlgebraicGeometry.EllipticCurve.Weierstrass,12,2
Mathlib.AlgebraicGeometry.EllipticCurve.Weierstrass,16,2
Mathlib.AlgebraicGeometry.EllipticCurve.Weierstrass,24,2
Mathlib.AlgebraicGeometry.EllipticCurve.Weierstrass,27,2
Mathlib.AlgebraicGeometry.EllipticCurve.Weierstrass,36,2
Mathlib.AlgebraicGeometry.EllipticCurve.Weierstrass,216,2
Mathlib.AlgebraicGeometry.EllipticCurve.Weierstrass,1728,1
Mathlib.AlgebraicGeometry.EllipticCurve.VariableChange,0,7
Mathlib.AlgebraicGeometry.EllipticCurve.VariableChange,1,4
Mathlib.AlgebraicGeometry.EllipticCurve.VariableChange,2,38
Mathlib.AlgebraicGeometry.EllipticCurve.VariableChange,3,21
Mathlib.AlgebraicGeometry.EllipticCurve.VariableChange,4,7
Mathlib.AlgebraicGeometry.EllipticCurve.VariableChange,6,6
Mathlib.AlgebraicGeometry.EllipticCurve.VariableChange,8,1
Mathlib.AlgebraicGeometry.EllipticCurve.VariableChange,12,6
Mathlib.AlgebraicGeometry.EllipticCurve.Affine.Basic,0,34
Mathlib.AlgebraicGeometry.EllipticCurve.Affine.Basic,1,4
Mathlib.AlgebraicGeometry.EllipticCurve.Affine.Basic,2,26
Mathlib.AlgebraicGeometry.EllipticCurve.Affine.Basic,3,10
Mathlib.AlgebraicGeometry.EllipticCurve.Affine.Formula,0,6
Mathlib.AlgebraicGeometry.EllipticCurve.Affine.Formula,1,1
Mathlib.AlgebraicGeometry.EllipticCurve.Affine.Formula,2,19
Mathlib.AlgebraicGeometry.EllipticCurve.Affine.Formula,3,4
Mathlib.LinearAlgebra.FreeModule.Norm,0,5
Mathlib.RingTheory.ClassGroup,0,11
Mathlib.RingTheory.ClassGroup,1,7
Mathlib.RingTheory.UniqueFactorizationDomain.Finite,0,2
Mathlib.RingTheory.Polynomial.UniqueFactorization,0,6
Mathlib.AlgebraicGeometry.EllipticCurve.Affine.Point,0,38
Mathlib.AlgebraicGeometry.EllipticCurve.Affine.Point,1,24
Mathlib.AlgebraicGeometry.EllipticCurve.Affine.Point,2,39
Mathlib.AlgebraicGeometry.EllipticCurve.Affine.Point,3,3
Mathlib.AlgebraicGeometry.EllipticCurve.Affine.Point,1024,1
Mathlib.Data.Nat.EvenOddRec,0,11
Mathlib.Data.Nat.EvenOddRec,1,35
Mathlib.Data.Nat.EvenOddRec,2,73
Mathlib.NumberTheory.EllipticDivisibilitySequence,0,40
Mathlib.NumberTheory.EllipticDivisibilitySequence,1,294
Mathlib.NumberTheory.EllipticDivisibilitySequence,2,310
Mathlib.NumberTheory.EllipticDivisibilitySequence,3,50
Mathlib.NumberTheory.EllipticDivisibilitySequence,4,42
Mathlib.NumberTheory.EllipticDivisibilitySequence,5,87
Mathlib.NumberTheory.EllipticDivisibilitySequence,6,1
Mathlib.AlgebraicGeometry.EllipticCurve.DivisionPolynomial.Basic,0,12
Mathlib.AlgebraicGeometry.EllipticCurve.DivisionPolynomial.Basic,1,67
Mathlib.AlgebraicGeometry.EllipticCurve.DivisionPolynomial.Basic,2,91
Mathlib.AlgebraicGeometry.EllipticCurve.DivisionPolynomial.Basic,3,36
Mathlib.AlgebraicGeometry.EllipticCurve.DivisionPolynomial.Basic,4,20
Mathlib.AlgebraicGeometry.EllipticCurve.DivisionPolynomial.Basic,5,5
Mathlib.AlgebraicGeometry.EllipticCurve.DivisionPolynomial.Basic,6,2
Mathlib.AlgebraicGeometry.EllipticCurve.DivisionPolynomial.Basic,8,1
Mathlib.AlgebraicGeometry.EllipticCurve.DivisionPolynomial.Basic,10,4
Mathlib.AlgebraicGeometry.EllipticCurve.DivisionPolynomial.Basic,16,1
Mathlib.AlgebraicGeometry.EllipticCurve.DivisionPolynomial.Degree,0,52
Mathlib.AlgebraicGeometry.EllipticCurve.DivisionPolynomial.Degree,1,15
Mathlib.AlgebraicGeometry.EllipticCurve.DivisionPolynomial.Degree,2,39
Mathlib.AlgebraicGeometry.EllipticCurve.DivisionPolynomial.Degree,3,11
Mathlib.AlgebraicGeometry.EllipticCurve.DivisionPolynomial.Degree,4,19
Mathlib.AlgebraicGeometry.EllipticCurve.DivisionPolynomial.Degree,6,4
Mathlib.AlgebraicGeometry.EllipticCurve.NormalForms,0,167
Mathlib.AlgebraicGeometry.EllipticCurve.NormalForms,1,25
Mathlib.AlgebraicGeometry.EllipticCurve.NormalForms,2,67
Mathlib.AlgebraicGeometry.EllipticCurve.NormalForms,3,52
Mathlib.AlgebraicGeometry.EllipticCurve.NormalForms,4,13
Mathlib.AlgebraicGeometry.EllipticCurve.NormalForms,16,4
Mathlib.AlgebraicGeometry.EllipticCurve.NormalForms,27,4
Mathlib.AlgebraicGeometry.EllipticCurve.NormalForms,48,3
Mathlib.AlgebraicGeometry.EllipticCurve.NormalForms,64,7
Mathlib.AlgebraicGeometry.EllipticCurve.NormalForms,216,1
Mathlib.AlgebraicGeometry.EllipticCurve.NormalForms,288,2
Mathlib.AlgebraicGeometry.EllipticCurve.NormalForms,432,2
Mathlib.AlgebraicGeometry.EllipticCurve.NormalForms,864,4
Mathlib.AlgebraicGeometry.EllipticCurve.NormalForms,6912,1
Mathlib.AlgebraicGeometry.EllipticCurve.NormalForms,110592,1
Mathlib.GroupTheory.Solvable,0,4
Mathlib.GroupTheory.Solvable,1,3
Mathlib.GroupTheory.Solvable,5,3
Mathlib.FieldTheory.Normal.Basic,0,2
Mathlib.GroupTheory.GroupAction.FixedPoints,0,3
Mathlib.GroupTheory.GroupAction.FixedPoints,1,5
Mathlib.FieldTheory.IsSepClosed,0,15
Mathlib.FieldTheory.IsSepClosed,1,1
Mathlib.FieldTheory.IsSepClosed,2,3
Mathlib.Tactic.Ring.NamePolyVars,0,4
Mathlib.Tactic.Ring.NamePolyVars,1,3
Mathlib.Tactic.Ring.NamePolyVars,2,1
Mathlib.Tactic.Ring.NamePolyVars,3,1
Mathlib.Tactic.Ring.NamePolyVars,1022,1
Mathlib.AlgebraicGeometry.EllipticCurve.Jacobian.Basic,0,149
Mathlib.AlgebraicGeometry.EllipticCurve.Jacobian.Basic,1,75
Mathlib.AlgebraicGeometry.EllipticCurve.Jacobian.Basic,2,190
Mathlib.AlgebraicGeometry.EllipticCurve.Jacobian.Basic,3,1926
Mathlib.AlgebraicGeometry.EllipticCurve.Jacobian.Basic,4,11
Mathlib.AlgebraicGeometry.EllipticCurve.Jacobian.Basic,5,3
Mathlib.AlgebraicGeometry.EllipticCurve.Jacobian.Basic,6,9
Mathlib.AlgebraicGeometry.EllipticCurve.Jacobian.Formula,0,348
Mathlib.AlgebraicGeometry.EllipticCurve.Jacobian.Formula,1,214
Mathlib.AlgebraicGeometry.EllipticCurve.Jacobian.Formula,2,741
Mathlib.AlgebraicGeometry.EllipticCurve.Jacobian.Formula,3,604
Mathlib.AlgebraicGeometry.EllipticCurve.Jacobian.Formula,4,31
Mathlib.AlgebraicGeometry.EllipticCurve.Jacobian.Formula,6,12
Mathlib.AlgebraicGeometry.EllipticCurve.Jacobian.Point,0,207
Mathlib.AlgebraicGeometry.EllipticCurve.Jacobian.Point,1,89
Mathlib.AlgebraicGeometry.EllipticCurve.Jacobian.Point,2,194
Mathlib.AlgebraicGeometry.EllipticCurve.Jacobian.Point,3,354
Mathlib.AlgebraicGeometry.EllipticCurve.Jacobian.Point,4,1
Mathlib.AlgebraicGeometry.EllipticCurve.ModelsWithJ,0,40
Mathlib.AlgebraicGeometry.EllipticCurve.ModelsWithJ,1,4
Mathlib.AlgebraicGeometry.EllipticCurve.ModelsWithJ,2,6
Mathlib.AlgebraicGeometry.EllipticCurve.ModelsWithJ,3,12
Mathlib.AlgebraicGeometry.EllipticCurve.ModelsWithJ,5,2
Mathlib.AlgebraicGeometry.EllipticCurve.ModelsWithJ,9,1
Mathlib.AlgebraicGeometry.EllipticCurve.ModelsWithJ,27,1
Mathlib.AlgebraicGeometry.EllipticCurve.ModelsWithJ,36,2
Mathlib.AlgebraicGeometry.EllipticCurve.ModelsWithJ,37,1
Mathlib.AlgebraicGeometry.EllipticCurve.ModelsWithJ,48,1
Mathlib.AlgebraicGeometry.EllipticCurve.ModelsWithJ,64,1
Mathlib.AlgebraicGeometry.EllipticCurve.ModelsWithJ,1728,19
Mathlib.AlgebraicGeometry.EllipticCurve.Projective.Basic,0,150
Mathlib.AlgebraicGeometry.EllipticCurve.Projective.Basic,1,71
Mathlib.AlgebraicGeometry.EllipticCurve.Projective.Basic,2,186
Mathlib.AlgebraicGeometry.EllipticCurve.Projective.Basic,3,1932
Mathlib.AlgebraicGeometry.EllipticCurve.Projective.Formula,0,601
Mathlib.AlgebraicGeometry.EllipticCurve.Projective.Formula,1,381
Mathlib.AlgebraicGeometry.EllipticCurve.Projective.Formula,2,1278
Mathlib.AlgebraicGeometry.EllipticCurve.Projective.Formula,3,755
Mathlib.AlgebraicGeometry.EllipticCurve.Projective.Formula,4,55
Mathlib.AlgebraicGeometry.EllipticCurve.Projective.Formula,6,20
Mathlib.AlgebraicGeometry.EllipticCurve.Projective.Formula,8,16
Mathlib.AlgebraicGeometry.EllipticCurve.Projective.Formula,9,24
Mathlib.AlgebraicGeometry.EllipticCurve.Projective.Formula,12,14
Mathlib.AlgebraicGeometry.EllipticCurve.Projective.Formula,18,4
Mathlib.AlgebraicGeometry.EllipticCurve.Projective.Formula,27,4
Mathlib.AlgebraicGeometry.EllipticCurve.Projective.Point,0,217
Mathlib.AlgebraicGeometry.EllipticCurve.Projective.Point,1,80
Mathlib.AlgebraicGeometry.EllipticCurve.Projective.Point,2,147
Mathlib.AlgebraicGeometry.EllipticCurve.Projective.Point,3,434
Mathlib.AlgebraicGeometry.EllipticCurve.Projective.Point,4,2
Mathlib.Data.Int.WithZero,0,27
Mathlib.Data.Int.WithZero,1,13
Mathlib.Topology.Algebra.OpenSubgroup,0,16
Mathlib.Topology.Algebra.OpenSubgroup,1,16
Mathlib.Topology.Algebra.Nonarchimedean.Basic,0,18
Mathlib.Topology.Algebra.Nonarchimedean.Basic,1,10
Mathlib.Topology.Algebra.Nonarchimedean.Bases,0,10
Mathlib.Topology.Algebra.Valued.ValuationTopology,0,30
Mathlib.Topology.Algebra.Valued.ValuationTopology,1,2
Mathlib.Topology.Algebra.WithZeroTopology,0,24
Mathlib.Topology.Algebra.GroupCompletion,0,7
Mathlib.Topology.Algebra.UniformRing,1,5
Mathlib.Topology.Algebra.UniformField,0,15
Mathlib.Topology.Algebra.UniformField,1,1
Mathlib.Topology.Algebra.Valued.ValuedField,0,11
Mathlib.Topology.Algebra.Valued.ValuedField,1024,3
Mathlib.RingTheory.Valuation.ValuativeRel.Basic,0,147
Mathlib.RingTheory.Valuation.ValuativeRel.Basic,1,106
Mathlib.RingTheory.Valuation.ValuativeRel.Basic,50,3
Mathlib.RingTheory.Valuation.ValuativeRel.Basic,51,6
Mathlib.LinearAlgebra.BilinearForm.DualLattice,1,5
Mathlib.RingTheory.Polynomial.GaussLemma,0,1
Mathlib.FieldTheory.Minpoly.IsIntegrallyClosed,0,12
Mathlib.FieldTheory.Minpoly.MinpolyDiv,0,9
Mathlib.FieldTheory.Minpoly.MinpolyDiv,1,4
Mathlib.RingTheory.AlgebraicIndependent.Defs,0,4
Mathlib.Combinatorics.Matroid.Basic,0,2
Mathlib.Combinatorics.Matroid.Basic,1,1
Mathlib.Combinatorics.Matroid.Basic,1022,1
Mathlib.Combinatorics.Matroid.IndepAxioms,0,1
Mathlib.Combinatorics.Matroid.IndepAxioms,1,1
Mathlib.Combinatorics.Matroid.Dual,1024,2
Mathlib.Combinatorics.Matroid.Minor.Restrict,0,1
Mathlib.Combinatorics.Matroid.Minor.Restrict,1,1
Mathlib.Combinatorics.Matroid.Minor.Restrict,50,2
Mathlib.Combinatorics.Matroid.Minor.Restrict,51,4
Mathlib.Combinatorics.Matroid.Minor.Restrict,65,2
Mathlib.Combinatorics.Matroid.Minor.Restrict,66,1
Mathlib.Combinatorics.Matroid.Loop,1,1
Mathlib.Combinatorics.Matroid.Rank.ENat,0,13
Mathlib.Combinatorics.Matroid.Rank.ENat,1,11
Mathlib.RingTheory.AlgebraicIndependent.Basic,0,6
Mathlib.RingTheory.AlgebraicIndependent.Basic,1,1
Mathlib.RingTheory.AlgebraicIndependent.Transcendental,0,6
Mathlib.RingTheory.AlgebraicIndependent.TranscendenceBasis,1,1
Mathlib.RingTheory.Polynomial.SeparableDegree,1,2
Mathlib.FieldTheory.SeparableDegree,0,40
Mathlib.FieldTheory.SeparableDegree,1,23
Mathlib.FieldTheory.SeparableClosure,1,8
Mathlib.FieldTheory.PurelyInseparable.Basic,0,1
Mathlib.FieldTheory.PurelyInseparable.Basic,1,7
Mathlib.Data.Nat.Factorial.SuperFactorial,0,5
Mathlib.Data.Nat.Factorial.SuperFactorial,1,12
Mathlib.Data.Nat.Factorial.SuperFactorial,2,11
Mathlib.Data.Nat.Factorial.SuperFactorial,4,1
Mathlib.Data.Nat.Factorial.SuperFactorial,60,1
Mathlib.Data.Nat.Factorial.SuperFactorial,1022,1
Mathlib.LinearAlgebra.Vandermonde,0,12
Mathlib.LinearAlgebra.Vandermonde,1,55
Mathlib.LinearAlgebra.Matrix.BilinearForm,0,4
Mathlib.LinearAlgebra.Matrix.BilinearForm,1,8
Mathlib.RingTheory.Trace.Defs,0,1
Mathlib.RingTheory.Trace.Basic,0,9
Mathlib.RingTheory.Trace.Basic,1,3
Mathlib.RingTheory.DedekindDomain.IntegralClosure,0,1
Mathlib.NumberTheory.NumberField.Basic,0,6
Mathlib.NumberTheory.NumberField.Basic,1,2
Mathlib.NumberTheory.NumberField.Basic,1024,1
Mathlib.Topology.Algebra.Valued.WithVal,0,17
Mathlib.Topology.Algebra.Valued.WithVal,1,2
Mathlib.RingTheory.DedekindDomain.AdicValuation,0,25
Mathlib.RingTheory.DedekindDomain.AdicValuation,1,50
Mathlib.RingTheory.Valuation.Discrete.Basic,0,8
Mathlib.RingTheory.Valuation.Discrete.Basic,1,15
Mathlib.GroupTheory.ArchimedeanDensely,0,31
Mathlib.GroupTheory.ArchimedeanDensely,1,47
Mathlib.GroupTheory.ArchimedeanDensely,2,1
Mathlib.AlgebraicGeometry.EllipticCurve.Reduction,1,46
Mathlib.CategoryTheory.Limits.Types.Multiequalizer,0,1
Mathlib.CategoryTheory.Limits.Types.Multiequalizer,1,1
Mathlib.RingTheory.Smooth.Kaehler,1,8
Mathlib.RingTheory.Smooth.Kaehler,2,15957
Mathlib.RingTheory.Unramified.Basic,2,3
Mathlib.RingTheory.Smooth.Basic,2,23
Mathlib.RingTheory.Etale.Basic,2,2
Mathlib.RingTheory.Kaehler.JacobiZariski,0,2
Mathlib.RingTheory.Kaehler.JacobiZariski,1,3
Mathlib.RingTheory.Etale.Kaehler,1,5
Mathlib.LinearAlgebra.TensorProduct.Vanishing,0,10
Mathlib.RingTheory.Flat.EquationalCriterion,0,17
Mathlib.RingTheory.Ideal.Quotient.ChineseRemainder,1,3
Mathlib.RingTheory.Support,0,2
Mathlib.RingTheory.LocalRing.Module,1,6
Mathlib.Topology.LocallyConstant.Basic,0,10
Mathlib.Topology.LocallyConstant.Basic,1,7
Mathlib.Topology.LocallyConstant.Basic,2,48
Mathlib.RingTheory.Spectrum.Prime.FreeLocus,0,5
Mathlib.RingTheory.Spectrum.Prime.FreeLocus,1,1
Mathlib.RingTheory.LocalRing.ResidueField.Fiber,0,3
Mathlib.RingTheory.LocalRing.ResidueField.Fiber,1,2
Mathlib.LinearAlgebra.Basis.Exact,0,6
Mathlib.RingTheory.Extension.Presentation.Submersive,0,2
Mathlib.RingTheory.Extension.Presentation.Submersive,1,14
Mathlib.RingTheory.Smooth.StandardSmooth,0,4
Mathlib.RingTheory.Smooth.StandardSmoothCotangent,0,9
Mathlib.RingTheory.Smooth.StandardSmoothCotangent,1,2
Mathlib.RingTheory.Extension.Cotangent.LocalizationAway,0,3
Mathlib.RingTheory.Extension.Cotangent.LocalizationAway,1,2
Mathlib.RingTheory.Extension.Cotangent.LocalizationAway,2,2758
Mathlib.RingTheory.Smooth.StandardSmoothOfFree,0,1
Mathlib.RingTheory.RingHom.StandardSmooth,0,4
Mathlib.RingTheory.RingHom.LocallyStandardSmooth,0,1
Mathlib.RingTheory.AdicCompletion.Algebra,1,71
Mathlib.RingTheory.AdicCompletion.Functoriality,0,4
Mathlib.RingTheory.AdicCompletion.Functoriality,1,14
Mathlib.RingTheory.AdicCompletion.Exactness,1,2
Mathlib.RingTheory.AdicCompletion.AsTensorProduct,1,1
Mathlib.RingTheory.Extension.Presentation.Core,0,1
Mathlib.RingTheory.Extension.Presentation.Core,1,7
Mathlib.RingTheory.Unramified.Finite,0,3
Mathlib.RingTheory.Unramified.Finite,1,12
Mathlib.RingTheory.Unramified.Field,2,1
Mathlib.FieldTheory.SeparablyGenerated,0,17
Mathlib.AlgebraicGeometry.Morphisms.Smooth,0,5
Mathlib.Tactic.CategoryTheory.BicategoricalComp,0,1
Mathlib.Tactic.CategoryTheory.BicategoricalComp,80,4
Mathlib.Tactic.CategoryTheory.BicategoricalComp,81,2
Mathlib.Tactic.CategoryTheory.BicategoricalComp,1024,1
Mathlib.Tactic.CategoryTheory.Bicategory.Datatypes,0,16
Mathlib.Tactic.CategoryTheory.Bicategory.Datatypes,1,17
Mathlib.Tactic.CategoryTheory.Bicategory.Datatypes,2,21
Mathlib.Tactic.CategoryTheory.Bicategory.Datatypes,3,15
Mathlib.Tactic.CategoryTheory.Bicategory.Datatypes,4,15
Mathlib.Tactic.CategoryTheory.Bicategory.Datatypes,5,15
Mathlib.Tactic.CategoryTheory.Bicategory.Datatypes,6,15
Mathlib.Tactic.CategoryTheory.Bicategory.Datatypes,7,137
Mathlib.Tactic.CategoryTheory.Bicategory.PureCoherence,1024,1
Mathlib.Tactic.CategoryTheory.Bicategory.Basic,1024,2
Mathlib.CategoryTheory.Bicategory.Adjunction.Basic,0,4
Mathlib.CategoryTheory.Bicategory.Adjunction.Basic,1,4
Mathlib.CategoryTheory.Bicategory.Adjunction.Basic,10,2
Mathlib.CategoryTheory.Bicategory.Adjunction.Basic,11,1
Mathlib.CategoryTheory.Bicategory.Adjunction.Basic,15,2
Mathlib.CategoryTheory.Bicategory.Adjunction.Basic,16,1
Mathlib.CategoryTheory.Bicategory.Adjunction.Adj,0,3
Mathlib.CategoryTheory.Bicategory.Adjunction.Adj,1,3
Mathlib.AlgebraicGeometry.Modules.Sheaf,0,4
Mathlib.AlgebraicGeometry.Modules.Sheaf,1024,1
Mathlib.CategoryTheory.Limits.ConcreteCategory.WithAlgebraicStructures,0,6
Mathlib.AlgebraicGeometry.Modules.Tilde,0,3
Mathlib.AlgebraicGeometry.Morphisms.Etale,0,3
Mathlib.RingTheory.Jacobson.Artinian,0,1
Mathlib.RingTheory.Algebraic.StronglyTranscendental,0,4
Mathlib.RingTheory.IntegralClosure.Algebra.Ideal,0,3
Mathlib.RingTheory.Polynomial.IsIntegral,0,1
Mathlib.FieldTheory.RatFunc.Defs,0,26
Mathlib.FieldTheory.RatFunc.Defs,1,4
Mathlib.FieldTheory.RatFunc.Basic,0,50
Mathlib.FieldTheory.RatFunc.Basic,1,17
Mathlib.FieldTheory.RatFunc.Basic,1024,2
Mathlib.FieldTheory.RatFunc.AsPolynomial,0,25
Mathlib.FieldTheory.RatFunc.AsPolynomial,1,16
Mathlib.RingTheory.LocalRing.ResidueField.Polynomial,1,2
Mathlib.RingTheory.Etale.StandardEtale,0,8
Mathlib.RingTheory.Etale.StandardEtale,1,294
Mathlib.RingTheory.Etale.StandardEtale,2,7328
Mathlib.RingTheory.Smooth.IntegralClosure,1,1
Mathlib.RingTheory.GradedAlgebra.Homogeneous.Submodule,0,1
Mathlib.RingTheory.GradedAlgebra.Homogeneous.Submodule,1,1
Mathlib.RingTheory.GradedAlgebra.Homogeneous.Ideal,0,16
Mathlib.AlgebraicGeometry.ProjectiveSpectrum.Topology,0,5
Mathlib.AlgebraicGeometry.ProjectiveSpectrum.Topology,1,4
Mathlib.RingTheory.GradedAlgebra.FiniteType,0,41
Mathlib.RingTheory.GradedAlgebra.HomogeneousLocalization,0,169
Mathlib.RingTheory.GradedAlgebra.HomogeneousLocalization,1,22
Mathlib.AlgebraicGeometry.ProjectiveSpectrum.StructureSheaf,0,3
Mathlib.AlgebraicGeometry.ProjectiveSpectrum.StructureSheaf,1,3
Mathlib.AlgebraicGeometry.ProjectiveSpectrum.Scheme,0,37
Mathlib.AlgebraicGeometry.ProjectiveSpectrum.Scheme,1022,1
Mathlib.AlgebraicGeometry.ProjectiveSpectrum.Scheme,1024,1
Mathlib.AlgebraicGeometry.ProjectiveSpectrum.Basic,0,179
Mathlib.AlgebraicGeometry.ProjectiveSpectrum.Basic,1,25
Mathlib.RingTheory.LocalRing.LocalSubring,0,1
Mathlib.RingTheory.LocalRing.LocalSubring,1,1
Mathlib.RingTheory.Valuation.Integral,1,1
Mathlib.AlgebraicGeometry.ValuativeCriterion,0,1
Mathlib.AlgebraicGeometry.ValuativeCriterion,1,1
Mathlib.AlgebraicGeometry.ProjectiveSpectrum.Proper,0,100
Mathlib.AlgebraicGeometry.SpreadingOut,0,2
Mathlib.AlgebraicGeometry.RationalMap,0,1
Mathlib.AlgebraicGeometry.RationalMap,1,1
Mathlib.AlgebraicGeometry.RationalMap,10,1
Mathlib.AlgebraicGeometry.RationalMap,11,2
Mathlib.CategoryTheory.Sites.Point.Basic,0,1
Mathlib.CategoryTheory.Sites.Point.Basic,1,1
Mathlib.CategoryTheory.Sites.Hypercover.ZeroFamily,0,1
Mathlib.CategoryTheory.Sites.Hypercover.ZeroFamily,1,1
Mathlib.RingTheory.Polynomial.UniversalFactorizationRing,0,492
Mathlib.RingTheory.Polynomial.UniversalFactorizationRing,1,512
Mathlib.RingTheory.Etale.QuasiFinite,1,1
Mathlib.AlgebraicTopology.DoldKan.Notations,0,2
Mathlib.AlgebraicTopology.DoldKan.Notations,1024,2
Mathlib.AlgebraicTopology.DoldKan.Homotopies,0,9
Mathlib.AlgebraicTopology.DoldKan.Homotopies,1,50
Mathlib.AlgebraicTopology.DoldKan.Faces,0,6
Mathlib.AlgebraicTopology.DoldKan.Faces,1,44
Mathlib.AlgebraicTopology.DoldKan.Faces,2,9
Mathlib.AlgebraicTopology.DoldKan.Projections,0,14
Mathlib.AlgebraicTopology.DoldKan.Projections,1,21
Mathlib.AlgebraicTopology.DoldKan.PInfty,0,16
Mathlib.AlgebraicTopology.DoldKan.PInfty,1,2
Mathlib.AlgebraicTopology.DoldKan.Decomposition,0,1
Mathlib.AlgebraicTopology.DoldKan.Decomposition,1,192
Mathlib.AlgebraicTopology.DoldKan.Degeneracies,0,5
Mathlib.AlgebraicTopology.DoldKan.Degeneracies,1,28
Mathlib.AlgebraicTopology.SimplicialObject.Split,0,3
Mathlib.AlgebraicTopology.SimplicialObject.Split,1,44
Mathlib.AlgebraicTopology.DoldKan.FunctorGamma,0,8
Mathlib.AlgebraicTopology.DoldKan.FunctorGamma,1,32
Mathlib.AlgebraicTopology.DoldKan.FunctorGamma,2,2
Mathlib.AlgebraicTopology.DoldKan.FunctorN,0,1
Mathlib.AlgebraicTopology.DoldKan.FunctorN,1,17
Mathlib.AlgebraicTopology.DoldKan.FunctorN,2,5
Mathlib.AlgebraicTopology.DoldKan.SplitSimplicialObject,0,10
Mathlib.AlgebraicTopology.DoldKan.SplitSimplicialObject,1,29
Mathlib.AlgebraicTopology.DoldKan.NReflectsIso,1,6
Mathlib.AlgebraicTopology.DoldKan.NCompGamma,0,1
Mathlib.AlgebraicTopology.DoldKan.Normalized,0,8
Mathlib.AlgebraicTopology.DoldKan.Normalized,1,12
Mathlib.AlgebraicTopology.DoldKan.HomotopyEquivalence,0,23
Mathlib.AlgebraicTopology.DoldKan.HomotopyEquivalence,1,15
Mathlib.Topology.Homotopy.Basic,0,65
Mathlib.Topology.Homotopy.Basic,1,113
Mathlib.Topology.Homotopy.Basic,2,59
Mathlib.Topology.Homotopy.Path,0,56
Mathlib.Topology.Homotopy.Path,1,90
Mathlib.Topology.Homotopy.Path,2,41
Mathlib.AlgebraicTopology.FundamentalGroupoid.Basic,0,10
Mathlib.AlgebraicTopology.FundamentalGroupoid.Basic,1,34
Mathlib.AlgebraicTopology.FundamentalGroupoid.Basic,2,24
Mathlib.AlgebraicTopology.FundamentalGroupoid.Basic,4,6
Mathlib.AlgebraicTopology.FundamentalGroupoid.Basic,1024,3
Mathlib.Topology.Homotopy.Equiv,0,1
Mathlib.Topology.Homotopy.Equiv,1,1
Mathlib.Topology.Homotopy.Equiv,25,2
Mathlib.Topology.Homotopy.Equiv,26,1
Mathlib.Topology.Homotopy.Product,0,2
Mathlib.Topology.Homotopy.Product,1,2
Mathlib.AlgebraicTopology.FundamentalGroupoid.InducedMaps,0,30
Mathlib.AlgebraicTopology.FundamentalGroupoid.InducedMaps,1,29
Mathlib.AlgebraicTopology.FundamentalGroupoid.SimplyConnected,0,2
Mathlib.AlgebraicTopology.FundamentalGroupoid.SimplyConnected,1,1
Mathlib.AlgebraicTopology.ModelCategory.CategoryWithCofibrations,0,3
Mathlib.AlgebraicTopology.ModelCategory.Basic,0,1
Mathlib.AlgebraicTopology.ModelCategory.BrownLemma,0,2
Mathlib.AlgebraicTopology.ModelCategory.BrownLemma,1,2
Mathlib.AlgebraicTopology.ModelCategory.Cylinder,0,2
Mathlib.AlgebraicTopology.ModelCategory.Cylinder,1,2
Mathlib.AlgebraicTopology.ModelCategory.LeftHomotopy,0,1
Mathlib.AlgebraicTopology.ModelCategory.LeftHomotopy,1,1
Mathlib.AlgebraicTopology.ModelCategory.PathObject,0,2
Mathlib.AlgebraicTopology.ModelCategory.PathObject,1,2
Mathlib.AlgebraicTopology.ModelCategory.RightHomotopy,0,1
Mathlib.AlgebraicTopology.ModelCategory.RightHomotopy,1,1
Mathlib.CategoryTheory.Localization.Resolution,0,4
Mathlib.CategoryTheory.Localization.Resolution,1,4
Mathlib.AlgebraicTopology.SimplicialSet.Boundary,0,1
Mathlib.AlgebraicTopology.SimplicialSet.Boundary,1,44
Mathlib.AlgebraicTopology.SimplicialSet.Boundary,1024,1
Mathlib.AlgebraicTopology.SimplicialSet.Horn,0,27
Mathlib.AlgebraicTopology.SimplicialSet.Horn,1,732
Mathlib.AlgebraicTopology.SimplicialSet.Horn,2,138
Mathlib.AlgebraicTopology.SimplicialSet.Horn,3,38
Mathlib.AlgebraicTopology.SimplicialSet.Horn,4,15
Mathlib.AlgebraicTopology.SimplicialSet.Horn,1024,1
Mathlib.AlgebraicTopology.SimplicialSet.CategoryWithFibrations,1,20
Mathlib.AlgebraicTopology.SimplicialSet.CategoryWithFibrations,2,10
Mathlib.AlgebraicTopology.SimplicialSet.KanComplex,1,11
Mathlib.AlgebraicTopology.SimplicialSet.KanComplex,2,1
Mathlib.AlgebraicTopology.Quasicategory.Basic,0,10
Mathlib.AlgebraicTopology.Quasicategory.Basic,1,9
Mathlib.AlgebraicTopology.Quasicategory.Basic,2,103
Mathlib.AlgebraicTopology.Quasicategory.Basic,3,47
Mathlib.AlgebraicTopology.SimplicialSet.Path,0,824
Mathlib.AlgebraicTopology.SimplicialSet.Path,1,3289
Mathlib.AlgebraicTopology.SimplicialSet.Path,2,59
Mathlib.AlgebraicTopology.SimplicialSet.Path,3,25
Mathlib.AlgebraicTopology.SimplicialSet.StrictSegal,0,678
Mathlib.AlgebraicTopology.SimplicialSet.StrictSegal,1,2056
Mathlib.AlgebraicTopology.SimplicialSet.StrictSegal,2,39
Mathlib.AlgebraicTopology.Quasicategory.StrictSegal,0,1
Mathlib.AlgebraicTopology.Quasicategory.StrictSegal,1,6
Mathlib.AlgebraicTopology.Quasicategory.StrictSegal,2,11
Mathlib.AlgebraicTopology.Quasicategory.StrictSegal,3,3
Mathlib.AlgebraicTopology.Quasicategory.StrictSegal,4,5
Mathlib.CategoryTheory.Monoidal.Center,0,2
Mathlib.CategoryTheory.Monoidal.Center,1,2
Mathlib.CategoryTheory.Enriched.Basic,0,6
Mathlib.CategoryTheory.Enriched.Basic,1,3
Mathlib.CategoryTheory.Enriched.Basic,10,1
Mathlib.CategoryTheory.Enriched.Basic,1022,1
Mathlib.CategoryTheory.Enriched.Ordinary.Basic,0,1
Mathlib.CategoryTheory.Bicategory.CatEnriched,0,1
Mathlib.CategoryTheory.Bicategory.CatEnriched,1,1
Mathlib.CategoryTheory.Functor.FunctorHom,0,1
Mathlib.CategoryTheory.Functor.FunctorHom,1,1
Mathlib.AlgebraicTopology.SimplicialSet.Monoidal,0,80
Mathlib.AlgebraicTopology.SimplicialSet.Monoidal,1,202
Mathlib.AlgebraicTopology.SimplicialCategory.Basic,0,2
Mathlib.AlgebraicTopology.SimplicialSet.Coskeletal,0,12
Mathlib.AlgebraicTopology.SimplicialSet.Coskeletal,1,59
Mathlib.AlgebraicTopology.SimplicialSet.Coskeletal,2,2544
Mathlib.Combinatorics.Quiver.ReflQuiver,0,2
Mathlib.Combinatorics.Quiver.ReflQuiver,1,1
Mathlib.Combinatorics.Quiver.ReflQuiver,50,2
Mathlib.Combinatorics.Quiver.ReflQuiver,51,1
Mathlib.Combinatorics.Quiver.ReflQuiver,60,2
Mathlib.Combinatorics.Quiver.ReflQuiver,61,1
Mathlib.Combinatorics.Quiver.ReflQuiver,1024,2
Mathlib.AlgebraicTopology.SimplicialSet.HomotopyCat,0,365
Mathlib.AlgebraicTopology.SimplicialSet.HomotopyCat,1,90
Mathlib.AlgebraicTopology.SimplicialSet.HomotopyCat,2,4095
Mathlib.AlgebraicTopology.SimplicialSet.HoFunctorMonoidal,0,408
Mathlib.AlgebraicTopology.SimplicialSet.HoFunctorMonoidal,1,10
Mathlib.AlgebraicTopology.SimplicialSet.HoFunctorMonoidal,2,25429
Mathlib.AlgebraicTopology.Quasicategory.TwoTruncated,0,190
Mathlib.AlgebraicTopology.Quasicategory.TwoTruncated,1,1
Mathlib.AlgebraicTopology.Quasicategory.TwoTruncated,2,1021
Mathlib.AlgebraicTopology.RelativeCellComplex.AttachCells,0,1
Mathlib.AlgebraicTopology.RelativeCellComplex.AttachCells,1,1
Mathlib.Data.Fin.SuccPredOrder,0,17
Mathlib.Data.Fin.SuccPredOrder,1,102
Mathlib.CategoryTheory.Limits.Shapes.Preorder.Fin,0,3
Mathlib.CategoryTheory.Limits.Shapes.Preorder.Fin,1,9
Mathlib.CategoryTheory.Limits.Shapes.Preorder.TransfiniteCompositionOfShape,0,6
Mathlib.CategoryTheory.Limits.Shapes.Preorder.TransfiniteCompositionOfShape,1,258
Mathlib.CategoryTheory.MorphismProperty.TransfiniteComposition,0,14
Mathlib.CategoryTheory.MorphismProperty.TransfiniteComposition,1,634
Mathlib.CategoryTheory.MorphismProperty.TransfiniteComposition,2,20
Mathlib.CategoryTheory.MorphismProperty.TransfiniteComposition,3,17
Mathlib.AlgebraicTopology.RelativeCellComplex.Basic,0,2
Mathlib.AlgebraicTopology.RelativeCellComplex.Basic,1,2
Mathlib.AlgebraicTopology.SimplexCategory.Augmented.Basic,0,29
Mathlib.AlgebraicTopology.SimplexCategory.Augmented.Monoidal,1,169
Mathlib.AlgebraicTopology.SimplexCategory.GeneratorsRelations.Basic,0,8
Mathlib.AlgebraicTopology.SimplexCategory.GeneratorsRelations.Basic,1,3152
Mathlib.AlgebraicTopology.SimplexCategory.GeneratorsRelations.Basic,2,286
Mathlib.AlgebraicTopology.SimplexCategory.GeneratorsRelations.EpiMono,1,16
Mathlib.AlgebraicTopology.SimplexCategory.GeneratorsRelations.EpiMono,2,5
Mathlib.AlgebraicTopology.SimplexCategory.GeneratorsRelations.NormalForms,0,12
Mathlib.AlgebraicTopology.SimplexCategory.GeneratorsRelations.NormalForms,1,95
Mathlib.AlgebraicTopology.SimplexCategory.MorphismProperty,1,6
Mathlib.AlgebraicTopology.SimplexCategory.MorphismProperty,2,2
Mathlib.AlgebraicTopology.SimplexCategory.Rev,1,83
Mathlib.AlgebraicTopology.SimplexCategory.Rev,2,2
Mathlib.AlgebraicTopology.SimplicialNerve,0,5
Mathlib.AlgebraicTopology.SimplicialNerve,1,70
Mathlib.AlgebraicTopology.SimplicialObject.II,0,2
Mathlib.AlgebraicTopology.SimplicialObject.II,1,442
Mathlib.AlgebraicTopology.SimplicialObject.II,2,107
Mathlib.AlgebraicTopology.SimplicialObject.II,3,1
Mathlib.AlgebraicTopology.SimplicialObject.Op,1,20
Mathlib.AlgebraicTopology.SimplicialObject.Op,2,2
Mathlib.AlgebraicTopology.SimplicialSet.AnodyneExtensions.IsUniquelyCodimOneFace,1,28
Mathlib.AlgebraicTopology.SimplicialSet.AnodyneExtensions.IsUniquelyCodimOneFace,2,9
Mathlib.AlgebraicTopology.SimplicialSet.NonDegenerateSimplicesSubcomplex,0,1
Mathlib.AlgebraicTopology.SimplicialSet.NonDegenerateSimplicesSubcomplex,1,1
Mathlib.AlgebraicTopology.SimplicialSet.AnodyneExtensions.Pairing,0,9
Mathlib.AlgebraicTopology.SimplicialSet.AnodyneExtensions.Pairing,1,10
Mathlib.AlgebraicTopology.SimplicialSet.AnodyneExtensions.Pairing,2,16
Mathlib.AlgebraicTopology.SimplicialSet.AnodyneExtensions.PairingCore,0,9
Mathlib.AlgebraicTopology.SimplicialSet.AnodyneExtensions.PairingCore,1,292
Mathlib.AlgebraicTopology.SimplicialSet.AnodyneExtensions.PairingCore,2,53
Mathlib.AlgebraicTopology.SimplicialSet.AnodyneExtensions.Rank,0,4
Mathlib.AlgebraicTopology.SimplicialSet.AnodyneExtensions.Rank,1,4
Mathlib.AlgebraicTopology.SimplicialSet.AnodyneExtensions.RankNat,1,2
Mathlib.AlgebraicTopology.SimplicialSet.ProdStdSimplex,1,1481
Mathlib.AlgebraicTopology.SimplicialSet.ProdStdSimplex,2,1
Mathlib.AlgebraicTopology.SimplicialSet.FiniteProd,1,1
Mathlib.AlgebraicTopology.SimplicialSet.HornColimits,0,424
Mathlib.AlgebraicTopology.SimplicialSet.HornColimits,1,16115
Mathlib.AlgebraicTopology.SimplicialSet.HornColimits,2,1610
Mathlib.AlgebraicTopology.SimplicialSet.HornColimits,3,14742
Mathlib.AlgebraicTopology.SimplicialSet.HornColimits,4,136
Mathlib.AlgebraicTopology.SimplicialSet.RelativeMorphism,0,58
Mathlib.AlgebraicTopology.SimplicialSet.RelativeMorphism,1,244
Mathlib.AlgebraicTopology.SimplicialSet.KanComplex.MulStruct,0,1138
Mathlib.AlgebraicTopology.SimplicialSet.KanComplex.MulStruct,1,667
Mathlib.AlgebraicTopology.SimplicialSet.KanComplex.MulStruct,2,160
Mathlib.AlgebraicTopology.SimplicialSet.NerveAdjunction,0,1644
Mathlib.AlgebraicTopology.SimplicialSet.NerveAdjunction,1,1259
Mathlib.AlgebraicTopology.SimplicialSet.NerveAdjunction,2,5247
Mathlib.AlgebraicTopology.SimplicialSet.Op,1,30
Mathlib.AlgebraicTopology.SimplicialSet.Op,2,2
Mathlib.CategoryTheory.SmallRepresentatives,0,2
Mathlib.CategoryTheory.SmallRepresentatives,1,2
Mathlib.AlgebraicTopology.SimplicialSet.Skeleton,0,2
Mathlib.AlgebraicTopology.SimplicialSet.Skeleton,1,2
Mathlib.AlgebraicTopology.TopologicalSimplex,0,6
Mathlib.AlgebraicTopology.TopologicalSimplex,1,309
Mathlib.AlgebraicTopology.TopologicalSimplex,2,47
Mathlib.AlgebraicTopology.SingularSet,1,77
Mathlib.AlgebraicTopology.SingularHomology.Basic,0,6
Mathlib.Analysis.Normed.Ring.WithAbs,0,1
Mathlib.Topology.MetricSpace.Completion,0,8
Mathlib.Analysis.Normed.Field.WithAbs,1,4
Mathlib.Analysis.AbsoluteValue.Equivalence,0,12
Mathlib.Analysis.AbsoluteValue.Equivalence,1,24
Mathlib.Analysis.Normed.Module.Multilinear.Curry,0,2013
Mathlib.Analysis.Normed.Module.Multilinear.Curry,1,174
Mathlib.Analysis.Calculus.FormalMultilinearSeries,0,237
Mathlib.Analysis.Calculus.FormalMultilinearSeries,1,153
Mathlib.Analysis.Calculus.FormalMultilinearSeries,2,6
Mathlib.Analysis.Analytic.ConvergenceRadius,0,20
Mathlib.Analysis.Analytic.ConvergenceRadius,1,7
Mathlib.Analysis.Analytic.Basic,0,132
Mathlib.Analysis.Analytic.Basic,1,88
Mathlib.Analysis.Analytic.ChangeOrigin,0,8
Mathlib.Analysis.Analytic.ChangeOrigin,1,188
Mathlib.Analysis.Analytic.CPolynomialDef,0,43
Mathlib.Analysis.Analytic.CPolynomialDef,1,2
Mathlib.Analysis.Analytic.Linear,0,52
Mathlib.Analysis.Analytic.Linear,1,491
Mathlib.Analysis.Analytic.Linear,2,40
Mathlib.Analysis.Analytic.Linear,3,6
Mathlib.Analysis.Analytic.Composition,0,129
Mathlib.Analysis.Analytic.Composition,1,144
Mathlib.Analysis.Analytic.OfScalars,0,27
Mathlib.Analysis.Analytic.OfScalars,1,4
Mathlib.Analysis.Analytic.Constructions,0,44
Mathlib.Analysis.Analytic.Constructions,1,14
Mathlib.Analysis.Normed.Module.Completion,1,1
Mathlib.Analysis.Analytic.Uniqueness,0,13
Mathlib.Analysis.Analytic.Uniqueness,1,1
Mathlib.Analysis.Convex.EGauge,0,34
Mathlib.Analysis.Convex.EGauge,1,7
Mathlib.Analysis.Asymptotics.TVS,0,93
Mathlib.Analysis.Asymptotics.TVS,1,2
Mathlib.Analysis.Asymptotics.TVS,100,6
Mathlib.Analysis.Calculus.FDeriv.Defs,0,5
Mathlib.Analysis.Calculus.TangentCone.Defs,0,4
Mathlib.Analysis.Calculus.TangentCone.Basic,0,24
Mathlib.Analysis.Calculus.FDeriv.Basic,0,14
Mathlib.Analysis.Calculus.FDeriv.Basic,1,2
Mathlib.Analysis.Calculus.FDeriv.Const,0,58
Mathlib.Analysis.Calculus.FDeriv.Const,1,10
Mathlib.Analysis.Calculus.TangentCone.Real,0,1
Mathlib.Analysis.Calculus.TangentCone.Real,1,1
Mathlib.Analysis.Calculus.Deriv.Basic,0,64
Mathlib.Analysis.Calculus.Deriv.Basic,1,31
Mathlib.Analysis.Analytic.CPolynomial,0,5
Mathlib.Analysis.Analytic.CPolynomial,1,4
Mathlib.Analysis.Analytic.Inverse,0,77
Mathlib.Analysis.Analytic.Inverse,1,854
Mathlib.Analysis.Analytic.Inverse,2,280
Mathlib.Analysis.Calculus.FDeriv.Equiv,0,5
Mathlib.Analysis.Calculus.ContDiff.FTaylorSeries,0,470
Mathlib.Analysis.Calculus.ContDiff.FTaylorSeries,1,734
Mathlib.Analysis.Calculus.ContDiff.FTaylorSeries,2,41
Mathlib.Analysis.Calculus.ContDiff.FTaylorSeries,1024,2
Mathlib.Analysis.Calculus.FDeriv.Prod,0,568
Mathlib.Analysis.Calculus.FDeriv.Prod,1,132
Mathlib.Analysis.Calculus.FDeriv.Analytic,0,9
Mathlib.Analysis.Calculus.FDeriv.Analytic,1,793
Mathlib.Analysis.Calculus.ContDiff.Defs,0,23
Mathlib.Analysis.Calculus.ContDiff.Defs,1,26
Mathlib.Analysis.Calculus.IteratedDeriv.Defs,0,16
Mathlib.Analysis.Calculus.IteratedDeriv.Defs,1,13
Mathlib.SetTheory.Cardinal.Continuum,0,5
Mathlib.SetTheory.Cardinal.Continuum,1,2
Mathlib.SetTheory.Cardinal.Continuum,2,4
Mathlib.SetTheory.Cardinal.Continuum,1024,1
Mathlib.Topology.MetricSpace.PiNat,0,17
Mathlib.Topology.MetricSpace.PiNat,1,12
Mathlib.Topology.MetricSpace.PiNat,2,17
Mathlib.Topology.MetricSpace.Polish,1,4
Mathlib.Topology.MetricSpace.CantorScheme,0,2
Mathlib.Topology.MetricSpace.Perfect,0,1
Mathlib.Topology.Algebra.Module.Cardinality,0,1
Mathlib.Analysis.Normed.Module.Connected,0,13
Mathlib.Analysis.Normed.Module.Connected,1,10
Mathlib.Analysis.Calculus.IteratedDeriv.ConvergenceOnBall,0,2
Mathlib.LinearAlgebra.Complex.Determinant,1,2
Mathlib.Analysis.Complex.OperatorNorm,1,14
Mathlib.Analysis.Calculus.FDeriv.Mul,0,15
Mathlib.Analysis.Calculus.DiffContOnCl,0,1
Mathlib.Analysis.Calculus.Deriv.Add,1,9
Mathlib.LinearAlgebra.AffineSpace.Slope,0,11
Mathlib.Analysis.Calculus.Deriv.Slope,0,16
Mathlib.Analysis.Real.Cardinality,0,15
Mathlib.Analysis.Real.Cardinality,1,10
Mathlib.Analysis.Real.Cardinality,2,2
Mathlib.Analysis.Analytic.IsolatedZeros,0,31
Mathlib.Analysis.SpecialFunctions.Complex.CircleMap,0,25
Mathlib.Analysis.SpecialFunctions.Complex.CircleMap,2,7
Mathlib.Analysis.Calculus.FDeriv.Pow,1,12
Mathlib.Analysis.Calculus.Deriv.Pow,1,15
Mathlib.Topology.Algebra.Module.Alternating.Basic,0,44
Mathlib.Topology.Algebra.Module.Alternating.Basic,1,67
Mathlib.Topology.Algebra.Module.Alternating.Basic,100,1
Mathlib.Topology.Algebra.Module.Alternating.Basic,1022,1
Mathlib.Topology.Algebra.Module.Alternating.Topology,0,7
Mathlib.Analysis.Normed.Module.Alternating.Basic,0,30
Mathlib.Analysis.Normed.Module.Alternating.Basic,1,12
Mathlib.Analysis.Calculus.Deriv.Inv,0,35
Mathlib.Analysis.Calculus.Deriv.Inv,2,29
Mathlib.Analysis.Calculus.Deriv.ZPow,0,22
Mathlib.Analysis.Calculus.Deriv.ZPow,1,14
Mathlib.Analysis.Calculus.Deriv.Linear,1,12
Mathlib.Analysis.Calculus.Deriv.AffineMap,1,6
Mathlib.Analysis.Calculus.MeanValue,0,20
Mathlib.Analysis.Calculus.MeanValue,1,10
Mathlib.Analysis.Calculus.LogDeriv,0,12
Mathlib.Analysis.Calculus.LogDeriv,1,3
Mathlib.Analysis.Calculus.ContDiff.RCLike,0,9
Mathlib.Analysis.Calculus.ContDiff.RCLike,1,77
Mathlib.Analysis.Calculus.ContDiff.Basic,0,11
Mathlib.Analysis.Calculus.ContDiff.Basic,1,12
Mathlib.Analysis.Calculus.ContDiff.FaaDiBruno,0,178
Mathlib.Analysis.Calculus.ContDiff.FaaDiBruno,1,871
Mathlib.Analysis.Calculus.ContDiff.Comp,0,2
Mathlib.Analysis.Calculus.ContDiff.Comp,1,21
Mathlib.Analysis.Calculus.ContDiff.Comp,2,1
Mathlib.Analysis.Calculus.ContDiff.Deriv,1,13
Mathlib.Analysis.Calculus.ContDiff.Deriv,2,1
Mathlib.Analysis.Calculus.Deriv.Inverse,0,18
Mathlib.Analysis.Calculus.ContDiff.Operations,0,13
Mathlib.Analysis.Calculus.IteratedDeriv.Lemmas,0,20
Mathlib.Analysis.Calculus.IteratedDeriv.Lemmas,1,21
Mathlib.Analysis.Complex.RealDeriv,1,3
Mathlib.Analysis.Normed.Algebra.Exponential,0,34
Mathlib.Analysis.Normed.Algebra.Exponential,1,3
Mathlib.Analysis.SpecialFunctions.Exponential,0,24
Mathlib.Analysis.SpecialFunctions.Exponential,1,20
Mathlib.Analysis.SpecialFunctions.ExpDeriv,1,1
Mathlib.Analysis.Calculus.LocalExtr.Basic,0,22
Mathlib.Analysis.Calculus.LocalExtr.Basic,1,2
Mathlib.Analysis.Calculus.LocalExtr.Rolle,0,4
Mathlib.Analysis.Calculus.Deriv.MeanValue,0,16
Mathlib.Analysis.SpecialFunctions.Log.Deriv,0,33
Mathlib.Analysis.SpecialFunctions.Log.Deriv,1,58
Mathlib.Analysis.SpecialFunctions.Log.Deriv,2,33
Mathlib.MeasureTheory.Constructions.BorelSpace.ContinuousLinearMap,0,2
Mathlib.Analysis.Calculus.FDeriv.Measurable,0,9
Mathlib.Analysis.Calculus.FDeriv.Measurable,1,13
Mathlib.Analysis.Calculus.FDeriv.Measurable,2,19
Mathlib.Analysis.Calculus.FDeriv.Measurable,4,2
Mathlib.Analysis.LocallyConvex.Polar,0,10
Mathlib.Analysis.LocallyConvex.Polar,1,10
Mathlib.Geometry.Convex.Cone.Basic,0,59
Mathlib.Geometry.Convex.Cone.Basic,1,1
Mathlib.Analysis.Convex.Cone.Extension,0,7
Mathlib.Analysis.RCLike.Extend,2,1
Mathlib.Analysis.Normed.Module.HahnBanach,0,1
Mathlib.Analysis.Normed.Module.HahnBanach,1,3
Mathlib.Analysis.LocallyConvex.AbsConvex,0,5
Mathlib.Analysis.Normed.Module.Dual,0,20
Mathlib.Analysis.Normed.Module.Dual,1,2
Mathlib.MeasureTheory.Integral.Bochner.VitaliCaratheodory,0,10
Mathlib.Analysis.Convex.Gauge,0,75
Mathlib.Analysis.Convex.Gauge,1,22
Mathlib.Analysis.LocallyConvex.Separation,0,2
Mathlib.Analysis.LocallyConvex.Separation,1,4
Mathlib.Analysis.LocallyConvex.SeparatingDual,0,26
Mathlib.Analysis.LocallyConvex.SeparatingDual,1,2
Mathlib.Analysis.Normed.Operator.CompleteCodomain,0,2
Mathlib.Analysis.Normed.Operator.CompleteCodomain,1,1
Mathlib.Topology.ContinuousMap.ContinuousMapZero,0,103
Mathlib.Topology.ContinuousMap.ContinuousMapZero,1,1
Mathlib.Topology.ContinuousMap.ContinuousMapZero,1024,1
Mathlib.MeasureTheory.Integral.Bochner.ContinuousLinearMap,1,19
Mathlib.MeasureTheory.Integral.IntervalIntegral.Basic,0,77
Mathlib.MeasureTheory.Integral.IntervalIntegral.Basic,1,10
Mathlib.MeasureTheory.Integral.IntervalIntegral.Basic,60,2
Mathlib.MeasureTheory.Integral.IntervalIntegral.Basic,70,1
Mathlib.MeasureTheory.Integral.IntervalIntegral.Basic,1022,2
Mathlib.MeasureTheory.Integral.DominatedConvergence,0,3
Mathlib.MeasureTheory.Integral.IntervalIntegral.FundThmCalculus,0,6
Mathlib.MeasureTheory.Integral.IntervalIntegral.FundThmCalculus,1,9
Mathlib.MeasureTheory.Integral.IntervalIntegral.FundThmCalculus,1024,1
Mathlib.Analysis.SpecialFunctions.NonIntegrable,0,1
Mathlib.MeasureTheory.Integral.CircleIntegral,0,40
Mathlib.MeasureTheory.Integral.CircleIntegral,1,1
Mathlib.MeasureTheory.Integral.CircleIntegral,2,23
Mathlib.MeasureTheory.Integral.CircleIntegral,60,1
Mathlib.MeasureTheory.Integral.CircleIntegral,1022,1
Mathlib.Analysis.BoxIntegral.DivergenceTheorem,0,1
Mathlib.Analysis.BoxIntegral.DivergenceTheorem,1,393
Mathlib.Analysis.BoxIntegral.DivergenceTheorem,2,1
Mathlib.MeasureTheory.Integral.Prod,0,8
Mathlib.MeasureTheory.Integral.Prod,1,8
Mathlib.MeasureTheory.Integral.DivergenceTheorem,0,16
Mathlib.MeasureTheory.Integral.DivergenceTheorem,1,752
Mathlib.MeasureTheory.Measure.Lebesgue.Complex,0,3
Mathlib.MeasureTheory.Measure.Lebesgue.Complex,1,1
Mathlib.MeasureTheory.Measure.Lebesgue.Complex,2,116
Mathlib.Analysis.Complex.CauchyIntegral,0,21
Mathlib.Analysis.Complex.CauchyIntegral,1,15
Mathlib.Analysis.Complex.CauchyIntegral,2,18
Mathlib.Analysis.Calculus.InverseFunctionTheorem.ApproximatesLinearOn,0,2
Mathlib.Analysis.Calculus.InverseFunctionTheorem.FDeriv,0,1
Mathlib.Analysis.Calculus.InverseFunctionTheorem.FDeriv,2,3
Mathlib.Analysis.Calculus.InverseFunctionTheorem.Deriv,0,8
Mathlib.Analysis.Calculus.InverseFunctionTheorem.Analytic,0,2
Mathlib.Analysis.Analytic.Order,0,41
Mathlib.Analysis.Analytic.Order,1,3
Mathlib.Analysis.Meromorphic.Basic,0,5
Mathlib.Analysis.SpecialFunctions.Complex.LogDeriv,1,1
Mathlib.Analysis.SpecialFunctions.Complex.Analytic,0,7
Mathlib.Analysis.SpecialFunctions.OrdinaryHypergeometric,0,5
Mathlib.Analysis.SpecialFunctions.OrdinaryHypergeometric,1,4
Mathlib.Analysis.SpecialFunctions.OrdinaryHypergeometric,1024,1
Mathlib.Analysis.Calculus.Deriv.Prod,0,708
Mathlib.Analysis.Calculus.Deriv.Prod,1,216
Mathlib.Analysis.SpecialFunctions.Trigonometric.Deriv,0,2
Mathlib.Analysis.SpecialFunctions.Trigonometric.Deriv,1,24
Mathlib.Analysis.SpecialFunctions.Trigonometric.Deriv,2,8
Mathlib.Analysis.SpecialFunctions.Pow.Deriv,0,83
Mathlib.Analysis.SpecialFunctions.Pow.Deriv,1,60
Mathlib.RingTheory.Binomial,0,25
Mathlib.RingTheory.Binomial,1,47
Mathlib.RingTheory.Binomial,2,1
Mathlib.Analysis.Analytic.Binomial,0,31
Mathlib.Analysis.Analytic.Binomial,1,68
Mathlib.Analysis.Analytic.Binomial,2,13
Mathlib.Analysis.Analytic.IteratedFDeriv,0,366
Mathlib.Analysis.Analytic.IteratedFDeriv,1,75
Mathlib.Analysis.Analytic.RadiusLiminf,1,3
Mathlib.Analysis.Analytic.WithLp,1,4
Mathlib.Analysis.Asymptotics.LinearGrowth,0,24
Mathlib.Analysis.SpecialFunctions.Log.ERealExp,0,10
Mathlib.Analysis.SpecialFunctions.Log.ERealExp,1,5
Mathlib.Analysis.SpecialFunctions.Log.ENNRealLog,0,19
Mathlib.Analysis.SpecialFunctions.Log.ENNRealLog,1,6
Mathlib.Analysis.SpecialFunctions.Log.ENNRealLogExp,0,4
Mathlib.Analysis.SpecialFunctions.Log.ENNRealLogExp,1,5
Mathlib.Analysis.Asymptotics.ExpGrowth,0,23
Mathlib.Analysis.Asymptotics.ExpGrowth,1,2
Mathlib.Analysis.Asymptotics.SpecificAsymptotics,0,4
Mathlib.Analysis.Asymptotics.SuperpolynomialDecay,0,9
Mathlib.MeasureTheory.Covering.VitaliFamily,0,113
Mathlib.MeasureTheory.Covering.VitaliFamily,1,1
Mathlib.MeasureTheory.Covering.Vitali,0,11
Mathlib.MeasureTheory.Covering.Vitali,1,1
Mathlib.MeasureTheory.Covering.Vitali,3,6
Mathlib.MeasureTheory.Function.AEMeasurableOrder,0,2
Mathlib.MeasureTheory.Integral.Average,0,71
Mathlib.MeasureTheory.Integral.Average,1,5
Mathlib.MeasureTheory.Integral.Average,60,8
Mathlib.MeasureTheory.Integral.Average,70,4
Mathlib.MeasureTheory.Integral.Average,1022,8
Mathlib.MeasureTheory.Function.AEEqOfLIntegral,0,2
Mathlib.MeasureTheory.Measure.Sub,0,7
Mathlib.MeasureTheory.Measure.Decomposition.Lebesgue,0,33
Mathlib.MeasureTheory.Measure.Decomposition.Lebesgue,1,4
Mathlib.MeasureTheory.Covering.Differentiation,0,11
Mathlib.MeasureTheory.Covering.Differentiation,1,4
Mathlib.MeasureTheory.Covering.Differentiation,2,1
Mathlib.MeasureTheory.Covering.DensityTheorem,0,16
Mathlib.MeasureTheory.Covering.DensityTheorem,1,1
Mathlib.MeasureTheory.Covering.DensityTheorem,3,9
Mathlib.MeasureTheory.Covering.DensityTheorem,4,4
Mathlib.MeasureTheory.Covering.OneDim,1,4
Mathlib.Analysis.Calculus.Monotone,2,2
Mathlib.Topology.EMetricSpace.BoundedVariation,0,20
Mathlib.Topology.EMetricSpace.BoundedVariation,1,8
Mathlib.RingTheory.MvPolynomial.Symmetric.Defs,0,14
Mathlib.RingTheory.MvPolynomial.Symmetric.Defs,1,19
Mathlib.RingTheory.MvPolynomial.Symmetric.Defs,2,1
Mathlib.RingTheory.Polynomial.Vieta,1,8
Mathlib.Topology.Algebra.Polynomial,0,8
Mathlib.Topology.Algebra.Polynomial,1,2
Mathlib.Topology.Algebra.Polynomial,2,1
Mathlib.Topology.ContinuousMap.StarOrdered,0,16
Mathlib.Analysis.CStarAlgebra.ContinuousFunctionalCalculus.Unital,0,72
Mathlib.Analysis.CStarAlgebra.ContinuousFunctionalCalculus.Unital,1,27
Mathlib.Analysis.CStarAlgebra.ContinuousFunctionalCalculus.NonUnital,0,428
Mathlib.Analysis.CStarAlgebra.ContinuousFunctionalCalculus.Restrict,0,2
Mathlib.RingTheory.Polynomial.Bernstein,0,17
Mathlib.RingTheory.Polynomial.Bernstein,1,35
Mathlib.RingTheory.Polynomial.Bernstein,2,2
Mathlib.Topology.ContinuousMap.Polynomial,0,12
Mathlib.Topology.ContinuousMap.Polynomial,1,12
Mathlib.Analysis.SpecialFunctions.Bernstein,0,8
Mathlib.Analysis.SpecialFunctions.Bernstein,1,36
Mathlib.Analysis.SpecialFunctions.Bernstein,2,1
Mathlib.Topology.ContinuousMap.Weierstrass,0,3
Mathlib.Topology.ContinuousMap.Weierstrass,1,1
Mathlib.Topology.ContinuousMap.StoneWeierstrass,0,23
Mathlib.Topology.ContinuousMap.StoneWeierstrass,1,2
Mathlib.Analysis.CStarAlgebra.ContinuousFunctionalCalculus.Unique,0,7
Mathlib.Analysis.CStarAlgebra.ContinuousFunctionalCalculus.Unique,1,3
Mathlib.Analysis.CStarAlgebra.Classes,0,4
Mathlib.Analysis.Normed.Algebra.Unitization,0,1
Mathlib.Analysis.Normed.Algebra.Unitization,2,2
Mathlib.Analysis.CStarAlgebra.Unitization,2,1
Mathlib.Analysis.CStarAlgebra.Unitization,1024,2
Mathlib.Analysis.Real.Spectrum,0,5
Mathlib.Analysis.Normed.Algebra.UnitizationL1,1,275
Mathlib.Topology.Algebra.Module.CharacterSpace,0,3
Mathlib.Topology.Algebra.Module.CharacterSpace,1,2
Mathlib.Analysis.Normed.Algebra.Spectrum,0,8
Mathlib.Analysis.Normed.Algebra.Spectrum,1,16
Mathlib.Analysis.CStarAlgebra.ContinuousFunctionalCalculus.Instances,0,26
Mathlib.Analysis.CStarAlgebra.ContinuousFunctionalCalculus.Isometric,0,66
Mathlib.Analysis.Complex.Convex,0,2
Mathlib.Analysis.Complex.Convex,1,1
Mathlib.Analysis.Complex.Liouville,0,2
Mathlib.Analysis.Calculus.Deriv.Polynomial,1,8
Mathlib.FieldTheory.PolynomialGaloisGroup,0,18
Mathlib.FieldTheory.PolynomialGaloisGroup,1,5
Mathlib.LinearAlgebra.Complex.FiniteDimensional,2,6
Mathlib.Analysis.Complex.Polynomial.Basic,0,5
Mathlib.Analysis.Complex.Polynomial.Basic,1,1
Mathlib.Analysis.Complex.Polynomial.Basic,2,6
Mathlib.Analysis.Complex.Polynomial.Basic,3,1
Mathlib.Analysis.Normed.Algebra.GelfandFormula,0,6
Mathlib.Analysis.Normed.Algebra.GelfandFormula,1,5
Mathlib.Analysis.Normed.Algebra.GelfandFormula,2,1
Mathlib.Analysis.CStarAlgebra.Spectrum,0,4
Mathlib.Analysis.CStarAlgebra.Spectrum,1,4
Mathlib.Topology.ContinuousMap.ZeroAtInfty,0,42
Mathlib.Topology.ContinuousMap.ZeroAtInfty,1,1
Mathlib.Topology.ContinuousMap.ZeroAtInfty,1022,1
Mathlib.Topology.ContinuousMap.ZeroAtInfty,1024,1
Mathlib.Analysis.Normed.Module.WeakDual,0,4
Mathlib.Analysis.Normed.Module.WeakDual,1,1
Mathlib.Analysis.Normed.Algebra.Basic,1,1
Mathlib.Topology.ContinuousMap.Units,0,1
Mathlib.Analysis.Normed.Affine.AddTorsor,0,14
Mathlib.Analysis.Normed.Affine.AddTorsor,1,9
Mathlib.Analysis.Normed.Affine.AddTorsor,2,27
Mathlib.LinearAlgebra.AffineSpace.Ordered,0,32
Mathlib.LinearAlgebra.AffineSpace.Ordered,1,20
Mathlib.LinearAlgebra.AffineSpace.Ordered,2,1
Mathlib.Topology.UrysohnsLemma,0,24
Mathlib.Topology.UrysohnsLemma,1,24
Mathlib.Topology.ContinuousMap.Ideals,0,14
Mathlib.Topology.ContinuousMap.Ideals,1,2
Mathlib.Analysis.CStarAlgebra.GelfandDuality,0,3
Mathlib.Analysis.SpecialFunctions.ContinuousFunctionalCalculus.PosPart.Basic,0,65
Mathlib.Analysis.SpecialFunctions.ContinuousFunctionalCalculus.PosPart.Basic,1,3
Mathlib.Analysis.CStarAlgebra.ContinuousFunctionalCalculus.Basic,0,9
Mathlib.Analysis.CStarAlgebra.ContinuousFunctionalCalculus.Basic,2,1
Mathlib.Analysis.SpecialFunctions.ContinuousFunctionalCalculus.Rpow.Basic,0,120
Mathlib.Analysis.SpecialFunctions.ContinuousFunctionalCalculus.Rpow.Basic,1,17
Mathlib.Analysis.SpecialFunctions.ContinuousFunctionalCalculus.Rpow.Basic,2,15
Mathlib.Analysis.SpecialFunctions.ContinuousFunctionalCalculus.Rpow.Basic,3,1
Mathlib.Analysis.CStarAlgebra.ContinuousFunctionalCalculus.Order,0,70
Mathlib.Analysis.CStarAlgebra.ContinuousFunctionalCalculus.Order,1,35
Mathlib.Analysis.CStarAlgebra.ContinuousFunctionalCalculus.Order,2,5
Mathlib.Analysis.CStarAlgebra.SpecialFunctions.PosPart,0,11
Mathlib.Analysis.CStarAlgebra.SpecialFunctions.PosPart,1,2
Mathlib.Analysis.CStarAlgebra.SpecialFunctions.PosPart,4,9
Mathlib.Topology.ApproximateUnit,1,4
Mathlib.Analysis.CStarAlgebra.ApproximateUnit,0,25
Mathlib.Analysis.CStarAlgebra.ApproximateUnit,1,34
Mathlib.Analysis.CStarAlgebra.ApproximateUnit,2,3
Mathlib.Analysis.CStarAlgebra.Module.Defs,0,57
Mathlib.Analysis.CStarAlgebra.Module.Defs,1,3
Mathlib.Analysis.CStarAlgebra.Module.Defs,2,2
Mathlib.Analysis.CStarAlgebra.Module.Synonym,0,12
Mathlib.Analysis.CStarAlgebra.Module.Synonym,1024,1
Mathlib.Analysis.CStarAlgebra.Module.Constructions,2,2
Mathlib.Analysis.Matrix.Normed,0,3
Mathlib.Analysis.Matrix.Normed,1,9
Mathlib.Analysis.Matrix.Normed,2,35
Mathlib.Analysis.CStarAlgebra.CStarMatrix,0,26
Mathlib.Analysis.CStarAlgebra.CStarMatrix,1,6
Mathlib.Analysis.CStarAlgebra.PositiveLinearMap,0,1
Mathlib.Analysis.CStarAlgebra.PositiveLinearMap,1,1
Mathlib.Analysis.CStarAlgebra.CompletelyPositiveMap,0,63
Mathlib.Analysis.CStarAlgebra.CompletelyPositiveMap,1,1
Mathlib.Analysis.CStarAlgebra.CompletelyPositiveMap,25,1
Mathlib.Analysis.CStarAlgebra.ContinuousFunctionalCalculus.Commute,0,2
Mathlib.Topology.MetricSpace.UniformConvergence,0,1
Mathlib.Topology.MetricSpace.UniformConvergence,1,5
Mathlib.Analysis.CStarAlgebra.ContinuousFunctionalCalculus.Continuity,0,188
Mathlib.Analysis.CStarAlgebra.ContinuousFunctionalCalculus.Continuity,1,4
Mathlib.MeasureTheory.SpecificCodomains.ContinuousMapZero,0,12
Mathlib.Analysis.CStarAlgebra.ContinuousFunctionalCalculus.Integral,0,20
Mathlib.Analysis.CStarAlgebra.ContinuousFunctionalCalculus.Range,0,12
Mathlib.Analysis.CStarAlgebra.ContinuousFunctionalCalculus.Unitary,1,1
Mathlib.Analysis.Normed.Group.NullSubmodule,0,20
Mathlib.Analysis.InnerProductSpace.Dual,0,4
Mathlib.Analysis.InnerProductSpace.Dual,1,2
Mathlib.Analysis.InnerProductSpace.Adjoint,0,4
Mathlib.Analysis.InnerProductSpace.Adjoint,1,3
Mathlib.Analysis.InnerProductSpace.Adjoint,2,446
Mathlib.Analysis.InnerProductSpace.Adjoint,1000,2
Mathlib.Analysis.CStarAlgebra.Exponential,0,1
Mathlib.Analysis.CStarAlgebra.Exponential,1,1
Mathlib.Analysis.CStarAlgebra.GelfandNaimarkSegal,2,1
Mathlib.Analysis.CStarAlgebra.Matrix,1,2
Mathlib.Analysis.CStarAlgebra.Matrix,2,2541
Mathlib.Analysis.CStarAlgebra.Multiplier,0,11
Mathlib.Analysis.CStarAlgebra.Multiplier,1,8
Mathlib.Analysis.CStarAlgebra.Multiplier,1024,1
Mathlib.Analysis.Normed.Group.BallSphere,0,39
Mathlib.Analysis.Normed.Field.UnitBall,0,228
Mathlib.Analysis.Normed.Field.UnitBall,1,227
Mathlib.Analysis.Complex.Circle,0,8
Mathlib.Analysis.Complex.Circle,1,13
Mathlib.Analysis.Complex.Circle,2,3
Mathlib.Analysis.Complex.Circle,1024,1
Mathlib.Data.Bundle,0,4
Mathlib.Data.Bundle,1,1
Mathlib.Data.Bundle,100,1
Mathlib.Data.Bundle,1022,1
Mathlib.Data.Bundle,1023,1
Mathlib.Data.Bundle,1024,3
Mathlib.Topology.FiberBundle.Trivialization,0,6
Mathlib.Topology.FiberBundle.Trivialization,1,2
Mathlib.Topology.FiberBundle.Basic,0,3
Mathlib.Topology.FiberBundle.Basic,1,2
Mathlib.Topology.Covering.Quotient,0,15
Mathlib.Topology.Covering.Quotient,1,15
Mathlib.Analysis.SpecialFunctions.Complex.Circle,0,8
Mathlib.Analysis.SpecialFunctions.Complex.Circle,1,6
Mathlib.Analysis.SpecialFunctions.Complex.Circle,2,60
Mathlib.Analysis.SpecialFunctions.ContinuousFunctionalCalculus.ExpLog.Basic,0,8
Mathlib.Analysis.SpecialFunctions.ContinuousFunctionalCalculus.ExpLog.Basic,1,1
Mathlib.Analysis.CStarAlgebra.Unitary.Connected,0,7
Mathlib.Analysis.CStarAlgebra.Unitary.Connected,1,51
Mathlib.Analysis.CStarAlgebra.Unitary.Connected,2,45
Mathlib.Analysis.Normed.Module.Normalize,0,8
Mathlib.Analysis.Normed.Module.Normalize,1,3
Mathlib.Analysis.CStarAlgebra.Unitary.Span,0,1
Mathlib.Analysis.CStarAlgebra.Unitary.Span,1,12
Mathlib.Analysis.CStarAlgebra.Unitary.Span,2,6
Mathlib.Analysis.CStarAlgebra.Unitary.Span,4,9
Mathlib.Analysis.Normed.Lp.lpSpace,0,63
Mathlib.Analysis.Normed.Lp.lpSpace,1,30
Mathlib.Analysis.Normed.Lp.lpSpace,1024,2
Mathlib.LinearAlgebra.AffineSpace.Simplex.Basic,0,366
Mathlib.LinearAlgebra.AffineSpace.Simplex.Basic,1,3565
Mathlib.LinearAlgebra.AffineSpace.Simplex.Basic,2,3
Mathlib.LinearAlgebra.AffineSpace.Simplex.Centroid,0,44
Mathlib.LinearAlgebra.AffineSpace.Simplex.Centroid,1,588
Mathlib.LinearAlgebra.AffineSpace.FiniteDimensional,0,24
Mathlib.LinearAlgebra.AffineSpace.FiniteDimensional,1,26
Mathlib.LinearAlgebra.AffineSpace.FiniteDimensional,2,8
Mathlib.LinearAlgebra.AffineSpace.FiniteDimensional,3,22
Mathlib.Analysis.Normed.Affine.AddTorsorBases,0,1
Mathlib.Analysis.Calculus.BumpFunction.Basic,0,72
Mathlib.Analysis.Calculus.BumpFunction.Basic,1,128
Mathlib.Analysis.Calculus.BumpFunction.Basic,2,1
Mathlib.MeasureTheory.Group.Integral,0,4
Mathlib.Analysis.Convolution,0,34
Mathlib.Analysis.Convolution,1,2
Mathlib.Analysis.Convolution,66,3
Mathlib.Analysis.Convolution,67,6
Mathlib.Analysis.Calculus.UniformLimitsDeriv,1,1
Mathlib.Analysis.SpecialFunctions.Sqrt,0,24
Mathlib.Analysis.SpecialFunctions.Sqrt,1,8
Mathlib.Analysis.SpecialFunctions.Sqrt,2,14
Mathlib.Analysis.Normed.Module.Ball.Homeomorph,0,76
Mathlib.Analysis.Normed.Module.Ball.Homeomorph,1,55
Mathlib.Analysis.Normed.Module.Ball.Homeomorph,2,4
Mathlib.Analysis.Calculus.ContDiff.WithLp,1,16
Mathlib.Analysis.Calculus.FDeriv.WithLp,1,12
Mathlib.Analysis.InnerProductSpace.Calculus,0,21
Mathlib.Analysis.InnerProductSpace.Calculus,1,10
Mathlib.Analysis.InnerProductSpace.Calculus,2,73
Mathlib.Analysis.SpecialFunctions.PolynomialExp,0,1
Mathlib.Analysis.SpecialFunctions.SmoothTransition,0,30
Mathlib.Analysis.SpecialFunctions.SmoothTransition,1,14
Mathlib.Analysis.SpecialFunctions.SmoothTransition,2,1
Mathlib.Analysis.Calculus.BumpFunction.InnerProduct,1,2
Mathlib.Analysis.Calculus.ContDiff.Convolution,0,6
Mathlib.Analysis.Calculus.ContDiff.Convolution,1,5
Mathlib.Topology.MetricSpace.ProperSpace.Lemmas,0,2
Mathlib.Analysis.InnerProductSpace.EuclideanDist,0,8
Mathlib.Analysis.InnerProductSpace.EuclideanDist,2,173
Mathlib.Data.Set.Pointwise.Support,0,2
Mathlib.MeasureTheory.Measure.Haar.NormedSpace,0,12
Mathlib.MeasureTheory.Measure.EverywherePos,0,6
Mathlib.MeasureTheory.Measure.EverywherePos,1,2
Mathlib.MeasureTheory.Measure.Haar.Unique,0,16
Mathlib.MeasureTheory.Measure.Haar.Unique,1,10
Mathlib.Analysis.Calculus.BumpFunction.FiniteDimension,0,32
Mathlib.Analysis.Calculus.BumpFunction.FiniteDimension,1,26
Mathlib.Analysis.Calculus.BumpFunction.Normed,0,6
Mathlib.Analysis.Calculus.BumpFunction.Normed,1,2
Mathlib.MeasureTheory.Covering.Besicovitch,0,102
Mathlib.MeasureTheory.Covering.Besicovitch,1,169
Mathlib.MeasureTheory.Covering.Besicovitch,2,1
Mathlib.MeasureTheory.Covering.BesicovitchVectorSpace,0,8
Mathlib.MeasureTheory.Covering.BesicovitchVectorSpace,1,62
Mathlib.MeasureTheory.Covering.BesicovitchVectorSpace,2,14
Mathlib.MeasureTheory.Covering.BesicovitchVectorSpace,4,5
Mathlib.MeasureTheory.Covering.BesicovitchVectorSpace,5,2
Mathlib.Analysis.Calculus.BumpFunction.Convolution,0,24
Mathlib.Analysis.Calculus.BumpFunction.SmoothApprox,0,3
Mathlib.Analysis.Normed.Operator.Conformal,0,4
Mathlib.Analysis.Calculus.Conformal.NormedSpace,0,4
Mathlib.Analysis.InnerProductSpace.ConformalLinearMap,0,1
Mathlib.Analysis.Calculus.Conformal.InnerProduct,0,4
Mathlib.Data.Nat.Factorial.DoubleFactorial,0,23
Mathlib.Data.Nat.Factorial.DoubleFactorial,1,19
Mathlib.Data.Nat.Factorial.DoubleFactorial,2,11
Mathlib.Data.Nat.Factorial.DoubleFactorial,10000,1
Mathlib.Data.Nat.Choose.Multinomial,0,14
Mathlib.Data.Nat.Choose.Multinomial,1,21
Mathlib.Data.Nat.Choose.Multinomial,2,1
Mathlib.Analysis.Calculus.ContDiff.Bounds,1,17
Mathlib.Analysis.Calculus.ContDiff.FiniteDimension,1,3
Mathlib.Topology.MetricSpace.Holder,0,9
Mathlib.Topology.MetricSpace.Holder,1,10
Mathlib.Analysis.Calculus.ContDiffHolder.Pointwise,0,7
Mathlib.Analysis.Calculus.ContDiffHolder.Pointwise,1,1
Mathlib.Analysis.Calculus.Deriv.Abs,0,45
Mathlib.Analysis.Calculus.Deriv.Abs,1,8
Mathlib.Analysis.Calculus.Deriv.Pi,1,4
Mathlib.Analysis.Calculus.DerivativeTest,0,24
Mathlib.Analysis.Normed.Module.Alternating.Curry,0,3
Mathlib.Analysis.Normed.Module.Alternating.Curry,1,82
Mathlib.Analysis.Normed.Module.Alternating.Curry,2,1
Mathlib.Data.Fin.Parity,0,1
Mathlib.Data.Fin.Parity,1,11
Mathlib.Data.Fin.Parity,2,2
Mathlib.LinearAlgebra.Alternating.Uncurry.Fin,0,3
Mathlib.LinearAlgebra.Alternating.Uncurry.Fin,1,236
Mathlib.LinearAlgebra.Alternating.Uncurry.Fin,2,1
Mathlib.Analysis.Normed.Module.Alternating.Uncurry.Fin,0,27
Mathlib.Analysis.Normed.Module.Alternating.Uncurry.Fin,1,218
Mathlib.Analysis.Normed.Module.Alternating.Uncurry.Fin,2,1
Mathlib.Analysis.Calculus.FDeriv.Symmetric,0,8
Mathlib.Analysis.Calculus.FDeriv.Symmetric,1,4
Mathlib.Analysis.Calculus.FDeriv.Symmetric,2,87
Mathlib.Analysis.Calculus.FDeriv.Symmetric,4,4
Mathlib.Analysis.Calculus.DifferentialForm.Basic,0,12
Mathlib.Analysis.Calculus.DifferentialForm.Basic,1,113
Mathlib.Analysis.Calculus.DifferentialForm.Basic,2,6
Mathlib.Analysis.Calculus.VectorField,0,18
Mathlib.Analysis.Calculus.VectorField,1,8
Mathlib.Analysis.Calculus.VectorField,2,17
Mathlib.Analysis.Calculus.DifferentialForm.VectorField,0,2
Mathlib.Analysis.Calculus.DifferentialForm.VectorField,1,140
Mathlib.Analysis.Calculus.DifferentialForm.VectorField,2,14
Mathlib.Analysis.Calculus.LineDeriv.Basic,0,38
Mathlib.Analysis.Calculus.FDeriv.Norm,0,12
Mathlib.Analysis.Calculus.FDeriv.Norm,1,1
Mathlib.Analysis.Calculus.Gradient.Basic,0,11
Mathlib.Analysis.Calculus.Gradient.Basic,1024,1
Mathlib.Analysis.Calculus.Implicit,0,20
Mathlib.Analysis.Calculus.Implicit,1,1
Mathlib.Analysis.Calculus.InverseFunctionTheorem.ContDiff,0,13
Mathlib.Analysis.Calculus.ImplicitContDiff,0,9
Mathlib.Analysis.Calculus.ImplicitContDiff,1,1
Mathlib.Analysis.Calculus.IteratedDeriv.FaaDiBruno,0,17
Mathlib.Analysis.Calculus.IteratedDeriv.FaaDiBruno,1,39
Mathlib.Analysis.Calculus.IteratedDeriv.FaaDiBruno,2,126
Mathlib.Analysis.Calculus.IteratedDeriv.FaaDiBruno,3,64
Mathlib.Analysis.Calculus.IteratedDeriv.WithinZpow,1,3
Mathlib.Analysis.Calculus.LHopital,0,78
Mathlib.Analysis.Calculus.LagrangeMultipliers,0,6
Mathlib.MeasureTheory.Constructions.Polish.Basic,0,1
Mathlib.MeasureTheory.Function.Jacobian,0,18
Mathlib.MeasureTheory.Function.Jacobian,2,2
Mathlib.MeasureTheory.Function.JacobianOneDim,0,6
Mathlib.MeasureTheory.Integral.IntegralEqImproper,0,30
Mathlib.MeasureTheory.Integral.IntegralEqImproper,1,7
Mathlib.Analysis.Calculus.LineDeriv.IntegrationByParts,0,4
Mathlib.Analysis.Calculus.LineDeriv.IntegrationByParts,1,4
Mathlib.Analysis.Calculus.LocalExtr.LineDeriv,0,34
Mathlib.Analysis.Calculus.LocalExtr.Polynomial,1,4
Mathlib.Analysis.Complex.RemovableSingularity,2,2
Mathlib.Analysis.Complex.LocallyUniformLimit,0,9
Mathlib.Analysis.Complex.LocallyUniformLimit,2,4
Mathlib.Analysis.Calculus.LogDerivUniformlyOn,0,2
Mathlib.Geometry.Manifold.StructureGroupoid,0,2
Mathlib.Geometry.Manifold.StructureGroupoid,1,2
Mathlib.Geometry.Manifold.StructureGroupoid,100,4
Mathlib.Geometry.Manifold.StructureGroupoid,101,2
Mathlib.Geometry.Manifold.ChartedSpace,0,2
Mathlib.Geometry.Manifold.ChartedSpace,1,1
Mathlib.Geometry.Manifold.HasGroupoid,0,1
Mathlib.Geometry.Manifold.HasGroupoid,1,1
Mathlib.Geometry.Manifold.IsManifold.Basic,0,8
Mathlib.Geometry.Manifold.IsManifold.Basic,1,3
Mathlib.Geometry.Manifold.IsManifold.Basic,2,2
Mathlib.Geometry.Manifold.IsManifold.Basic,3,1
Mathlib.Geometry.Manifold.IsManifold.Basic,1024,2
Mathlib.Geometry.Manifold.ContMDiff.Defs,0,2
Mathlib.Geometry.Manifold.ContMDiff.Defs,1,4
Mathlib.Geometry.Manifold.ContMDiff.Basic,0,5
Mathlib.Geometry.Manifold.ContMDiff.Basic,1,5
Mathlib.Analysis.Normed.Operator.Prod,1,4
Mathlib.Geometry.Manifold.ContMDiffMap,0,9
Mathlib.Geometry.Manifold.ContMDiffMap,1024,2
Mathlib.Geometry.Manifold.MFDeriv.Defs,0,2
Mathlib.Geometry.Manifold.MFDeriv.Defs,1,2
Mathlib.Geometry.Manifold.MFDeriv.Basic,0,12
Mathlib.Geometry.Manifold.MFDeriv.Basic,1,40
Mathlib.Geometry.Manifold.Algebra.Monoid,0,8
Mathlib.Geometry.Manifold.Algebra.Monoid,1,18
Mathlib.Geometry.Manifold.Algebra.Monoid,2,2
Mathlib.Geometry.Manifold.Algebra.Monoid,1024,2
Mathlib.Geometry.Manifold.Algebra.LieGroup,0,21
Mathlib.Geometry.Manifold.Algebra.LieGroup,1,3
Mathlib.Geometry.Manifold.Algebra.LieGroup,2,3
Mathlib.Geometry.Manifold.BumpFunction,0,13
Mathlib.Geometry.Manifold.BumpFunction,1,7
Mathlib.Topology.FiberBundle.Constructions,0,1
Mathlib.Topology.VectorBundle.Basic,0,15
Mathlib.Topology.VectorBundle.Basic,1,2
Mathlib.Geometry.Manifold.VectorBundle.Basic,0,1
Mathlib.Geometry.Manifold.VectorBundle.Basic,1,1
Mathlib.Geometry.Manifold.VectorBundle.Basic,2,1
Mathlib.Geometry.Manifold.VectorBundle.SmoothSection,0,18
Mathlib.Geometry.Manifold.VectorBundle.SmoothSection,1,1
Mathlib.Geometry.Manifold.VectorBundle.SmoothSection,1024,1
Mathlib.Topology.ShrinkingLemma,0,1
Mathlib.Topology.ShrinkingLemma,1,1
Mathlib.Topology.PartitionOfUnity,0,60
Mathlib.Topology.PartitionOfUnity,1,114
Mathlib.Analysis.Convex.PartitionOfUnity,0,1
Mathlib.Topology.MetricSpace.PartitionOfUnity,0,14
Mathlib.Geometry.Manifold.PartitionOfUnity,0,57
Mathlib.Geometry.Manifold.PartitionOfUnity,1,99
Mathlib.MeasureTheory.Function.StronglyMeasurable.Lp,0,3
Mathlib.Order.Filter.Ring,0,6
Mathlib.MeasureTheory.Function.AEEqOfIntegral,0,38
Mathlib.Analysis.Distribution.AEEqOfIntegralContDiff,0,16
Mathlib.MeasureTheory.Measure.Haar.Disintegration,0,2
Mathlib.Analysis.Calculus.Rademacher,0,5
Mathlib.Analysis.Calculus.Rademacher,1,1
Mathlib.Analysis.Calculus.TangentCone.Pi,0,4
Mathlib.Analysis.Calculus.TangentCone.ProperSpace,0,1
Mathlib.Analysis.Calculus.TangentCone.Seq,0,3
Mathlib.Analysis.Calculus.TangentCone.Seq,1,1
Mathlib.Analysis.Calculus.Taylor,0,4
Mathlib.Analysis.Calculus.Taylor,1,36
Mathlib.Analysis.Calculus.Taylor,2,1
Mathlib.Analysis.Complex.AbelLimit,0,5
Mathlib.Analysis.Complex.AbelLimit,1,25
Mathlib.Analysis.Normed.Module.Ray,0,8
Mathlib.Analysis.Convex.StrictConvexSpace,0,26
Mathlib.Analysis.Convex.StrictConvexSpace,1,17
Mathlib.Analysis.Convex.StrictConvexSpace,2,4
Mathlib.Analysis.Convex.Uniform,0,22
Mathlib.Analysis.Convex.Uniform,1,20
Mathlib.Analysis.Convex.Uniform,2,11
Mathlib.Analysis.Complex.AbsMax,0,11
Mathlib.Analysis.Convex.Deriv,0,20
Mathlib.Analysis.Convex.Deriv,2,12
Mathlib.Analysis.Convex.SpecificFunctions.Deriv,0,12
Mathlib.Analysis.Convex.SpecificFunctions.Deriv,1,2
Mathlib.Analysis.Convex.SpecificFunctions.Deriv,2,10
Mathlib.Analysis.Convex.SpecificFunctions.Deriv,3,1
Mathlib.Analysis.Convex.SpecificFunctions.Deriv,4,1
Mathlib.Analysis.SpecialFunctions.Trigonometric.Complex,0,25
Mathlib.Analysis.SpecialFunctions.Trigonometric.Complex,1,53
Mathlib.Analysis.SpecialFunctions.Trigonometric.Complex,2,102
Mathlib.Analysis.SpecialFunctions.Trigonometric.Arctan,0,178
Mathlib.Analysis.SpecialFunctions.Trigonometric.Arctan,1,47
Mathlib.Analysis.SpecialFunctions.Trigonometric.Arctan,2,115
Mathlib.Analysis.SpecialFunctions.Trigonometric.Arctan,3,5
Mathlib.Analysis.SpecialFunctions.Trigonometric.Arctan,4,8
Mathlib.Analysis.SpecialFunctions.Trigonometric.Arctan,5,1
Mathlib.Analysis.SpecialFunctions.Trigonometric.Arctan,6,1
Mathlib.Analysis.SpecialFunctions.Trigonometric.Arctan,7,2
Mathlib.Analysis.SpecialFunctions.Trigonometric.Arctan,239,1
Mathlib.Analysis.SpecialFunctions.Trigonometric.ComplexDeriv,0,6
Mathlib.Analysis.SpecialFunctions.Trigonometric.ComplexDeriv,1,5
Mathlib.Analysis.SpecialFunctions.Trigonometric.ComplexDeriv,2,7
Mathlib.Analysis.SpecialFunctions.Trigonometric.ArctanDeriv,0,6
Mathlib.Analysis.SpecialFunctions.Trigonometric.ArctanDeriv,1,33
Mathlib.Analysis.SpecialFunctions.Trigonometric.ArctanDeriv,2,26
Mathlib.Analysis.SpecialFunctions.Trigonometric.Bounds,0,19
Mathlib.Analysis.SpecialFunctions.Trigonometric.Bounds,1,19
Mathlib.Analysis.SpecialFunctions.Trigonometric.Bounds,2,34
Mathlib.Analysis.SpecialFunctions.Trigonometric.Bounds,3,5
Mathlib.Analysis.SpecialFunctions.Trigonometric.Bounds,4,1
Mathlib.Geometry.Euclidean.Angle.Unoriented.Basic,0,46
Mathlib.Geometry.Euclidean.Angle.Unoriented.Basic,1,5
Mathlib.Geometry.Euclidean.Angle.Unoriented.Basic,2,6
Mathlib.Analysis.Complex.Angle,0,6
Mathlib.Analysis.Complex.Angle,1,11
Mathlib.Analysis.Complex.Angle,2,5
Mathlib.Analysis.Complex.Arg,0,7
Mathlib.Analysis.Complex.Schwarz,0,14
Mathlib.Analysis.Complex.Schwarz,1,3
Mathlib.Analysis.Complex.BorelCaratheodory,0,13
Mathlib.Analysis.Complex.BorelCaratheodory,2,2
Mathlib.LinearAlgebra.Matrix.GeneralLinearGroup.Basic,0,9
Mathlib.LinearAlgebra.Matrix.GeneralLinearGroup.Basic,1,6
Mathlib.LinearAlgebra.Matrix.GeneralLinearGroup.Basic,2,77
Mathlib.Analysis.Complex.Isometry,0,3
Mathlib.Analysis.Complex.Isometry,1,12
Mathlib.Analysis.Complex.Isometry,2,48
Mathlib.Analysis.Complex.Conformal,0,5
Mathlib.Analysis.Complex.Conformal,1,23
Mathlib.Analysis.Complex.CoveringMap,0,52
Mathlib.Analysis.Complex.CoveringMap,2,3
Mathlib.Analysis.Complex.ExponentialBounds,1,16
Mathlib.Analysis.Complex.ExponentialBounds,2,6
Mathlib.Analysis.Complex.ExponentialBounds,3,3
Mathlib.Analysis.Complex.ExponentialBounds,10,10
Mathlib.Analysis.Complex.ExponentialBounds,11,1
Mathlib.Analysis.Complex.ExponentialBounds,20,1
Mathlib.Analysis.Complex.ExponentialBounds,287209,1
Mathlib.Analysis.Complex.ExponentialBounds,414355,1
Mathlib.Analysis.Complex.ExponentialBounds,825552,1
Mathlib.Analysis.Complex.ExponentialBounds,2244083,1
Mathlib.Analysis.Complex.ExponentialBounds,3678794412,1
Mathlib.Analysis.Complex.ExponentialBounds,6931471803,1
Mathlib.Analysis.Complex.ExponentialBounds,6931471808,1
Mathlib.Analysis.Complex.ExponentialBounds,27182818283,1
Mathlib.Analysis.Complex.ExponentialBounds,27182818286,1
Mathlib.Analysis.Complex.ExponentialBounds,36787944116,1
Mathlib.Analysis.Complex.ExponentialBounds,133877442384,1
Mathlib.Analysis.Complex.ExponentialBounds,363916618873,1
Mathlib.Analysis.Complex.PhragmenLindelof,0,146
Mathlib.Analysis.Complex.PhragmenLindelof,2,21
Mathlib.Analysis.Complex.Hadamard,0,99
Mathlib.Analysis.Complex.Hadamard,1,69
Mathlib.Analysis.Distribution.DerivNotation,0,15
Mathlib.Analysis.Distribution.DerivNotation,1,9
Mathlib.Analysis.Distribution.DerivNotation,1024,3
Mathlib.Analysis.InnerProductSpace.Laplacian,0,13
Mathlib.Analysis.InnerProductSpace.Laplacian,1,16
Mathlib.Analysis.InnerProductSpace.Laplacian,2,174
Mathlib.Analysis.InnerProductSpace.Laplacian,60,1
Mathlib.Analysis.InnerProductSpace.Laplacian,1022,1
Mathlib.Analysis.InnerProductSpace.Harmonic.Basic,0,1
Mathlib.Analysis.InnerProductSpace.Harmonic.Basic,2,1
Mathlib.Analysis.Complex.Harmonic.Analytic,1,2
Mathlib.MeasureTheory.Integral.IntervalAverage,0,4
Mathlib.MeasureTheory.Integral.IntervalAverage,60,1
Mathlib.MeasureTheory.Integral.IntervalAverage,1022,1
Mathlib.MeasureTheory.Measure.Haar.Quotient,0,2
Mathlib.Topology.Algebra.Order.Floor,0,11
Mathlib.Topology.Algebra.Order.Floor,1,22
Mathlib.MeasureTheory.Integral.IntervalIntegral.Periodic,0,59
Mathlib.MeasureTheory.Integral.IntervalIntegral.Periodic,1,20
Mathlib.MeasureTheory.Integral.IntervalIntegral.Periodic,2,1
Mathlib.MeasureTheory.Integral.CircleAverage,0,15
Mathlib.MeasureTheory.Integral.CircleAverage,1,3
Mathlib.MeasureTheory.Integral.CircleAverage,2,10
Mathlib.Analysis.Complex.UpperHalfPlane.Basic,0,113
Mathlib.Analysis.Complex.UpperHalfPlane.Basic,1,2
Mathlib.Analysis.Complex.UpperHalfPlane.Basic,1024,1
Mathlib.Analysis.Complex.IntegerCompl,0,5
Mathlib.Analysis.Complex.IntegerCompl,1,1
Mathlib.Analysis.Complex.IntegerCompl,2,2
Mathlib.Analysis.InnerProductSpace.Harmonic.Constructions,0,1
Mathlib.Analysis.InnerProductSpace.Harmonic.Constructions,2,1
Mathlib.Analysis.SpecialFunctions.Log.NegMulLog,0,26
Mathlib.Analysis.SpecialFunctions.Log.NegMulLog,1,10
Mathlib.Analysis.SpecialFunctions.Log.NegMulLog,2,2
Mathlib.Analysis.SpecialFunctions.Integrability.Basic,0,14
Mathlib.Analysis.SpecialFunctions.Integrability.Basic,1,8
Mathlib.Analysis.SpecialFunctions.Integrability.Basic,2,2
Mathlib.Analysis.SpecialFunctions.Trigonometric.Sinc,0,10
Mathlib.Analysis.SpecialFunctions.Trigonometric.Sinc,1,7
Mathlib.Analysis.SpecialFunctions.Integrals.Basic,0,27
Mathlib.Analysis.SpecialFunctions.Integrals.Basic,1,69
Mathlib.Analysis.SpecialFunctions.Integrals.Basic,2,68
Mathlib.Analysis.SpecialFunctions.Integrals.Basic,3,15
Mathlib.Analysis.SpecialFunctions.Integrals.Basic,4,2
Mathlib.Analysis.SpecialFunctions.Integrals.Basic,8,1
Mathlib.Analysis.SpecialFunctions.Integrals.Basic,32,1
Mathlib.Analysis.Meromorphic.Order,0,40
Mathlib.Analysis.Meromorphic.Order,1,1
Mathlib.Topology.LocallyFinsupp,0,10
Mathlib.Topology.LocallyFinsupp,1,1
Mathlib.Analysis.Meromorphic.Divisor,0,11
Mathlib.Analysis.Meromorphic.Divisor,1,1
Mathlib.Analysis.Meromorphic.IsolatedZeros,0,4
Mathlib.Analysis.Meromorphic.NormalForm,0,36
Mathlib.Analysis.Meromorphic.TrailingCoefficient,0,12
Mathlib.Analysis.Meromorphic.TrailingCoefficient,1,1
Mathlib.Analysis.Meromorphic.FactorizedRational,0,10
Mathlib.Analysis.SpecialFunctions.Log.PosLog,0,11
Mathlib.Analysis.SpecialFunctions.Log.PosLog,1,4
Mathlib.Analysis.SpecialFunctions.Log.PosLog,2,3
Mathlib.Analysis.SpecialFunctions.Log.PosLog,1024,1
Mathlib.Analysis.SpecialFunctions.Integrability.LogMeromorphic,0,2
Mathlib.Analysis.SpecialFunctions.Integrals.LogTrigonometric,0,2
Mathlib.Analysis.SpecialFunctions.Integrals.LogTrigonometric,2,4
Mathlib.Analysis.SpecialFunctions.Integrals.PosLogEqCircleAverage,0,8
Mathlib.Analysis.SpecialFunctions.Integrals.PosLogEqCircleAverage,1,8
Mathlib.Analysis.Complex.JensenFormula,0,3
Mathlib.Analysis.Complex.OpenMapping,0,20
Mathlib.Analysis.Complex.OpenMapping,2,1
Mathlib.Order.Filter.ZeroAndBoundedAtFilter,0,2
Mathlib.Order.Filter.ZeroAndBoundedAtFilter,1,1
Mathlib.Analysis.Complex.Periodic,0,49
Mathlib.Analysis.Complex.Periodic,2,9
Mathlib.Analysis.Complex.Polynomial.GaussLucas,0,10
Mathlib.Analysis.Complex.Polynomial.GaussLucas,1,2
Mathlib.Analysis.Complex.Polynomial.GaussLucas,2,2
Mathlib.Analysis.Complex.Polynomial.UnitTrinomial,0,2
Mathlib.Analysis.Complex.Positivity,0,8
Mathlib.Analysis.Complex.Positivity,1,1
Mathlib.Order.Monotone.Odd,0,4
Mathlib.Order.Interval.Set.IsoIoo,1,18
Mathlib.Topology.UrysohnsBounded,0,2
Mathlib.Topology.UrysohnsBounded,1,2
Mathlib.Topology.TietzeExtension,2,1
Mathlib.Topology.TietzeExtension,3,2
Mathlib.Analysis.Complex.Tietze,0,8
Mathlib.Analysis.Complex.Tietze,1,4
Mathlib.Analysis.Normed.Module.Ball.Action,0,429
Mathlib.Analysis.Normed.Module.Ball.Action,1,306
Mathlib.Analysis.Complex.UnitDisc.Basic,0,93
Mathlib.Analysis.Complex.UnitDisc.Basic,1,100
Mathlib.Analysis.Complex.UnitDisc.Basic,2,1
Mathlib.Analysis.Complex.UnitDisc.Basic,1024,1
Mathlib.Analysis.Complex.UpperHalfPlane.Exp,0,3
Mathlib.Analysis.Complex.UpperHalfPlane.Exp,1,5
Mathlib.Analysis.Complex.UpperHalfPlane.Exp,2,2
Mathlib.Data.Fintype.Parity,2,2
Mathlib.Analysis.Complex.UpperHalfPlane.MoebiusAction,0,66
Mathlib.Analysis.Complex.UpperHalfPlane.MoebiusAction,1,51
Mathlib.Analysis.Complex.UpperHalfPlane.MoebiusAction,2,7958
Mathlib.Analysis.Complex.UpperHalfPlane.MoebiusAction,1024,4
Mathlib.Analysis.Complex.UpperHalfPlane.Topology,0,16
Mathlib.Analysis.Complex.UpperHalfPlane.Topology,2,69
Mathlib.Analysis.Complex.UpperHalfPlane.Topology,1022,1
Mathlib.Analysis.Complex.UpperHalfPlane.FunctionsBoundedAtInfty,0,4
Mathlib.Analysis.Complex.UpperHalfPlane.FunctionsBoundedAtInfty,1,2
Mathlib.Analysis.Complex.UpperHalfPlane.FunctionsBoundedAtInfty,2,45
Mathlib.Analysis.Complex.UpperHalfPlane.Manifold,0,12
Mathlib.Analysis.Complex.UpperHalfPlane.Manifold,2,174
Mathlib.Analysis.SpecialFunctions.Trigonometric.DerivHyp,0,64
Mathlib.Analysis.SpecialFunctions.Trigonometric.DerivHyp,1,10
Mathlib.Analysis.SpecialFunctions.Trigonometric.DerivHyp,2,8
Mathlib.Analysis.SpecialFunctions.Arsinh,0,12
Mathlib.Analysis.SpecialFunctions.Arsinh,1,13
Mathlib.Analysis.SpecialFunctions.Arsinh,2,13
Mathlib.Geometry.Euclidean.Inversion.Basic,0,10
Mathlib.Geometry.Euclidean.Inversion.Basic,2,9
Mathlib.Analysis.Complex.UpperHalfPlane.Metric,0,11
Mathlib.Analysis.Complex.UpperHalfPlane.Metric,1,4
Mathlib.Analysis.Complex.UpperHalfPlane.Metric,2,49
Mathlib.Analysis.Complex.UpperHalfPlane.Metric,4,1
Mathlib.Analysis.Complex.ValueDistribution.LogCounting.Basic,0,146
Mathlib.Analysis.Complex.ValueDistribution.LogCounting.Basic,1,9
Mathlib.Analysis.Complex.ValueDistribution.Proximity.Basic,0,25
Mathlib.Analysis.Complex.ValueDistribution.Proximity.Basic,2,1
Mathlib.Analysis.Complex.ValueDistribution.CharacteristicFunction,0,17
Mathlib.Analysis.Complex.ValueDistribution.CharacteristicFunction,1,7
Mathlib.Analysis.Complex.ValueDistribution.CharacteristicFunction,2,2
Mathlib.Analysis.Complex.ValueDistribution.FirstMainTheorem,0,8
Mathlib.Analysis.Complex.ValueDistribution.FirstMainTheorem,1,3
Mathlib.Analysis.Complex.ValueDistribution.FirstMainTheorem,2,1
Mathlib.Analysis.ConstantSpeed,0,12
Mathlib.Analysis.ConstantSpeed,1,1
Mathlib.Analysis.Convex.AmpleSet,1,1
Mathlib.Analysis.Convex.Between,0,35
Mathlib.Analysis.Convex.Between,1,90
Mathlib.Analysis.Convex.Between,2,7
Mathlib.Analysis.Convex.Between,3,4
Mathlib.Analysis.Convex.BetweenList,1,1
Mathlib.Combinatorics.Hall.Finite,1,2
Mathlib.Data.PEquiv,0,1
Mathlib.Data.PEquiv,1,1
Mathlib.Data.PEquiv,25,2
Mathlib.Data.PEquiv,26,1
Mathlib.Data.Matrix.PEquiv,0,7
Mathlib.Data.Matrix.PEquiv,1,8
Mathlib.LinearAlgebra.Matrix.Permutation,1,6
Mathlib.LinearAlgebra.Matrix.Stochastic,0,26
Mathlib.LinearAlgebra.Matrix.Stochastic,1,46
Mathlib.Analysis.Convex.DoublyStochasticMatrix,0,11
Mathlib.Analysis.Convex.DoublyStochasticMatrix,1,37
Mathlib.Analysis.Convex.Birkhoff,0,1
Mathlib.Analysis.Convex.Birkhoff,1,2
Mathlib.Analysis.Convex.Body,0,10
Mathlib.Analysis.Convex.Body,1,2
Mathlib.Analysis.Convex.Caratheodory,0,1
Mathlib.Analysis.Convex.Caratheodory,1,1
Mathlib.Geometry.Convex.Cone.Pointed,0,63
Mathlib.Analysis.Convex.Cone.Closure,0,6
Mathlib.Topology.Algebra.Order.Module,0,3
Mathlib.Analysis.Convex.Cone.Basic,0,32
Mathlib.Geometry.Convex.Cone.Dual,0,26
Mathlib.Analysis.Convex.Cone.Dual,0,25
Mathlib.Analysis.Convex.Cone.InnerDual,0,26
Mathlib.Analysis.Normed.Affine.Convex,1,12
Mathlib.Analysis.Convex.Continuous,0,2
Mathlib.Analysis.Convex.Continuous,2,2
Mathlib.Analysis.Convex.GaugeRescale,0,20
Mathlib.Analysis.Convex.GaugeRescale,1,3
Mathlib.Analysis.Convex.Integral,0,9
Mathlib.Analysis.Convex.Measure,0,1
Mathlib.Analysis.Convex.Quasiconvex,0,6
Mathlib.Analysis.Convex.Quasiconvex,1,3
Mathlib.Analysis.Convex.Radon,1,12
Mathlib.Analysis.Convex.Side,0,37
Mathlib.Analysis.Convex.Side,1,556
Mathlib.Analysis.Convex.SimplicialComplex.Basic,0,1
Mathlib.Analysis.Convex.SimplicialComplex.Basic,1,1
Mathlib.Analysis.Convex.SpecificFunctions.Pow,0,9
Mathlib.Analysis.Convex.SpecificFunctions.Pow,1,4
Mathlib.Analysis.Convex.StrictCombination,0,18
Mathlib.Analysis.Convex.StrictCombination,1,7
Mathlib.Analysis.Convex.StrictConvexBetween,1,1
Mathlib.Analysis.Convex.StrictConvexBetween,2,2
Mathlib.Analysis.Convex.Strong,0,26
Mathlib.Analysis.Convex.Strong,1,6
Mathlib.Analysis.Convex.Strong,2,12
Mathlib.Analysis.Convex.Visible,0,3
Mathlib.Analysis.Convex.Visible,1,2
Mathlib.Analysis.Distribution.ContDiffMapSupportedIn,0,1755
Mathlib.Analysis.Distribution.ContDiffMapSupportedIn,1,1
Mathlib.Analysis.Distribution.ContDiffMapSupportedIn,1024,6
Mathlib.Analysis.Distribution.TestFunction,0,10
Mathlib.Analysis.Distribution.TestFunction,1,1
Mathlib.Analysis.Distribution.TestFunction,1024,2
Mathlib.Analysis.Distribution.Distribution,0,5
Mathlib.Analysis.Distribution.Distribution,1024,2
Mathlib.MeasureTheory.Integral.Layercake,0,38
Mathlib.Analysis.SpecialFunctions.JapaneseBracket,0,6
Mathlib.Analysis.SpecialFunctions.JapaneseBracket,1,15
Mathlib.Analysis.SpecialFunctions.JapaneseBracket,2,9
Mathlib.MeasureTheory.Measure.Lebesgue.Integral,0,7
Mathlib.MeasureTheory.Measure.Lebesgue.Integral,1,6
Mathlib.MeasureTheory.Measure.Lebesgue.Integral,2,1
Mathlib.Analysis.SpecialFunctions.ImproperIntegrals,0,28
Mathlib.Analysis.SpecialFunctions.ImproperIntegrals,1,20
Mathlib.Analysis.SpecialFunctions.ImproperIntegrals,2,6
Mathlib.MeasureTheory.Integral.ExpDecay,0,2
Mathlib.Analysis.SpecialFunctions.Gamma.Basic,0,75
Mathlib.Analysis.SpecialFunctions.Gamma.Basic,1,35
Mathlib.Analysis.SpecialFunctions.Gamma.Basic,2,1
Mathlib.Analysis.Normed.Group.ZeroAtInfty,0,3
Mathlib.Geometry.Manifold.Notation,0,6
Mathlib.Geometry.Manifold.Notation,1023,21
Mathlib.Geometry.Manifold.Notation,1024,13
Mathlib.Geometry.Manifold.SmoothApprox,0,4
Mathlib.MeasureTheory.Function.LpSpace.ContinuousFunctions,1,22
Mathlib.MeasureTheory.Function.ContinuousMapDense,0,11
Mathlib.MeasureTheory.Function.ContinuousMapDense,1,5
Mathlib.Analysis.Normed.Lp.SmoothApprox,0,2
Mathlib.Analysis.Normed.Lp.SmoothApprox,1,2
Mathlib.Tactic.MoveAdd,0,9
Mathlib.Tactic.MoveAdd,1,7
Mathlib.Tactic.MoveAdd,2,5
Mathlib.Tactic.MoveAdd,1000,1
Mathlib.Tactic.MoveAdd,1022,3
Mathlib.Analysis.Distribution.TemperateGrowth,0,9
Mathlib.Analysis.Distribution.TemperateGrowth,1,23
Mathlib.Analysis.Distribution.TemperateGrowth,2,4
Mathlib.MeasureTheory.Function.L2Space,0,2
Mathlib.MeasureTheory.Function.L2Space,1,8
Mathlib.MeasureTheory.Function.L2Space,2,249
Mathlib.Analysis.Distribution.SchwartzSpace.Basic,0,37
Mathlib.Analysis.Distribution.SchwartzSpace.Basic,1,12
Mathlib.Analysis.Distribution.SchwartzSpace.Basic,2,5
Mathlib.Analysis.Distribution.SchwartzSpace.Basic,1024,1
Mathlib.Analysis.Distribution.SchwartzSpace.Deriv,0,4
Mathlib.Analysis.Distribution.SchwartzSpace.Deriv,1,8
Mathlib.Analysis.InnerProductSpace.l2Space,0,15
Mathlib.Analysis.InnerProductSpace.l2Space,1,27
Mathlib.Analysis.InnerProductSpace.l2Space,2,1102
Mathlib.Analysis.InnerProductSpace.l2Space,1024,1
Mathlib.Analysis.Fourier.AddCircle,0,59
Mathlib.Analysis.Fourier.AddCircle,1,17
Mathlib.Analysis.Fourier.AddCircle,2,244
Mathlib.Analysis.Fourier.Notation,0,8
Mathlib.Analysis.Fourier.Notation,1,2
Mathlib.Analysis.Fourier.Notation,1024,2
Mathlib.Analysis.Fourier.FourierTransform,2,7
Mathlib.Analysis.Fourier.FourierTransformDeriv,1,8
Mathlib.Analysis.Fourier.FourierTransformDeriv,2,41
Mathlib.MeasureTheory.Integral.PeakFunction,0,22
Mathlib.MeasureTheory.Integral.PeakFunction,1,6
Mathlib.Analysis.SpecialFunctions.PolarCoord,0,10
Mathlib.Analysis.SpecialFunctions.PolarCoord,1,3
Mathlib.Analysis.SpecialFunctions.PolarCoord,2,59
Mathlib.Analysis.SpecialFunctions.Gaussian.GaussianIntegral,0,25
Mathlib.Analysis.SpecialFunctions.Gaussian.GaussianIntegral,1,21
Mathlib.Analysis.SpecialFunctions.Gaussian.GaussianIntegral,2,36
Mathlib.MeasureTheory.Integral.Pi,1,6
Mathlib.Analysis.SpecialFunctions.Gaussian.FourierTransform,0,30
Mathlib.Analysis.SpecialFunctions.Gaussian.FourierTransform,1,12
Mathlib.Analysis.SpecialFunctions.Gaussian.FourierTransform,2,100
Mathlib.Analysis.SpecialFunctions.Gaussian.FourierTransform,4,6
Mathlib.Analysis.Fourier.Inversion,2,7
Mathlib.Analysis.Distribution.SchwartzSpace.Fourier,2,32
Mathlib.MeasureTheory.Function.Holder,0,4
Mathlib.MeasureTheory.Function.Holder,1,113
Mathlib.Topology.Algebra.Module.PointwiseConvergence,0,10
Mathlib.Topology.Algebra.Module.PointwiseConvergence,25,2
Mathlib.Analysis.Distribution.TemperedDistribution,0,3
Mathlib.Analysis.Distribution.TemperedDistribution,1,389
Mathlib.Analysis.Distribution.TemperedDistribution,2,4
Mathlib.Analysis.Distribution.TemperedDistribution,1024,1
Mathlib.Analysis.Fourier.AddCircleMulti,0,1
Mathlib.Analysis.Fourier.AddCircleMulti,1,391
Mathlib.Analysis.Fourier.AddCircleMulti,2,230
Mathlib.Analysis.Fourier.BoundedContinuousFunctionChar,0,5
Mathlib.Analysis.Fourier.BoundedContinuousFunctionChar,1,3
Mathlib.Analysis.RCLike.Inner,0,25
Mathlib.Analysis.RCLike.Inner,1,7
Mathlib.Analysis.RCLike.Inner,2,12
Mathlib.Analysis.RCLike.Inner,1024,3
Mathlib.Analysis.Fourier.FiniteAbelian.Orthogonality,0,9
Mathlib.Analysis.Fourier.FiniteAbelian.Orthogonality,1,4
Mathlib.GroupTheory.FiniteAbelian.Basic,1,2
Mathlib.Analysis.Fourier.FiniteAbelian.PontryaginDuality,0,21
Mathlib.Analysis.Fourier.FiniteAbelian.PontryaginDuality,1,36
Mathlib.Analysis.Fourier.FiniteAbelian.PontryaginDuality,2,1
Mathlib.Analysis.Fourier.LpSpace,2,551
Mathlib.Analysis.Fourier.PoissonSummation,0,3
Mathlib.Analysis.Fourier.PoissonSummation,1,72
Mathlib.Analysis.Fourier.RiemannLebesgueLemma,0,10
Mathlib.Analysis.Fourier.RiemannLebesgueLemma,1,3
Mathlib.Analysis.Fourier.RiemannLebesgueLemma,2,5
Mathlib.Data.PNat.Prime,0,3
Mathlib.Data.PNat.Prime,1,14
Mathlib.Data.PNat.Prime,2,3
Mathlib.Data.PNat.Prime,3,2
Mathlib.Data.PNat.Prime,5,2
Mathlib.NumberTheory.ArithmeticFunction.Moebius,0,36
Mathlib.NumberTheory.ArithmeticFunction.Moebius,1,24
Mathlib.NumberTheory.ArithmeticFunction.Moebius,2,2
Mathlib.NumberTheory.ArithmeticFunction.Moebius,1024,1
Mathlib.RingTheory.RootsOfUnity.PrimitiveRoots,0,32
Mathlib.RingTheory.RootsOfUnity.PrimitiveRoots,1,61
Mathlib.RingTheory.RootsOfUnity.PrimitiveRoots,2,3
Mathlib.Tactic.Qify,1022,1
Mathlib.Tactic.Rify,1022,1
Mathlib.RingTheory.RootsOfUnity.Complex,0,12
Mathlib.RingTheory.RootsOfUnity.Complex,1,5
Mathlib.RingTheory.RootsOfUnity.Complex,2,8
Mathlib.RingTheory.Polynomial.Cyclotomic.Basic,0,28
Mathlib.RingTheory.Polynomial.Cyclotomic.Basic,1,41
Mathlib.RingTheory.Polynomial.Cyclotomic.Basic,2,6
Mathlib.RingTheory.Polynomial.Cyclotomic.Basic,3,1
Mathlib.Data.ZMod.ValMinAbs,0,14
Mathlib.Data.ZMod.ValMinAbs,1,10
Mathlib.Data.ZMod.ValMinAbs,2,18
Mathlib.FieldTheory.Finite.Basic,0,27
Mathlib.FieldTheory.Finite.Basic,1,46
Mathlib.FieldTheory.Finite.Basic,2,30
Mathlib.RingTheory.RootsOfUnity.Minpoly,0,1
Mathlib.RingTheory.RootsOfUnity.Minpoly,1,1
Mathlib.RingTheory.Polynomial.Cyclotomic.Roots,0,10
Mathlib.RingTheory.Polynomial.Cyclotomic.Roots,1,2
Mathlib.FieldTheory.KrullTopology,1,2
Mathlib.FieldTheory.Galois.GaloisClosure,0,1
Mathlib.FieldTheory.Galois.GaloisClosure,1,2
Mathlib.Topology.Algebra.Group.ClosedSubgroup,0,2
Mathlib.Topology.Algebra.Group.ClosedSubgroup,1,2
Mathlib.NumberTheory.Cyclotomic.Basic,0,91
Mathlib.NumberTheory.Cyclotomic.Basic,1,79
Mathlib.RingTheory.Norm.Basic,0,13
Mathlib.RingTheory.Norm.Basic,1,2
Mathlib.RingTheory.Norm.Transitivity,0,9
Mathlib.RingTheory.Norm.Transitivity,1,8
Mathlib.RingTheory.Norm.Transitivity,1024,1
Mathlib.Data.Nat.MaxPowDiv,0,28
Mathlib.Data.Nat.MaxPowDiv,1,19
Mathlib.NumberTheory.Padics.PadicVal.Basic,0,61
Mathlib.NumberTheory.Padics.PadicVal.Basic,1,36
Mathlib.NumberTheory.Padics.PadicVal.Basic,2,2
Mathlib.RingTheory.Polynomial.Cyclotomic.Eval,0,5
Mathlib.RingTheory.Polynomial.Cyclotomic.Eval,1,26
Mathlib.RingTheory.Polynomial.Cyclotomic.Eval,2,2
Mathlib.RingTheory.Polynomial.Cyclotomic.Eval,3,1
Mathlib.RingTheory.Polynomial.Cyclotomic.Expand,0,2
Mathlib.RingTheory.Polynomial.Cyclotomic.Expand,1,3
Mathlib.RingTheory.Polynomial.Cyclotomic.Expand,2,1
Mathlib.RingTheory.Polynomial.Cyclotomic.Expand,6,1
Mathlib.NumberTheory.Cyclotomic.PrimitiveRoots,0,8
Mathlib.NumberTheory.Cyclotomic.PrimitiveRoots,1,54
Mathlib.NumberTheory.Cyclotomic.PrimitiveRoots,2,33
Mathlib.FieldTheory.Finite.GaloisField,0,2
Mathlib.FieldTheory.Finite.GaloisField,1,17
Mathlib.FieldTheory.Finite.Trace,0,2
Mathlib.Data.ZMod.Units,1,4
Mathlib.NumberTheory.LegendreSymbol.AddCharacter,0,14
Mathlib.NumberTheory.LegendreSymbol.AddCharacter,1,21
Mathlib.RingTheory.RootsOfUnity.EnoughRootsOfUnity,1,1
Mathlib.Analysis.SpecialFunctions.Complex.CircleAddChar,1,44
Mathlib.Analysis.SpecialFunctions.Complex.CircleAddChar,2,6
Mathlib.NumberTheory.MulChar.Basic,0,44
Mathlib.NumberTheory.MulChar.Basic,1,34
Mathlib.NumberTheory.MulChar.Basic,2,3
Mathlib.NumberTheory.DirichletCharacter.Basic,0,13
Mathlib.NumberTheory.DirichletCharacter.Basic,1,42
Mathlib.NumberTheory.DirichletCharacter.Basic,2,3
Mathlib.Data.Int.Range,1,4
Mathlib.NumberTheory.LegendreSymbol.ZModChar,0,464
Mathlib.NumberTheory.LegendreSymbol.ZModChar,1,278
Mathlib.NumberTheory.LegendreSymbol.ZModChar,2,88
Mathlib.NumberTheory.LegendreSymbol.ZModChar,3,112
Mathlib.NumberTheory.LegendreSymbol.ZModChar,4,276
Mathlib.NumberTheory.LegendreSymbol.ZModChar,5,48
Mathlib.NumberTheory.LegendreSymbol.ZModChar,6,48
Mathlib.NumberTheory.LegendreSymbol.ZModChar,7,148
Mathlib.NumberTheory.LegendreSymbol.ZModChar,8,262
Mathlib.NumberTheory.GaussSum,0,2
Mathlib.NumberTheory.GaussSum,1,12
Mathlib.NumberTheory.GaussSum,2,9
Mathlib.NumberTheory.GaussSum,8,14
Mathlib.NumberTheory.DirichletCharacter.GaussSum,0,2
Mathlib.NumberTheory.DirichletCharacter.GaussSum,1,3
Mathlib.Analysis.Fourier.ZMod,0,1
Mathlib.Analysis.Fourier.ZMod,1024,2
Mathlib.Analysis.InnerProductSpace.NormPow,1,20
Mathlib.Analysis.InnerProductSpace.NormPow,2,5
Mathlib.Order.Grade,0,4
Mathlib.Data.Finset.Grade,1,1
Mathlib.Data.Finset.Interval,1,3
Mathlib.Data.Finset.Interval,2,7
Mathlib.Analysis.FunctionalSpaces.SobolevInequality,0,5
Mathlib.Analysis.FunctionalSpaces.SobolevInequality,1,33
Mathlib.Analysis.FunctionalSpaces.SobolevInequality,2,54
Mathlib.Analysis.Hofer,0,3
Mathlib.Analysis.Hofer,2,2
Mathlib.Analysis.InnerProductSpace.Affine,0,11
Mathlib.Analysis.InnerProductSpace.Affine,2,16
Mathlib.Analysis.InnerProductSpace.TensorProduct,1,1
Mathlib.Analysis.InnerProductSpace.TensorProduct,2,42
Mathlib.Analysis.InnerProductSpace.Coalgebra,1,5
Mathlib.Analysis.InnerProductSpace.Coalgebra,2,2658
Mathlib.LinearAlgebra.Matrix.DotProduct,0,41
Mathlib.LinearAlgebra.Matrix.ZPow,0,13
Mathlib.LinearAlgebra.Matrix.ZPow,1,14
Mathlib.LinearAlgebra.Matrix.Hermitian,0,1
Mathlib.LinearAlgebra.Matrix.Hermitian,1,1
Mathlib.LinearAlgebra.Matrix.Hermitian,65,2
Mathlib.LinearAlgebra.Matrix.Hermitian,66,1
Mathlib.LinearAlgebra.Matrix.Hadamard,0,9
Mathlib.LinearAlgebra.Matrix.Hadamard,1,14
Mathlib.LinearAlgebra.Matrix.Hadamard,100,2
Mathlib.LinearAlgebra.Matrix.Hadamard,101,1
Mathlib.LinearAlgebra.Matrix.Vec,0,4
Mathlib.LinearAlgebra.Matrix.Vec,1,2
Mathlib.LinearAlgebra.Matrix.PosDef,0,38
Mathlib.LinearAlgebra.Matrix.PosDef,1,2
Mathlib.Analysis.InnerProductSpace.GramMatrix,0,2
Mathlib.Analysis.InnerProductSpace.Rayleigh,0,45
Mathlib.Analysis.InnerProductSpace.Rayleigh,2,5
Mathlib.Data.Fin.Tuple.Sort,1,1
Mathlib.Analysis.InnerProductSpace.Spectrum,0,4
Mathlib.Analysis.InnerProductSpace.Spectrum,1,194
Mathlib.Analysis.InnerProductSpace.Spectrum,2,62
Mathlib.Analysis.InnerProductSpace.LaxMilgram,0,2
Mathlib.Analysis.InnerProductSpace.ProdL2,1,1
Mathlib.Analysis.InnerProductSpace.ProdL2,2,294
Mathlib.Analysis.InnerProductSpace.LinearPMap,0,4
Mathlib.Analysis.InnerProductSpace.LinearPMap,2,56
Mathlib.Analysis.InnerProductSpace.LinearPMap,1024,2
Mathlib.Dynamics.BirkhoffSum.Basic,0,4
Mathlib.Dynamics.BirkhoffSum.Basic,1,4
Mathlib.Dynamics.BirkhoffSum.Average,0,6
Mathlib.Dynamics.BirkhoffSum.Average,1,2
Mathlib.Dynamics.BirkhoffSum.NormedSpace,0,2
Mathlib.Dynamics.BirkhoffSum.NormedSpace,1,2
Mathlib.Analysis.InnerProductSpace.MeanErgodic,1,49
Mathlib.Analysis.InnerProductSpace.OfNorm,2,11
Mathlib.Analysis.Matrix.Hermitian,0,1
Mathlib.Analysis.Matrix.Hermitian,2,73
Mathlib.Analysis.InnerProductSpace.Positive,0,32
Mathlib.Analysis.InnerProductSpace.Positive,1,2
Mathlib.Analysis.InnerProductSpace.Positive,2,75
Mathlib.LinearAlgebra.Complex.Orientation,2,4
Mathlib.Analysis.InnerProductSpace.TwoDim,0,148
Mathlib.Analysis.InnerProductSpace.TwoDim,1,43
Mathlib.Analysis.InnerProductSpace.TwoDim,2,300
Mathlib.Analysis.LocallyConvex.WeakOperatorTopology,0,9
Mathlib.Analysis.LocallyConvex.WeakOperatorTopology,25,2
Mathlib.Analysis.LocallyConvex.AbsConvexOpen,0,12
Mathlib.Analysis.LocallyConvex.AbsConvexOpen,1,1
Mathlib.Analysis.LocallyConvex.ContinuousOfBounded,0,5
Mathlib.Analysis.LocallyConvex.PointwiseConvergence,0,2
Mathlib.Analysis.LocallyConvex.WeakDual,0,2
Mathlib.LinearAlgebra.Matrix.Rank,0,13
Mathlib.LinearAlgebra.Matrix.Rank,1,8
Mathlib.Analysis.Matrix.Spectrum,0,9
Mathlib.Analysis.Matrix.Spectrum,1,2
Mathlib.Analysis.Matrix.Spectrum,2,363
Mathlib.Analysis.Matrix.PosDef,0,18
Mathlib.Analysis.Matrix.LDL,0,2
Mathlib.Analysis.Matrix.LDL,2,15
Mathlib.Analysis.RCLike.Sqrt,0,12
Mathlib.Analysis.RCLike.Sqrt,1,19
Mathlib.Analysis.RCLike.Sqrt,2,10
Mathlib.Analysis.SpecialFunctions.ContinuousFunctionalCalculus.Rpow.Isometric,0,12
Mathlib.Analysis.SpecialFunctions.ContinuousFunctionalCalculus.Abs,0,9
Mathlib.Analysis.SpecialFunctions.ContinuousFunctionalCalculus.Abs,1,2
Mathlib.Analysis.SpecialFunctions.ContinuousFunctionalCalculus.Abs,2,6
Mathlib.Analysis.Matrix.Order,0,13
Mathlib.Analysis.Matrix.Order,1,2
Mathlib.Analysis.Matrix.Order,2,8
Mathlib.Analysis.MellinTransform,0,46
Mathlib.Analysis.MellinTransform,1,15
Mathlib.Analysis.MellinTransform,2,1
Mathlib.Analysis.MellinInversion,0,4
Mathlib.Analysis.MellinInversion,1,1
Mathlib.Analysis.MellinInversion,2,5
Mathlib.Analysis.SpecificLimits.RCLike,0,2
Mathlib.Analysis.SpecialFunctions.Complex.LogBounds,0,11
Mathlib.Analysis.SpecialFunctions.Complex.LogBounds,1,77
Mathlib.Analysis.SpecialFunctions.Complex.LogBounds,2,9
Mathlib.Analysis.SpecialFunctions.Complex.LogBounds,3,1
Mathlib.Analysis.SpecialFunctions.Trigonometric.EulerSineProd,0,25
Mathlib.Analysis.SpecialFunctions.Trigonometric.EulerSineProd,1,15
Mathlib.Analysis.SpecialFunctions.Trigonometric.EulerSineProd,2,59
Mathlib.Analysis.SpecialFunctions.Trigonometric.EulerSineProd,4,1
Mathlib.Analysis.SpecialFunctions.Gamma.Deriv,0,8
Mathlib.Analysis.SpecialFunctions.Gamma.Deriv,1,6
Mathlib.Analysis.SpecialFunctions.Gamma.BohrMollerup,0,43
Mathlib.Analysis.SpecialFunctions.Gamma.BohrMollerup,1,43
Mathlib.Analysis.SpecialFunctions.Gamma.BohrMollerup,2,22
Mathlib.Analysis.SpecialFunctions.Gamma.BohrMollerup,3,1
Mathlib.Analysis.SpecialFunctions.Gamma.Beta,0,29
Mathlib.Analysis.SpecialFunctions.Gamma.Beta,1,47
Mathlib.Analysis.SpecialFunctions.Gamma.Beta,2,11
Mathlib.Topology.Algebra.AsymptoticCone,0,9
Mathlib.Analysis.Normed.Affine.AsymptoticCone,0,6
Mathlib.Analysis.Normed.Affine.AsymptoticCone,1,2
Mathlib.LinearAlgebra.AffineSpace.Ceva,0,1
Mathlib.LinearAlgebra.AffineSpace.Ceva,1,13
Mathlib.LinearAlgebra.AffineSpace.Ceva,2,12
Mathlib.LinearAlgebra.AffineSpace.Ceva,3,33
Mathlib.Analysis.Normed.Affine.Ceva,1,34
Mathlib.Analysis.Normed.Affine.Ceva,2,45
Mathlib.Analysis.Normed.Affine.Ceva,3,35
Mathlib.Analysis.Normed.Affine.ContinuousAffineMap,0,11
Mathlib.Analysis.Normed.Affine.MazurUlam,0,11
Mathlib.Analysis.Normed.Affine.Simplex,0,7
Mathlib.Analysis.Normed.Affine.Simplex,1,134
Mathlib.Analysis.Normed.Affine.Simplex,2,37
Mathlib.Analysis.Normed.Affine.Simplex,3,6
Mathlib.Topology.Instances.TrivSqZeroExt,0,2
Mathlib.Analysis.Normed.Algebra.TrivSqZeroExt,0,1
Mathlib.Analysis.Normed.Algebra.TrivSqZeroExt,1,18
Mathlib.Analysis.Normed.Algebra.DualNumber,1,3
Mathlib.Analysis.Polynomial.Factorization,1,4
Mathlib.Analysis.Polynomial.Factorization,2,3
Mathlib.Analysis.Normed.Algebra.GelfandMazur,0,2
Mathlib.Analysis.Normed.Algebra.GelfandMazur,2,1
Mathlib.Analysis.Quaternion,0,53
Mathlib.Analysis.Quaternion,1,88
Mathlib.Analysis.Quaternion,2,54
Mathlib.Analysis.Quaternion,3,4
Mathlib.Analysis.Quaternion,4,243
Mathlib.Analysis.Quaternion,1024,1
Mathlib.Analysis.SpecialFunctions.Trigonometric.Series,1,28
Mathlib.Analysis.SpecialFunctions.Trigonometric.Series,2,42
Mathlib.Analysis.Normed.Algebra.QuaternionExponential,0,15
Mathlib.Analysis.Normed.Algebra.QuaternionExponential,1,44
Mathlib.Analysis.Normed.Algebra.QuaternionExponential,2,37
Mathlib.Topology.MetricSpace.Ultra.Basic,0,5
Mathlib.Analysis.Normed.Group.Ultra,0,30
Mathlib.Analysis.Normed.Group.Ultra,1,12
Mathlib.Analysis.Normed.Ring.Ultra,1,8
Mathlib.Analysis.Normed.Field.Ultra,1,13
Mathlib.Analysis.Normed.Group.Completeness,1,1
Mathlib.Analysis.Normed.Group.ControlledClosure,0,4
Mathlib.Analysis.Normed.Group.HomCompletion,0,4
Mathlib.Analysis.Normed.Group.SemiNormedGrp,0,12
Mathlib.Analysis.Normed.Group.SemiNormedGrp,1,4
Mathlib.Analysis.Normed.Group.SemiNormedGrp.Completion,0,2
Mathlib.Analysis.Normed.Group.SemiNormedGrp.Kernels,0,67
Mathlib.Analysis.Normed.Group.SeparationQuotient,0,58
Mathlib.Analysis.Normed.Group.SeparationQuotient,1,2
Mathlib.Analysis.Normed.Lp.LpEquiv,1,4
Mathlib.Analysis.Normed.Module.Ball.RadialEquiv,0,359
Mathlib.Analysis.Normed.Module.Ball.RadialEquiv,1,48
Mathlib.Analysis.Normed.Module.MStructure,0,6
Mathlib.Analysis.Normed.Module.MStructure,1,27
Mathlib.Analysis.SpecialFunctions.Log.Summable,0,10
Mathlib.Analysis.SpecialFunctions.Log.Summable,1,14
Mathlib.Analysis.Normed.Module.MultipliableUniformlyOn,0,2
Mathlib.Analysis.Normed.Module.MultipliableUniformlyOn,1,16
Mathlib.LinearAlgebra.PiTensorProduct,0,107
Mathlib.LinearAlgebra.PiTensorProduct,1,6
Mathlib.LinearAlgebra.PiTensorProduct,100,2
Mathlib.Analysis.Normed.Module.PiTensorProduct.ProjectiveSeminorm,0,1
Mathlib.Analysis.Normed.Module.PiTensorProduct.InjectiveSeminorm,1,4
Mathlib.Analysis.Normed.Operator.Compact,0,17
Mathlib.Analysis.Normed.Order.Hom.Basic,0,4
Mathlib.Analysis.Normed.Order.UpperLower,0,2
Mathlib.Analysis.Normed.Order.UpperLower,4,4
Mathlib.Analysis.Normed.Ring.Int,1,2
Mathlib.Analysis.Normed.Unbundled.RingSeminorm,0,108
Mathlib.Analysis.Normed.Unbundled.RingSeminorm,1,77
Mathlib.Analysis.Normed.Unbundled.AlgebraNorm,0,4
Mathlib.Analysis.Normed.Unbundled.AlgebraNorm,1,8
Mathlib.Analysis.Normed.Unbundled.SeminormFromBounded,0,61
Mathlib.Analysis.Normed.Unbundled.SeminormFromBounded,1,8
Mathlib.Topology.Algebra.Order.LiminfLimsup,0,8
Mathlib.Analysis.Normed.Unbundled.SmoothingSeminorm,0,4
Mathlib.Analysis.Normed.Unbundled.SmoothingSeminorm,1,41
Mathlib.Analysis.Normed.Unbundled.FiniteExtension,0,7
Mathlib.Analysis.Normed.Unbundled.FiniteExtension,1,7
Mathlib.Analysis.Normed.Unbundled.IsPowMulFaithful,0,8
Mathlib.Analysis.Normed.Unbundled.SeminormFromConst,0,24
Mathlib.Analysis.Normed.Unbundled.SeminormFromConst,1,43
Mathlib.Analysis.Normed.Unbundled.SpectralNorm,0,24
Mathlib.Analysis.Normed.Unbundled.SpectralNorm,1,29
Mathlib.Analysis.ODE.Gronwall,0,16
Mathlib.Analysis.ODE.Gronwall,1,3
Mathlib.Topology.MetricSpace.Contracting,0,3
Mathlib.Topology.MetricSpace.Contracting,1,23
Mathlib.Analysis.ODE.PicardLindelof,0,9
Mathlib.Analysis.ODE.PicardLindelof,1,6
Mathlib.Analysis.PSeriesComplex,1,2
Mathlib.Analysis.Polynomial.Basic,0,37
Mathlib.Analysis.Polynomial.CauchyBound,0,3
Mathlib.Analysis.Polynomial.CauchyBound,1,10
Mathlib.Analysis.Polynomial.Fourier,0,8
Mathlib.Analysis.Polynomial.Fourier,1,2
Mathlib.Analysis.Polynomial.Fourier,2,205
Mathlib.RingTheory.MvPowerSeries.Basic,0,56
Mathlib.RingTheory.MvPowerSeries.Basic,1,32
Mathlib.RingTheory.PowerSeries.Basic,0,47
Mathlib.RingTheory.PowerSeries.Basic,1,34
Mathlib.RingTheory.PowerSeries.Basic,9000,1
Mathlib.RingTheory.MvPowerSeries.Order,0,59
Mathlib.RingTheory.MvPowerSeries.Order,1,11
Mathlib.RingTheory.PowerSeries.Order,0,45
Mathlib.RingTheory.PowerSeries.Order,1,8
Mathlib.RingTheory.PowerSeries.GaussNorm,0,8
Mathlib.RingTheory.Polynomial.GaussNorm,0,15
Mathlib.Analysis.Polynomial.Norm,0,6
Mathlib.Analysis.Polynomial.Norm,1,3
Mathlib.Analysis.Polynomial.MahlerMeasure,0,35
Mathlib.Analysis.Polynomial.MahlerMeasure,1,20
Mathlib.Analysis.Polynomial.MahlerMeasure,2,4
Mathlib.Analysis.RCLike.BoundedContinuous,1,1
Mathlib.Order.Filter.FilterProduct,0,2
Mathlib.Analysis.Real.Hyperreal,0,82
Mathlib.Analysis.Real.Hyperreal,1,7
Mathlib.Analysis.Real.Hyperreal,1024,3
Mathlib.Analysis.Real.OfDigits,0,8
Mathlib.Analysis.Real.OfDigits,1,22
Mathlib.Analysis.Real.Pi.Bounds,0,10
Mathlib.Analysis.Real.Pi.Bounds,1,11
Mathlib.Analysis.Real.Pi.Bounds,2,18
Mathlib.Analysis.Real.Pi.Bounds,3,3
Mathlib.Analysis.Real.Pi.Bounds,4,7
Mathlib.Analysis.Real.Pi.Bounds,6,2
Mathlib.Analysis.Real.Pi.Bounds,20,2
Mathlib.Analysis.Real.Pi.Bounds,314,1
Mathlib.Analysis.Real.Pi.Bounds,315,1
Mathlib.Analysis.Real.Pi.Bounds,1024,2
Mathlib.Analysis.Real.Pi.Bounds,31415,1
Mathlib.Analysis.Real.Pi.Bounds,31416,1
Mathlib.Analysis.Real.Pi.Bounds,3141592,1
Mathlib.Analysis.Real.Pi.Bounds,3141593,1
Mathlib.Analysis.Real.Pi.Bounds,314159265358979323846,1
Mathlib.Analysis.Real.Pi.Bounds,314159265358979323847,1
Mathlib.Analysis.Real.Pi.Chudnovsky,1,1
Mathlib.Analysis.Real.Pi.Chudnovsky,2,1
Mathlib.Analysis.Real.Pi.Chudnovsky,3,4
Mathlib.Analysis.Real.Pi.Chudnovsky,6,1
Mathlib.Analysis.Real.Pi.Chudnovsky,12,1
Mathlib.Analysis.Real.Pi.Chudnovsky,640320,2
Mathlib.Analysis.Real.Pi.Chudnovsky,13591409,1
Mathlib.Analysis.Real.Pi.Chudnovsky,545140134,1
Mathlib.Data.Rat.Sqrt,0,1
Mathlib.NumberTheory.Real.Irrational,0,43
Mathlib.NumberTheory.Real.Irrational,1,5
Mathlib.NumberTheory.Real.Irrational,2,2
Mathlib.Analysis.SpecialFunctions.Complex.Arctan,0,1
Mathlib.Analysis.SpecialFunctions.Complex.Arctan,1,19
Mathlib.Analysis.SpecialFunctions.Complex.Arctan,2,14
Mathlib.Analysis.Real.Pi.Leibniz,1,2
Mathlib.Analysis.Real.Pi.Leibniz,2,1
Mathlib.Analysis.Real.Pi.Leibniz,4,1
Mathlib.Analysis.Real.Pi.Wallis,0,3
Mathlib.Analysis.Real.Pi.Wallis,1,8
Mathlib.Analysis.Real.Pi.Wallis,2,38
Mathlib.Analysis.Real.Pi.Wallis,3,4
Mathlib.Analysis.Real.Pi.Wallis,4,2
Mathlib.Analysis.SpecialFunctions.Arcosh,0,19
Mathlib.Analysis.SpecialFunctions.Arcosh,1,40
Mathlib.Analysis.SpecialFunctions.Arcosh,2,9
Mathlib.Analysis.SpecialFunctions.ArithmeticGeometricMean,0,13
Mathlib.Analysis.SpecialFunctions.ArithmeticGeometricMean,1,5
Mathlib.Analysis.SpecialFunctions.ArithmeticGeometricMean,2,12
Mathlib.Analysis.SpecialFunctions.Artanh,0,12
Mathlib.Analysis.SpecialFunctions.Artanh,1,60
Mathlib.Analysis.SpecialFunctions.Artanh,2,3
Mathlib.Analysis.SpecialFunctions.BinaryEntropy,0,36
Mathlib.Analysis.SpecialFunctions.BinaryEntropy,1,41
Mathlib.Analysis.SpecialFunctions.BinaryEntropy,2,16
Mathlib.Analysis.SpecialFunctions.CompareExp,0,3
Mathlib.Analysis.SpecialFunctions.ContinuousFunctionalCalculus.Rpow.IntegralRepresentation,0,81
Mathlib.Analysis.SpecialFunctions.ContinuousFunctionalCalculus.Rpow.IntegralRepresentation,1,43
Mathlib.Analysis.SpecialFunctions.ContinuousFunctionalCalculus.Rpow.IntegralRepresentation,2,4
Mathlib.Analysis.SpecialFunctions.ContinuousFunctionalCalculus.Rpow.Order,0,4
Mathlib.Analysis.SpecialFunctions.ContinuousFunctionalCalculus.Rpow.Order,1,4
Mathlib.Analysis.SpecialFunctions.Log.RpowTendsto,0,8
Mathlib.Analysis.SpecialFunctions.Log.RpowTendsto,1,4
Mathlib.Analysis.SpecialFunctions.Log.RpowTendsto,2,1
Mathlib.Analysis.SpecialFunctions.ContinuousFunctionalCalculus.ExpLog.Order,0,2
Mathlib.Analysis.SpecialFunctions.ContinuousFunctionalCalculus.ExpLog.Order,1,1
Mathlib.Analysis.SpecialFunctions.Elliptic.Weierstrass,0,150
Mathlib.Analysis.SpecialFunctions.Elliptic.Weierstrass,1,41
Mathlib.Analysis.SpecialFunctions.Elliptic.Weierstrass,2,121
Mathlib.Analysis.SpecialFunctions.Elliptic.Weierstrass,3,18
Mathlib.Analysis.SpecialFunctions.Elliptic.Weierstrass,4,4
Mathlib.Analysis.SpecialFunctions.Elliptic.Weierstrass,6,3
Mathlib.Analysis.SpecialFunctions.Elliptic.Weierstrass,10,1
Mathlib.Analysis.SpecialFunctions.Elliptic.Weierstrass,60,2
Mathlib.Analysis.SpecialFunctions.Elliptic.Weierstrass,140,2
Mathlib.Analysis.SpecialFunctions.Elliptic.Weierstrass,1024,6
Mathlib.Analysis.SpecialFunctions.Gamma.Deligne,0,7
Mathlib.Analysis.SpecialFunctions.Gamma.Deligne,1,12
Mathlib.Analysis.SpecialFunctions.Gamma.Deligne,2,21
Mathlib.NumberTheory.Harmonic.Defs,0,2
Mathlib.NumberTheory.Harmonic.Defs,1,3
Mathlib.NumberTheory.Harmonic.EulerMascheroni,0,6
Mathlib.NumberTheory.Harmonic.EulerMascheroni,1,7
Mathlib.NumberTheory.Harmonic.EulerMascheroni,2,6
Mathlib.NumberTheory.Harmonic.EulerMascheroni,3,2
Mathlib.NumberTheory.Harmonic.EulerMascheroni,6,2
Mathlib.NumberTheory.Harmonic.GammaDeriv,1,12
Mathlib.NumberTheory.Harmonic.GammaDeriv,2,8
Mathlib.NumberTheory.Harmonic.GammaDeriv,4,1
Mathlib.Analysis.SpecialFunctions.Gamma.Digamma,0,2
Mathlib.Analysis.SpecialFunctions.Gamma.Digamma,1,3
Mathlib.Analysis.SpecialFunctions.Gamma.Digamma,2,3
Mathlib.Analysis.SpecialFunctions.Gaussian.PoissonSummation,0,9
Mathlib.Analysis.SpecialFunctions.Gaussian.PoissonSummation,1,6
Mathlib.Analysis.SpecialFunctions.Gaussian.PoissonSummation,2,15
Mathlib.Data.Int.Log,0,78
Mathlib.Data.Int.Log,1,36
Mathlib.Analysis.SpecialFunctions.Log.Base,0,164
Mathlib.Analysis.SpecialFunctions.Log.Base,1,101
Mathlib.Analysis.SpecialFunctions.Log.Base,2,1
Mathlib.Analysis.SpecialFunctions.Log.InvLog,0,1
Mathlib.Analysis.SpecialFunctions.Log.InvLog,1,2
Mathlib.Analysis.SpecialFunctions.Log.InvLog,2,1
Mathlib.Analysis.SpecialFunctions.Log.Monotone,0,1
Mathlib.Analysis.SpecialFunctions.Log.Monotone,1,3
Mathlib.Analysis.SpecialFunctions.Log.Monotone,2,1
Mathlib.Analysis.SpecialFunctions.MulExpNegMulSq,0,9
Mathlib.Analysis.SpecialFunctions.MulExpNegMulSq,1,10
Mathlib.Analysis.SpecialFunctions.MulExpNegMulSq,2,3
Mathlib.MeasureTheory.Integral.BoundedContinuousFunction,0,4
Mathlib.MeasureTheory.Measure.RegularityCompacts,0,3
Mathlib.Analysis.SpecialFunctions.MulExpNegMulSqIntegral,0,8
Mathlib.Analysis.SpecialFunctions.MulExpNegMulSqIntegral,1,1
Mathlib.Analysis.SpecialFunctions.MulExpNegMulSqIntegral,6,1
Mathlib.Analysis.SpecialFunctions.Pochhammer,0,4
Mathlib.Analysis.SpecialFunctions.Pochhammer,1,6
Mathlib.Analysis.SpecialFunctions.Pow.Integral,0,6
Mathlib.Analysis.SpecialFunctions.Pow.Integral,1,2
Mathlib.Analysis.SpecialFunctions.Pow.NthRootLemmas,0,27
Mathlib.Analysis.SpecialFunctions.Pow.NthRootLemmas,1,24
Mathlib.Analysis.SpecialFunctions.Pow.NthRootLemmas,2,4
Mathlib.Analysis.SpecialFunctions.Sigmoid,0,9
Mathlib.Analysis.SpecialFunctions.Sigmoid,1,14
Mathlib.Analysis.SpecialFunctions.Sigmoid,2,1
Mathlib.Analysis.SpecialFunctions.Stirling,0,9
Mathlib.Analysis.SpecialFunctions.Stirling,1,35
Mathlib.Analysis.SpecialFunctions.Stirling,2,28
Mathlib.Analysis.SpecialFunctions.Stirling,4,2
Mathlib.Analysis.SpecialFunctions.Trigonometric.Chebyshev.Basic,1,8
Mathlib.Analysis.SpecialFunctions.Trigonometric.Chebyshev.Basic,2,12
Mathlib.LinearAlgebra.Lagrange,0,19
Mathlib.LinearAlgebra.Lagrange,1,20
Mathlib.Analysis.SpecialFunctions.Trigonometric.Chebyshev.Extremal,0,5
Mathlib.Analysis.SpecialFunctions.Trigonometric.Chebyshev.Extremal,1,32
Mathlib.Analysis.SpecialFunctions.Trigonometric.Chebyshev.Extremal,2,5
Mathlib.Analysis.SpecialFunctions.Trigonometric.InverseDeriv,0,2
Mathlib.Analysis.SpecialFunctions.Trigonometric.InverseDeriv,1,60
Mathlib.Analysis.SpecialFunctions.Trigonometric.InverseDeriv,2,11
Mathlib.MeasureTheory.Integral.IntervalIntegral.ContDiff,1,6
Mathlib.Analysis.SpecialFunctions.Trigonometric.Chebyshev.Orthogonality,0,12
Mathlib.Analysis.SpecialFunctions.Trigonometric.Chebyshev.Orthogonality,1,16
Mathlib.Analysis.SpecialFunctions.Trigonometric.Chebyshev.Orthogonality,2,6
Mathlib.NumberTheory.Niven,0,7
Mathlib.NumberTheory.Niven,1,15
Mathlib.NumberTheory.Niven,2,16
Mathlib.NumberTheory.Niven,3,7
Mathlib.Analysis.SpecialFunctions.Trigonometric.Chebyshev.RootsExtrema,0,19
Mathlib.Analysis.SpecialFunctions.Trigonometric.Chebyshev.RootsExtrema,1,44
Mathlib.Analysis.SpecialFunctions.Trigonometric.Chebyshev.RootsExtrema,2,7
Mathlib.Order.Interval.Finset.Box,0,7
Mathlib.Order.Interval.Finset.Box,1,5
Mathlib.Order.Interval.Finset.Box,8,1
Mathlib.NumberTheory.ModularForms.EisensteinSeries.Summable,0,77
Mathlib.NumberTheory.ModularForms.EisensteinSeries.Summable,1,24
Mathlib.NumberTheory.ModularForms.EisensteinSeries.Summable,2,102
Mathlib.Topology.Algebra.InfiniteSum.TsumUniformlyOn,1,1
Mathlib.Analysis.SpecialFunctions.Trigonometric.Cotangent,0,3
Mathlib.Analysis.SpecialFunctions.Trigonometric.Cotangent,1,61
Mathlib.Analysis.SpecialFunctions.Trigonometric.Cotangent,2,9
Mathlib.Analysis.SpecificLimits.ArithmeticGeometric,0,9
Mathlib.Analysis.SpecificLimits.ArithmeticGeometric,1,31
Mathlib.Data.Int.Fib.Basic,0,10
Mathlib.Data.Int.Fib.Basic,1,23
Mathlib.Data.Int.Fib.Basic,2,16
Mathlib.Tactic.NormNum.NatFib,0,7
Mathlib.Tactic.NormNum.NatFib,1,14
Mathlib.Tactic.NormNum.NatFib,2,18
Mathlib.Tactic.NormNum.Prime,0,4
Mathlib.Tactic.NormNum.Prime,1,12
Mathlib.Tactic.NormNum.Prime,2,10
Mathlib.Tactic.NormNum.Prime,3,1
Mathlib.NumberTheory.Real.GoldenRatio,0,10
Mathlib.NumberTheory.Real.GoldenRatio,1,40
Mathlib.NumberTheory.Real.GoldenRatio,2,15
Mathlib.NumberTheory.Real.GoldenRatio,5,9
Mathlib.NumberTheory.Real.GoldenRatio,1024,2
Mathlib.Analysis.SpecificLimits.Fibonacci,1,2
Mathlib.Analysis.SpecificLimits.FloorPow,0,2
Mathlib.Analysis.SpecificLimits.FloorPow,1,12
Mathlib.Analysis.SpecificLimits.FloorPow,2,4
Mathlib.Analysis.SpecificLimits.FloorPow,3,2
Mathlib.Analysis.SpecificLimits.FloorPow,5,1
Mathlib.Analysis.Subadditive,0,2
Mathlib.Analysis.Subadditive,1,2
Mathlib.Analysis.SumIntegralComparisons,0,4
Mathlib.Analysis.SumIntegralComparisons,1,14
Mathlib.Analysis.VonNeumannAlgebra.Basic,0,1
Mathlib.Analysis.VonNeumannAlgebra.Basic,1,1
Mathlib.CategoryTheory.Abelian.DiagramLemmas.KernelCokernelComp,0,31
Mathlib.CategoryTheory.Abelian.DiagramLemmas.KernelCokernelComp,1,24
Mathlib.CategoryTheory.Abelian.DiagramLemmas.KernelCokernelComp,4,3
Mathlib.CategoryTheory.Abelian.DiagramLemmas.KernelCokernelComp,5,32
Mathlib.CategoryTheory.Generator.Preadditive,0,8
Mathlib.CategoryTheory.Abelian.GrothendieckCategory.ColimCoyoneda,0,27
Mathlib.CategoryTheory.Preadditive.Injective.LiftingProperties,0,4
Mathlib.CategoryTheory.SmallObject.Construction,0,1
Mathlib.CategoryTheory.SmallObject.Construction,1,1
Mathlib.CategoryTheory.SmallObject.Iteration.Basic,0,2
Mathlib.CategoryTheory.SmallObject.Iteration.Basic,1,2
Mathlib.CategoryTheory.SmallObject.WellOrderInductionData,0,2
Mathlib.CategoryTheory.SmallObject.WellOrderInductionData,1,2
Mathlib.CategoryTheory.SmallObject.TransfiniteCompositionLifting,0,1
Mathlib.CategoryTheory.SmallObject.TransfiniteCompositionLifting,1,1
Mathlib.CategoryTheory.Abelian.GrothendieckCategory.EnoughInjectives,0,4
Mathlib.CategoryTheory.Limits.Indization.IndObject,0,1
Mathlib.CategoryTheory.Limits.Indization.IndObject,1,1
Mathlib.CategoryTheory.Limits.Indization.ParallelPair,0,1
Mathlib.CategoryTheory.Limits.Indization.ParallelPair,1,1
Mathlib.CategoryTheory.Abelian.GrothendieckAxioms.Connected,0,4
Mathlib.CategoryTheory.Abelian.GrothendieckCategory.ModuleEmbedding.GabrielPopescu,0,1
Mathlib.CategoryTheory.Abelian.Injective.Dimension,0,8
Mathlib.CategoryTheory.Abelian.Injective.Dimension,1,8
Mathlib.CategoryTheory.Abelian.Injective.Dimension,2,1
Mathlib.CategoryTheory.Preadditive.Injective.Resolution,0,401
Mathlib.CategoryTheory.Preadditive.Injective.Resolution,1,65
Mathlib.CategoryTheory.Preadditive.Injective.Resolution,2,6
Mathlib.CategoryTheory.Abelian.Injective.Extend,0,63
Mathlib.CategoryTheory.Abelian.Injective.Ext,0,470
Mathlib.CategoryTheory.Abelian.Injective.Ext,1,16
Mathlib.CategoryTheory.Abelian.Injective.Resolution,0,225
Mathlib.CategoryTheory.Abelian.Injective.Resolution,1,1986
Mathlib.CategoryTheory.Abelian.Injective.Resolution,2,413
Mathlib.CategoryTheory.Abelian.Injective.Resolution,3,15
Mathlib.CategoryTheory.Abelian.Projective.Dimension,0,8
Mathlib.CategoryTheory.Abelian.Projective.Dimension,1,8
Mathlib.CategoryTheory.Abelian.Projective.Dimension,2,1
Mathlib.CategoryTheory.Abelian.Projective.Extend,0,65
Mathlib.CategoryTheory.Abelian.Projective.Ext,0,468
Mathlib.CategoryTheory.Abelian.Projective.Ext,1,16
Mathlib.CategoryTheory.Abelian.Pseudoelements,0,32
Mathlib.CategoryTheory.Abelian.RightDerived,0,232
Mathlib.CategoryTheory.Abelian.RightDerived,1,3
Mathlib.CategoryTheory.Abelian.SerreClass.MorphismProperty,0,3
Mathlib.GroupTheory.SemidirectProduct,0,2
Mathlib.GroupTheory.SemidirectProduct,1,53
Mathlib.GroupTheory.SemidirectProduct,35,3
Mathlib.CategoryTheory.Action,1,13
Mathlib.CategoryTheory.Action.Concrete,1,4
Mathlib.CategoryTheory.Action.Concrete,10,3
Mathlib.CategoryTheory.Action.Monoidal,0,37
Mathlib.CategoryTheory.Action.Monoidal,1,94
Mathlib.CategoryTheory.Adjunction.Additive,0,4
Mathlib.CategoryTheory.Adjunction.Triple,0,1
Mathlib.CategoryTheory.Adjunction.Triple,1,1
Mathlib.CategoryTheory.Adjunction.Quadruple,0,1
Mathlib.CategoryTheory.Adjunction.Quadruple,1,1
Mathlib.CategoryTheory.Bicategory.Free,0,24
Mathlib.CategoryTheory.Bicategory.Free,1,37
Mathlib.CategoryTheory.Bicategory.Free,2,23
Mathlib.CategoryTheory.Bicategory.Free,3,12
Mathlib.CategoryTheory.Bicategory.Free,4,12
Mathlib.CategoryTheory.Bicategory.Free,5,12
Mathlib.CategoryTheory.Bicategory.Free,6,12
Mathlib.CategoryTheory.Bicategory.Free,7,12
Mathlib.CategoryTheory.Bicategory.Free,8,12
Mathlib.CategoryTheory.Bicategory.Free,9,11
Mathlib.CategoryTheory.Bicategory.NaturalTransformation.Oplax,0,4
Mathlib.CategoryTheory.Bicategory.NaturalTransformation.Oplax,1,4
Mathlib.CategoryTheory.Bicategory.NaturalTransformation.Pseudo,0,1
Mathlib.CategoryTheory.Bicategory.NaturalTransformation.Pseudo,1,1
Mathlib.CategoryTheory.Bicategory.Functor.Cat.ObjectProperty,0,1
Mathlib.CategoryTheory.Bicategory.Functor.Cat.ObjectProperty,1,1
Mathlib.CategoryTheory.Bicategory.Functor.StrictlyUnitary,0,4
Mathlib.CategoryTheory.Bicategory.Functor.StrictlyUnitary,1,4
Mathlib.CategoryTheory.Bicategory.Functor.StrictPseudofunctor,0,3
Mathlib.CategoryTheory.Bicategory.Functor.StrictPseudofunctor,1,3
Mathlib.CategoryTheory.Bicategory.Modification.Oplax,0,4
Mathlib.CategoryTheory.Bicategory.Modification.Oplax,1,4
Mathlib.CategoryTheory.Bicategory.Modification.Pseudo,0,2
Mathlib.CategoryTheory.Bicategory.Modification.Pseudo,1,2
Mathlib.CategoryTheory.Bicategory.Grothendieck,0,4
Mathlib.CategoryTheory.Bicategory.Grothendieck,1,4
Mathlib.CategoryTheory.Bicategory.Grothendieck,75,4
Mathlib.CategoryTheory.Bicategory.InducedBicategory,0,2
Mathlib.CategoryTheory.Bicategory.InducedBicategory,1,1
Mathlib.CategoryTheory.Bicategory.Kan.HasKan,90,4
Mathlib.CategoryTheory.Bicategory.Kan.HasKan,91,2
Mathlib.CategoryTheory.Core,0,2
Mathlib.CategoryTheory.Core,1,2
Mathlib.CategoryTheory.Bicategory.LocallyGroupoid,0,1
Mathlib.CategoryTheory.Bicategory.LocallyGroupoid,1,1
Mathlib.CategoryTheory.Bicategory.Monad.Basic,0,2
Mathlib.CategoryTheory.Bicategory.Monad.Basic,1024,4
Mathlib.CategoryTheory.Bicategory.NaturalTransformation.Lax,0,4
Mathlib.CategoryTheory.Bicategory.NaturalTransformation.Lax,1,4
Mathlib.CategoryTheory.Bicategory.Opposites,0,1
Mathlib.CategoryTheory.Bicategory.Opposites,1,1
Mathlib.CategoryTheory.Sigma.Basic,0,1
Mathlib.CategoryTheory.Sigma.Basic,1,1
Mathlib.CategoryTheory.Category.Factorisation,0,2
Mathlib.CategoryTheory.Category.Factorisation,1,2
Mathlib.Data.PFun,25,2
Mathlib.Data.PFun,26,1
Mathlib.CategoryTheory.Category.RelCat,0,1
Mathlib.CategoryTheory.Category.RelCat,1,1
Mathlib.Data.TwoPointing,0,1
Mathlib.Data.TwoPointing,1,1
Mathlib.CategoryTheory.Category.TwoP,0,1
Mathlib.CategoryTheory.Category.TwoP,1,1
Mathlib.CategoryTheory.CodiscreteCategory,0,1
Mathlib.CategoryTheory.CodiscreteCategory,1,1
Mathlib.CategoryTheory.ComposableArrows.Four,0,18
Mathlib.CategoryTheory.ComposableArrows.Four,1,290
Mathlib.CategoryTheory.ComposableArrows.Four,2,18
Mathlib.CategoryTheory.ComposableArrows.Four,3,326
Mathlib.CategoryTheory.ComposableArrows.Three,0,13
Mathlib.CategoryTheory.ComposableArrows.Three,1,169
Mathlib.CategoryTheory.ComposableArrows.Three,2,193
Mathlib.CategoryTheory.CopyDiscardCategory.Basic,0,1
Mathlib.CategoryTheory.Dialectica.Basic,0,2
Mathlib.CategoryTheory.Dialectica.Basic,1,2
Mathlib.CategoryTheory.DinatTrans,0,1
Mathlib.CategoryTheory.DinatTrans,1,1
Mathlib.CategoryTheory.DinatTrans,50,2
Mathlib.CategoryTheory.DinatTrans,51,1
Mathlib.CategoryTheory.Distributive.Monoidal,1024,2
Mathlib.CategoryTheory.EffectiveEpi.Enough,0,1
Mathlib.CategoryTheory.EffectiveEpi.Enough,1,1
Mathlib.CategoryTheory.Endofunctor.Algebra,0,4
Mathlib.CategoryTheory.Endofunctor.Algebra,1,4
Mathlib.CategoryTheory.FiberedCategory.BasedCategory,0,3
Mathlib.CategoryTheory.FiberedCategory.BasedCategory,1,3
Mathlib.CategoryTheory.FiberedCategory.BasedCategory,26,2
Mathlib.CategoryTheory.FiberedCategory.BasedCategory,27,1
Mathlib.CategoryTheory.FiberedCategory.BasedCategory,80,2
Mathlib.CategoryTheory.FiberedCategory.BasedCategory,81,1
Mathlib.CategoryTheory.FiberedCategory.BasedCategory,1024,1
Mathlib.CategoryTheory.FiberedCategory.HasFibers,0,1
Mathlib.CategoryTheory.Functor.Functorial,0,1
Mathlib.CategoryTheory.Functor.OfSequence,0,90
Mathlib.CategoryTheory.Functor.OfSequence,1,211
Mathlib.CategoryTheory.Galois.Basic,0,1
Mathlib.CategoryTheory.Galois.Prorepresentability,0,2
Mathlib.CategoryTheory.Galois.Prorepresentability,1,2
Mathlib.CategoryTheory.Galois.Topology,1,2
Mathlib.Topology.Category.FinTopCat,0,1
Mathlib.Topology.Category.FinTopCat,1,1
Mathlib.CategoryTheory.Galois.IsFundamentalgroup,1,10
Mathlib.CategoryTheory.Groupoid.VertexGroup,1,1
Mathlib.CategoryTheory.Groupoid.Subgroupoid,0,1
Mathlib.CategoryTheory.Groupoid.Subgroupoid,1,1
Mathlib.CategoryTheory.Join.Basic,0,8
Mathlib.CategoryTheory.Join.Basic,1,9
Mathlib.CategoryTheory.Join.Basic,30,2
Mathlib.CategoryTheory.Join.Basic,31,1
Mathlib.CategoryTheory.Limits.Shapes.Pullback.PullbackObjObj,0,2
Mathlib.CategoryTheory.Limits.Shapes.Pullback.PullbackObjObj,1,2
Mathlib.CategoryTheory.Limits.FormalCoproducts.Basic,0,2
Mathlib.CategoryTheory.Limits.FormalCoproducts.Basic,1,2
Mathlib.CategoryTheory.Limits.FormalCoproducts.Cech,1,168
Mathlib.CategoryTheory.Limits.FunctorCategory.Shapes.Kernels,0,22
Mathlib.CategoryTheory.Limits.Shapes.Pullback.Categorical.CatCospanTransform,0,2
Mathlib.CategoryTheory.Limits.Shapes.Pullback.Categorical.CatCospanTransform,1,2
Mathlib.CategoryTheory.Limits.Shapes.Pullback.Categorical.CatCospanTransform,81,4
Mathlib.CategoryTheory.Limits.Shapes.Pullback.Categorical.CatCospanTransform,82,2
Mathlib.CategoryTheory.Limits.Shapes.Pullback.Categorical.CatCospanTransform,1024,3
Mathlib.CategoryTheory.Limits.Shapes.Pullback.Categorical.Basic,0,4
Mathlib.CategoryTheory.Limits.Shapes.Pullback.Categorical.Basic,1,4
Mathlib.CategoryTheory.Limits.Shapes.Pullback.Categorical.Basic,1024,3
Mathlib.CategoryTheory.Limits.Shapes.Pullback.IsPullback.BicartesianSq,0,120
Mathlib.CategoryTheory.Limits.Shapes.SequentialProduct,1,150
Mathlib.CategoryTheory.Localization.Bifunctor,0,1
Mathlib.CategoryTheory.Localization.Trifunctor,0,1
Mathlib.CategoryTheory.Monoidal.Free.Basic,0,24
Mathlib.CategoryTheory.Monoidal.Free.Basic,1,35
Mathlib.CategoryTheory.Monoidal.Free.Basic,2,23
Mathlib.CategoryTheory.Monoidal.Free.Basic,3,12
Mathlib.CategoryTheory.Monoidal.Free.Basic,4,12
Mathlib.CategoryTheory.Monoidal.Free.Basic,5,12
Mathlib.CategoryTheory.Monoidal.Free.Basic,6,12
Mathlib.CategoryTheory.Monoidal.Free.Basic,7,12
Mathlib.CategoryTheory.Monoidal.Free.Basic,8,12
Mathlib.CategoryTheory.Monoidal.Free.Basic,9,12
Mathlib.CategoryTheory.Monoidal.Free.Basic,10,11
Mathlib.Tactic.CategoryTheory.BicategoryCoherence,0,5
Mathlib.Tactic.CategoryTheory.BicategoryCoherence,2,1
Mathlib.Tactic.CategoryTheory.BicategoryCoherence,256,1
Mathlib.Tactic.CategoryTheory.BicategoryCoherence,1022,1
Mathlib.Tactic.CategoryTheory.BicategoryCoherence,1024,1
Mathlib.Tactic.CategoryTheory.Coherence,0,6
Mathlib.Tactic.CategoryTheory.Coherence,2,1
Mathlib.Tactic.CategoryTheory.Coherence,37,1
Mathlib.Tactic.CategoryTheory.Coherence,512,1
Mathlib.Tactic.CategoryTheory.Coherence,1022,1
Mathlib.Tactic.CategoryTheory.Coherence,1024,4
Mathlib.CategoryTheory.Localization.Preadditive,0,2
Mathlib.CategoryTheory.LocallyCartesianClosed.ChosenPullbacksAlong,0,1
Mathlib.CategoryTheory.LocallyCartesianClosed.ExponentiableMorphism,0,1
Mathlib.CategoryTheory.MarkovCategory.Basic,0,1
Mathlib.CategoryTheory.Monad.Monadicity,0,1
Mathlib.CategoryTheory.Monoidal.Action.Basic,0,6
Mathlib.CategoryTheory.Monoidal.Action.Basic,70,8
Mathlib.CategoryTheory.Monoidal.Action.Basic,71,4
Mathlib.CategoryTheory.Monoidal.Action.Basic,81,8
Mathlib.CategoryTheory.Monoidal.Action.Basic,82,4
Mathlib.CategoryTheory.Monoidal.Action.Basic,1024,6
Mathlib.CategoryTheory.Monoidal.Action.LinearFunctor,0,6
Mathlib.CategoryTheory.Monoidal.Bimod,0,2
Mathlib.CategoryTheory.Monoidal.Bimod,1,2
Mathlib.CategoryTheory.Monoidal.Bimon_,0,1
Mathlib.CategoryTheory.Monoidal.Cartesian.Grp_,1,2
Mathlib.CategoryTheory.Monoidal.Cartesian.CommGrp_,0,1
Mathlib.CategoryTheory.Monoidal.Mod_,0,6
Mathlib.CategoryTheory.Monoidal.Mod_,1,2
Mathlib.CategoryTheory.Monoidal.Mod_,1024,3
Mathlib.CategoryTheory.Monoidal.Closed.Zero,0,15
Mathlib.CategoryTheory.Monoidal.CommComon_,0,1
Mathlib.CategoryTheory.Monoidal.CommComon_,1,1
Mathlib.CategoryTheory.Monoidal.Conv,1,1
Mathlib.CategoryTheory.Monoidal.DayConvolution,0,4
Mathlib.CategoryTheory.Monoidal.DayConvolution,80,2
Mathlib.CategoryTheory.Monoidal.DayConvolution,81,1
Mathlib.CategoryTheory.Monoidal.DayConvolution.Closed,0,1
Mathlib.CategoryTheory.Monoidal.DayConvolution.Closed,1,1
Mathlib.CategoryTheory.Monoidal.DayConvolution.DayFunctor,0,2
Mathlib.CategoryTheory.Monoidal.DayConvolution.DayFunctor,1,2
Mathlib.CategoryTheory.Monoidal.DayConvolution.DayFunctor,26,2
Mathlib.CategoryTheory.Monoidal.DayConvolution.DayFunctor,27,1
Mathlib.CategoryTheory.Monoidal.Free.Coherence,0,8
Mathlib.CategoryTheory.Monoidal.Free.Coherence,1,9
Mathlib.CategoryTheory.Monoidal.Hopf_,0,3
Mathlib.CategoryTheory.Monoidal.Hopf_,1,1
Mathlib.CategoryTheory.Monoidal.Hopf_,1024,2
Mathlib.CategoryTheory.Monoidal.Internal.Module,1,4
Mathlib.CategoryTheory.Monoidal.Skeleton,1,1
Mathlib.CategoryTheory.Monoidal.Tor,1,2
Mathlib.CategoryTheory.Presentable.ColimitPresentation,0,1
Mathlib.CategoryTheory.Presentable.ColimitPresentation,1,1
Mathlib.CategoryTheory.Preadditive.EilenbergMoore,0,6
Mathlib.CategoryTheory.Preadditive.EndoFunctor,0,6
Mathlib.CategoryTheory.Preadditive.HomOrthogonal,0,4
Mathlib.CategoryTheory.Preadditive.HomOrthogonal,1,1
Mathlib.CategoryTheory.Preadditive.Mat,0,15
Mathlib.CategoryTheory.Preadditive.Mat,1,5
Mathlib.GroupTheory.EckmannHilton,0,1
Mathlib.GroupTheory.EckmannHilton,1,1
Mathlib.CategoryTheory.Preadditive.OfBiproducts,0,2
Mathlib.CategoryTheory.Preadditive.Projective.LiftingProperties,0,4
Mathlib.CategoryTheory.Preadditive.Schur,0,43
Mathlib.CategoryTheory.Preadditive.Schur,1,5
Mathlib.CategoryTheory.Presentable.Directed,0,3
Mathlib.CategoryTheory.Presentable.Directed,1,3
Mathlib.CategoryTheory.Sites.Coherent.SequentialLimit,0,10
Mathlib.CategoryTheory.Sites.Coherent.SequentialLimit,1,26
Mathlib.CategoryTheory.Sites.DenseSubsite.OneHypercoverDense,0,3
Mathlib.CategoryTheory.Sites.DenseSubsite.OneHypercoverDense,1,3
Mathlib.CategoryTheory.Sites.Descent.DescentData,0,2
Mathlib.CategoryTheory.Sites.Descent.DescentData,1,2
Mathlib.CategoryTheory.Sites.Hypercover.Homotopy,0,1
Mathlib.CategoryTheory.Sites.Hypercover.Homotopy,1,1
Mathlib.CategoryTheory.Sites.MayerVietorisSquare,0,1
Mathlib.CategoryTheory.Sites.MayerVietorisSquare,1,1
Mathlib.CategoryTheory.Sites.NonabelianCohomology.H1,0,2
Mathlib.CategoryTheory.Sites.NonabelianCohomology.H1,1,13
Mathlib.CategoryTheory.Sites.Point.Category,0,1
Mathlib.CategoryTheory.Sites.Point.Category,1,1
Mathlib.CategoryTheory.Sites.SheafCohomology.Cech,0,1
Mathlib.CategoryTheory.Sites.SheafCohomology.Cech,1,53
Mathlib.CategoryTheory.Sites.SheafCohomology.Cech,2,5
Mathlib.CategoryTheory.Sites.SheafCohomology.MayerVietoris,0,9
Mathlib.CategoryTheory.Sites.SheafCohomology.MayerVietoris,1,19
Mathlib.CategoryTheory.Sites.SheafCohomology.MayerVietoris,2,1
Mathlib.CategoryTheory.Sites.SheafCohomology.MayerVietoris,3,1
Mathlib.CategoryTheory.Sites.SheafCohomology.MayerVietoris,4,2
Mathlib.CategoryTheory.Sites.SheafCohomology.MayerVietoris,5,16
Mathlib.CategoryTheory.Topos.Classifier,0,1
Mathlib.CategoryTheory.Topos.Classifier,1,1
Mathlib.CategoryTheory.Triangulated.Opposite.Functor,0,4
Mathlib.CategoryTheory.Triangulated.Opposite.OpOp,0,16
Mathlib.CategoryTheory.Triangulated.TStructure.TruncLTGE,1,12
Mathlib.CategoryTheory.Widesubcategory,0,1
Mathlib.CategoryTheory.Widesubcategory,1,1
Mathlib.Combinatorics.Additive.FreimanHom,0,10
Mathlib.Combinatorics.Additive.FreimanHom,1,32
Mathlib.Combinatorics.Additive.FreimanHom,2,8
Mathlib.Combinatorics.Additive.AP.Three.Defs,0,6
Mathlib.Combinatorics.Additive.AP.Three.Defs,1,2
Mathlib.Combinatorics.Additive.AP.Three.Defs,2,15
Mathlib.Combinatorics.Pigeonhole,0,5
Mathlib.Combinatorics.Additive.AP.Three.Behrend,0,29
Mathlib.Combinatorics.Additive.AP.Three.Behrend,1,66
Mathlib.Combinatorics.Additive.AP.Three.Behrend,2,48
Mathlib.Combinatorics.Additive.AP.Three.Behrend,3,1
Mathlib.Combinatorics.Additive.AP.Three.Behrend,4,5
Mathlib.Combinatorics.Additive.AP.Three.Behrend,8,3
Mathlib.Combinatorics.Additive.AP.Three.Behrend,16,1
Mathlib.Combinatorics.Additive.AP.Three.Behrend,19,1
Mathlib.Combinatorics.Additive.AP.Three.Behrend,50,2
Mathlib.Combinatorics.Additive.AP.Three.Behrend,64,2
Mathlib.Combinatorics.Additive.AP.Three.Behrend,69,1
Mathlib.Combinatorics.Additive.AP.Three.Behrend,138,1
Mathlib.Combinatorics.Additive.AP.Three.Behrend,4096,6
Mathlib.Combinatorics.Additive.CovBySMul,0,4
Mathlib.Combinatorics.Additive.CovBySMul,1,4
Mathlib.Combinatorics.Additive.PluenneckeRuzsa,0,4
Mathlib.Combinatorics.Additive.PluenneckeRuzsa,1,4
Mathlib.Combinatorics.Additive.SmallTripling,1,2
Mathlib.Combinatorics.Additive.SmallTripling,2,4
Mathlib.Combinatorics.Additive.SmallTripling,3,10
Mathlib.Combinatorics.Additive.ApproximateSubgroup,0,9
Mathlib.Combinatorics.Additive.ApproximateSubgroup,1,25
Mathlib.Combinatorics.Additive.ApproximateSubgroup,2,34
Mathlib.Combinatorics.Additive.ApproximateSubgroup,3,4
Mathlib.Combinatorics.Additive.ETransform,0,2
Mathlib.Combinatorics.Additive.ETransform,1,2
Mathlib.Combinatorics.Additive.ETransform,2,4
Mathlib.GroupTheory.Order.Min,0,7
Mathlib.GroupTheory.Order.Min,1,7
Mathlib.Combinatorics.Additive.CauchyDavenport,1,7
Mathlib.Combinatorics.Additive.Convolution,0,6
Mathlib.Combinatorics.Additive.Corner.Defs,2,6
Mathlib.Combinatorics.SimpleGraph.Basic,0,4
Mathlib.Combinatorics.SimpleGraph.Basic,1,2
Mathlib.Combinatorics.SimpleGraph.Basic,1022,3
Mathlib.Combinatorics.SimpleGraph.Dart,0,1
Mathlib.Combinatorics.SimpleGraph.Dart,1,1
Mathlib.Combinatorics.SimpleGraph.Maps,50,6
Mathlib.Combinatorics.SimpleGraph.Maps,51,3
Mathlib.Data.Sym.Card,0,16
Mathlib.Data.Sym.Card,1,62
Mathlib.Data.Sym.Card,2,5
Mathlib.Combinatorics.SimpleGraph.Finite,0,17
Mathlib.Combinatorics.SimpleGraph.Finite,1,5
Mathlib.Combinatorics.SimpleGraph.Finite,2,4
Mathlib.Combinatorics.SimpleGraph.DegreeSum,2,5
Mathlib.Data.Set.Equitable,1,9
Mathlib.Order.Partition.Finpartition,0,2
Mathlib.Order.Partition.Finpartition,1,3
Mathlib.Order.Partition.Finpartition,2,2
Mathlib.Order.Partition.Equipartition,0,1
Mathlib.Order.Partition.Equipartition,1,11
Mathlib.Combinatorics.SimpleGraph.Regularity.Bound,0,51
Mathlib.Combinatorics.SimpleGraph.Regularity.Bound,1,10
Mathlib.Combinatorics.SimpleGraph.Regularity.Bound,2,7
Mathlib.Combinatorics.SimpleGraph.Regularity.Bound,4,25
Mathlib.Combinatorics.SimpleGraph.Regularity.Bound,5,11
Mathlib.Combinatorics.SimpleGraph.Regularity.Bound,7,3
Mathlib.Combinatorics.SimpleGraph.Regularity.Bound,16,5
Mathlib.Combinatorics.SimpleGraph.Regularity.Bound,100,9
Mathlib.Combinatorics.SimpleGraph.Regularity.Bound,1024,1
Mathlib.Combinatorics.SimpleGraph.Regularity.Equitabilise,0,3
Mathlib.Combinatorics.SimpleGraph.Regularity.Equitabilise,1,22
Mathlib.Combinatorics.SimpleGraph.Density,0,8
Mathlib.Combinatorics.SimpleGraph.Density,1,11
Mathlib.Combinatorics.SimpleGraph.Density,2,3
Mathlib.Combinatorics.SimpleGraph.Regularity.Uniform,0,10
Mathlib.Combinatorics.SimpleGraph.Regularity.Uniform,1,4
Mathlib.Combinatorics.SimpleGraph.Regularity.Uniform,2,6
Mathlib.Combinatorics.SimpleGraph.Regularity.Uniform,4,8
Mathlib.Combinatorics.SimpleGraph.Regularity.Uniform,8,5
Mathlib.Combinatorics.SimpleGraph.Regularity.Chunk,0,1
Mathlib.Combinatorics.SimpleGraph.Regularity.Chunk,1,6
Mathlib.Combinatorics.SimpleGraph.Regularity.Chunk,2,4
Mathlib.Combinatorics.SimpleGraph.Regularity.Chunk,3,1
Mathlib.Combinatorics.SimpleGraph.Regularity.Chunk,4,18
Mathlib.Combinatorics.SimpleGraph.Regularity.Chunk,5,4
Mathlib.Combinatorics.SimpleGraph.Regularity.Chunk,16,4
Mathlib.Combinatorics.SimpleGraph.Regularity.Chunk,25,2
Mathlib.Combinatorics.SimpleGraph.Regularity.Chunk,100,2
Mathlib.Combinatorics.SimpleGraph.Regularity.Energy,0,1
Mathlib.Combinatorics.SimpleGraph.Regularity.Energy,1,1
Mathlib.Combinatorics.SimpleGraph.Regularity.Energy,2,6
Mathlib.Combinatorics.SimpleGraph.Regularity.Increment,0,2
Mathlib.Combinatorics.SimpleGraph.Regularity.Increment,1,4
Mathlib.Combinatorics.SimpleGraph.Regularity.Increment,2,2
Mathlib.Combinatorics.SimpleGraph.Regularity.Increment,3,1
Mathlib.Combinatorics.SimpleGraph.Regularity.Increment,4,18
Mathlib.Combinatorics.SimpleGraph.Regularity.Increment,5,4
Mathlib.Combinatorics.SimpleGraph.Regularity.Increment,7,1
Mathlib.Combinatorics.SimpleGraph.Regularity.Increment,16,4
Mathlib.Combinatorics.SimpleGraph.Regularity.Increment,25,1
Mathlib.Combinatorics.SimpleGraph.Regularity.Increment,100,2
Mathlib.Combinatorics.SimpleGraph.Regularity.Lemma,0,1
Mathlib.Combinatorics.SimpleGraph.Regularity.Lemma,4,2
Mathlib.Combinatorics.SimpleGraph.Regularity.Lemma,5,2
Mathlib.Combinatorics.SimpleGraph.Regularity.Lemma,16,1
Mathlib.Combinatorics.SimpleGraph.DeleteEdges,1,1
Mathlib.Combinatorics.SimpleGraph.Subgraph,0,5
Mathlib.Combinatorics.SimpleGraph.Subgraph,1,3
Mathlib.Combinatorics.SimpleGraph.Copy,0,5
Mathlib.Combinatorics.SimpleGraph.Copy,1,4
Mathlib.Combinatorics.SimpleGraph.Copy,50,4
Mathlib.Combinatorics.SimpleGraph.Copy,51,2
Mathlib.Combinatorics.SimpleGraph.Operations,1,2
Mathlib.Combinatorics.SimpleGraph.Walks.Basic,0,16
Mathlib.Combinatorics.SimpleGraph.Walks.Basic,1,13
Mathlib.Combinatorics.SimpleGraph.Walks.Traversal,0,8
Mathlib.Combinatorics.SimpleGraph.Walks.Traversal,1,14
Mathlib.Combinatorics.SimpleGraph.Walks.Operations,0,28
Mathlib.Combinatorics.SimpleGraph.Walks.Operations,1,15
Mathlib.Combinatorics.SimpleGraph.Connectivity.WalkDecomp,1,2
Mathlib.Combinatorics.SimpleGraph.Paths,0,2
Mathlib.Combinatorics.SimpleGraph.Paths,1,9
Mathlib.Combinatorics.SimpleGraph.Paths,2,1
Mathlib.Combinatorics.SimpleGraph.Paths,3,2
Mathlib.Combinatorics.SimpleGraph.Clique,0,5
Mathlib.Combinatorics.SimpleGraph.Clique,1,18
Mathlib.Combinatorics.SimpleGraph.Clique,2,3
Mathlib.Combinatorics.SimpleGraph.Clique,3,5
Mathlib.Combinatorics.SimpleGraph.Triangle.Basic,0,4
Mathlib.Combinatorics.SimpleGraph.Triangle.Basic,1,4
Mathlib.Combinatorics.SimpleGraph.Triangle.Basic,2,7
Mathlib.Combinatorics.SimpleGraph.Triangle.Basic,3,30
Mathlib.Combinatorics.SimpleGraph.Triangle.Counting,1,2
Mathlib.Combinatorics.SimpleGraph.Triangle.Counting,2,8
Mathlib.Combinatorics.SimpleGraph.Triangle.Counting,3,3
Mathlib.Data.Finset.CastCard,1,1
Mathlib.Combinatorics.SimpleGraph.Triangle.Removal,0,29
Mathlib.Combinatorics.SimpleGraph.Triangle.Removal,1,7
Mathlib.Combinatorics.SimpleGraph.Triangle.Removal,2,6
Mathlib.Combinatorics.SimpleGraph.Triangle.Removal,3,11
Mathlib.Combinatorics.SimpleGraph.Triangle.Removal,4,13
Mathlib.Combinatorics.SimpleGraph.Triangle.Removal,8,7
Mathlib.Combinatorics.SimpleGraph.Triangle.Removal,16,3
Mathlib.Combinatorics.SimpleGraph.Triangle.Tripartite,2,1
Mathlib.Combinatorics.SimpleGraph.Triangle.Tripartite,3,7
Mathlib.Combinatorics.Additive.Corner.Roth,0,4
Mathlib.Combinatorics.Additive.Corner.Roth,1,2
Mathlib.Combinatorics.Additive.Corner.Roth,2,2
Mathlib.Combinatorics.Additive.Corner.Roth,3,1
Mathlib.Combinatorics.Additive.Corner.Roth,9,3
Mathlib.Combinatorics.Additive.Corner.Roth,27,2
Mathlib.Combinatorics.Additive.Dissociation,0,7
Mathlib.Combinatorics.Additive.Dissociation,1,13
Mathlib.Combinatorics.Additive.DoublingConst,0,20
Mathlib.Combinatorics.Additive.DoublingConst,1,8
Mathlib.Combinatorics.Additive.DoublingConst,2,4
Mathlib.Combinatorics.Additive.DoublingConst,1024,8
Mathlib.Combinatorics.Additive.Energy,0,22
Mathlib.Combinatorics.Additive.Energy,2,16
Mathlib.Combinatorics.Additive.Energy,1024,4
Mathlib.FieldTheory.ChevalleyWarning,0,20
Mathlib.FieldTheory.ChevalleyWarning,1,1
Mathlib.Combinatorics.Additive.ErdosGinzburgZiv,0,2
Mathlib.Combinatorics.Additive.ErdosGinzburgZiv,1,4
Mathlib.Combinatorics.Additive.ErdosGinzburgZiv,2,4
Mathlib.Combinatorics.Additive.Randomisation,0,1
Mathlib.Combinatorics.Additive.SubsetSum,0,8
Mathlib.Combinatorics.Additive.SubsetSum,1,1
Mathlib.Combinatorics.Additive.SubsetSum,2,2
Mathlib.Combinatorics.Additive.VerySmallDoubling,0,2
Mathlib.Combinatorics.Additive.VerySmallDoubling,1,7
Mathlib.Combinatorics.Additive.VerySmallDoubling,2,22
Mathlib.Combinatorics.Additive.VerySmallDoubling,3,14
Mathlib.Data.Finset.Slice,0,1
Mathlib.Data.Finset.Slice,90,2
Mathlib.Data.Finset.Slice,91,1
Mathlib.Data.Nat.BitIndices,0,6
Mathlib.Data.Nat.BitIndices,1,10
Mathlib.Data.Nat.BitIndices,2,7
Mathlib.Combinatorics.Colex,0,4
Mathlib.Combinatorics.Colex,1,1
Mathlib.Combinatorics.Colex,2,9
Mathlib.LinearAlgebra.CrossProduct,0,29
Mathlib.LinearAlgebra.CrossProduct,1,9
Mathlib.LinearAlgebra.CrossProduct,2,16
Mathlib.LinearAlgebra.CrossProduct,3,4468
Mathlib.LinearAlgebra.CrossProduct,74,2
Mathlib.LinearAlgebra.CrossProduct,75,1
Mathlib.LinearAlgebra.Projectivization.Basic,0,57
Mathlib.LinearAlgebra.Projectivization.Basic,1,15
Mathlib.LinearAlgebra.Projectivization.Basic,1024,1
Mathlib.LinearAlgebra.Projectivization.Constructions,0,102
Mathlib.LinearAlgebra.Projectivization.Constructions,3,2423
Mathlib.Combinatorics.Configuration,0,9
Mathlib.Combinatorics.Configuration,1,7
Mathlib.Combinatorics.Configuration,2,4
Mathlib.Combinatorics.Configuration,3,404
Mathlib.Combinatorics.Derangements.Finite,0,6
Mathlib.Combinatorics.Derangements.Finite,1,22
Mathlib.Combinatorics.Derangements.Finite,2,6
Mathlib.Combinatorics.Derangements.Exponential,1,1
Mathlib.Combinatorics.Digraph.Basic,0,1
Mathlib.Combinatorics.Digraph.Basic,1,1
Mathlib.Combinatorics.Enumerative.Bell,0,13
Mathlib.Combinatorics.Enumerative.Bell,1,22
Mathlib.Combinatorics.Enumerative.Bell,2,2
Mathlib.Combinatorics.Enumerative.Catalan,0,8
Mathlib.Combinatorics.Enumerative.Catalan,1,11
Mathlib.Combinatorics.Enumerative.Catalan,2,2
Mathlib.Combinatorics.Enumerative.Catalan,3,1
Mathlib.Combinatorics.Enumerative.Catalan,5,1
Mathlib.Combinatorics.Enumerative.DyckWord,0,105
Mathlib.Combinatorics.Enumerative.DyckWord,1,29
Mathlib.Combinatorics.Enumerative.DyckWord,2,1
Mathlib.Combinatorics.Enumerative.IncidenceAlgebra,0,41
Mathlib.Combinatorics.Enumerative.IncidenceAlgebra,1,19
Mathlib.Data.Finsupp.Interval,1,3
Mathlib.Data.Finsupp.Interval,2,1
Mathlib.RingTheory.MvPowerSeries.Trunc,0,6
Mathlib.RingTheory.MvPowerSeries.Trunc,1,5
Mathlib.Topology.Algebra.LinearTopology,0,47
Mathlib.Topology.Algebra.TopologicallyNilpotent,0,4
Mathlib.RingTheory.MvPowerSeries.PiTopology,0,6
Mathlib.RingTheory.MvPowerSeries.PiTopology,1,6
Mathlib.RingTheory.PowerSeries.Trunc,0,7
Mathlib.RingTheory.PowerSeries.Trunc,1,8
Mathlib.RingTheory.PowerSeries.Trunc,2,2
Mathlib.RingTheory.PowerSeries.PiTopology,0,8
Mathlib.RingTheory.PowerSeries.PiTopology,1,9
Mathlib.Combinatorics.Enumerative.Partition.GenFun,0,1
Mathlib.Combinatorics.Enumerative.Partition.GenFun,1,25
Mathlib.RingTheory.PowerSeries.NoZeroDivisors,0,1
Mathlib.Combinatorics.Enumerative.Partition.Glaisher,0,4
Mathlib.Combinatorics.Enumerative.Partition.Glaisher,1,15
Mathlib.Combinatorics.Enumerative.Schroder,0,20
Mathlib.Combinatorics.Enumerative.Schroder,1,22
Mathlib.Combinatorics.Enumerative.Schroder,2,7
Mathlib.Combinatorics.Enumerative.Schroder,3,1
Mathlib.Combinatorics.Enumerative.Schroder,6,1
Mathlib.Combinatorics.Enumerative.Stirling,0,50
Mathlib.Combinatorics.Enumerative.Stirling,1,49
Mathlib.Combinatorics.Enumerative.Stirling,2,2
Mathlib.Combinatorics.Extremal.RuzsaSzemeredi,0,4
Mathlib.Combinatorics.Extremal.RuzsaSzemeredi,1,2
Mathlib.Combinatorics.Extremal.RuzsaSzemeredi,2,6
Mathlib.Combinatorics.Extremal.RuzsaSzemeredi,3,14
Mathlib.Combinatorics.Extremal.RuzsaSzemeredi,4,2
Mathlib.Combinatorics.Extremal.RuzsaSzemeredi,6,4
Mathlib.Combinatorics.Graph.Basic,0,3
Mathlib.Combinatorics.Graph.Basic,1,1
Mathlib.Combinatorics.Graph.Basic,1024,2
Mathlib.Combinatorics.HalesJewett,0,6
Mathlib.Combinatorics.HalesJewett,1,4
Mathlib.Combinatorics.Matroid.Minor.Delete,75,2
Mathlib.Combinatorics.Matroid.Minor.Delete,76,1
Mathlib.Combinatorics.Matroid.Minor.Contract,75,2
Mathlib.Combinatorics.Matroid.Minor.Contract,76,1
Mathlib.Combinatorics.Matroid.Minor.Order,50,4
Mathlib.Combinatorics.Matroid.Minor.Order,51,2
Mathlib.RingTheory.MvPolynomial.Groebner,0,2
Mathlib.Combinatorics.Nullstellensatz,0,5
Mathlib.Combinatorics.Optimization.ValuedCSP,0,18
Mathlib.Combinatorics.Optimization.ValuedCSP,1,10
Mathlib.Combinatorics.Optimization.ValuedCSP,2,16
Mathlib.Combinatorics.Quiver.Subquiver,0,1
Mathlib.Combinatorics.Quiver.Subquiver,1,1
Mathlib.Combinatorics.Quiver.Arborescence,0,1
Mathlib.Combinatorics.Quiver.ConnectedComponent,0,5
Mathlib.Combinatorics.Quiver.Path.Vertices,0,7
Mathlib.Combinatorics.Quiver.Path.Vertices,1,1
Mathlib.Combinatorics.Quiver.Path.Weight,0,12
Mathlib.Combinatorics.Quiver.Path.Weight,1,4
Mathlib.Combinatorics.Schnirelmann,0,40
Mathlib.Combinatorics.Schnirelmann,1,13
Mathlib.Combinatorics.Schnirelmann,2,1
Mathlib.Data.Set.Sups,0,2
Mathlib.Data.Set.Sups,74,2
Mathlib.Data.Set.Sups,75,3
Mathlib.Data.Set.Sups,76,1
Mathlib.Data.Finset.Sups,74,4
Mathlib.Data.Finset.Sups,75,2
Mathlib.Data.Finset.Sups,1024,2
Mathlib.Combinatorics.SetFamily.AhlswedeZhang,1,2
Mathlib.Combinatorics.SetFamily.Compression.Down,1024,1
Mathlib.Combinatorics.SetFamily.Shadow,1,7
Mathlib.Combinatorics.SetFamily.Shadow,1024,2
Mathlib.Combinatorics.SetFamily.Compression.UV,1024,1
Mathlib.Combinatorics.SetFamily.FourFunctions,0,28
Mathlib.Combinatorics.SetFamily.HarrisKleitman,2,5
Mathlib.Combinatorics.SetFamily.Intersecting,2,3
Mathlib.Combinatorics.SetFamily.Kleitman,2,2
Mathlib.Combinatorics.SetFamily.KruskalKatona,1,3
Mathlib.Combinatorics.SetFamily.KruskalKatona,2,1
Mathlib.Combinatorics.SetFamily.LYM,0,3
Mathlib.Combinatorics.SetFamily.LYM,1,11
Mathlib.Combinatorics.SetFamily.LYM,2,1
Mathlib.Combinatorics.SimpleGraph.Connectivity.Connected,0,4
Mathlib.Data.Setoid.Partition,0,1
Mathlib.Data.Setoid.Partition,1,1
Mathlib.Combinatorics.SimpleGraph.Coloring,0,6
Mathlib.Combinatorics.SimpleGraph.Coloring,1,6
Mathlib.Combinatorics.SimpleGraph.Coloring,2,3
Mathlib.Combinatorics.SimpleGraph.Bipartite,0,1
Mathlib.Combinatorics.SimpleGraph.Bipartite,2,2
Mathlib.Combinatorics.SimpleGraph.Connectivity.Subgraph,0,4
Mathlib.Combinatorics.SimpleGraph.Connectivity.Subgraph,1,7
Mathlib.Combinatorics.SimpleGraph.Connectivity.Subgraph,2,2
Mathlib.Combinatorics.SimpleGraph.Metric,0,18
Mathlib.Combinatorics.SimpleGraph.Metric,1,14
Mathlib.Combinatorics.SimpleGraph.Acyclic,1,10
Mathlib.Combinatorics.SimpleGraph.Acyclic,2,12
Mathlib.Combinatorics.SimpleGraph.Connectivity.WalkCounting,0,15
Mathlib.Combinatorics.SimpleGraph.Connectivity.WalkCounting,1,8
Mathlib.Combinatorics.SimpleGraph.Connectivity.WalkCounting,2,104
Mathlib.Combinatorics.SimpleGraph.AdjMatrix,0,33
Mathlib.Combinatorics.SimpleGraph.AdjMatrix,1,26
Mathlib.Combinatorics.SimpleGraph.Sum,1,1
Mathlib.Combinatorics.SimpleGraph.Sum,2,1
Mathlib.Combinatorics.SimpleGraph.Sum,60,2
Mathlib.Combinatorics.SimpleGraph.Sum,61,1
Mathlib.Combinatorics.SimpleGraph.Prod,70,2
Mathlib.Combinatorics.SimpleGraph.Prod,71,1
Mathlib.Combinatorics.SimpleGraph.Hasse,1,4
Mathlib.Combinatorics.SimpleGraph.Hasse,2,7
Mathlib.Combinatorics.SimpleGraph.Circulant,0,42
Mathlib.Combinatorics.SimpleGraph.Circulant,1,69
Mathlib.Combinatorics.SimpleGraph.Circulant,2,97
Mathlib.Combinatorics.SimpleGraph.Circulant,3,23
Mathlib.Combinatorics.SimpleGraph.Extremal.Basic,0,2
Mathlib.Combinatorics.SimpleGraph.Extremal.Basic,1,1
Mathlib.Combinatorics.SimpleGraph.Extremal.Turan,0,8
Mathlib.Combinatorics.SimpleGraph.Extremal.Turan,1,15
Mathlib.Combinatorics.SimpleGraph.Extremal.Turan,2,11
Mathlib.Combinatorics.SimpleGraph.CompleteMultipartite,0,88
Mathlib.Combinatorics.SimpleGraph.CompleteMultipartite,1,30
Mathlib.Combinatorics.SimpleGraph.CompleteMultipartite,2,26
Mathlib.Combinatorics.SimpleGraph.CompleteMultipartite,3,55
Mathlib.Combinatorics.SimpleGraph.ConcreteColorings,0,4
Mathlib.Combinatorics.SimpleGraph.ConcreteColorings,1,2
Mathlib.Combinatorics.SimpleGraph.ConcreteColorings,2,26
Mathlib.Combinatorics.SimpleGraph.ConcreteColorings,3,6
Mathlib.Combinatorics.SimpleGraph.Connectivity.EdgeConnectivity,0,7
Mathlib.Combinatorics.SimpleGraph.Connectivity.EdgeConnectivity,1,4
Mathlib.Combinatorics.SimpleGraph.Connectivity.EdgeConnectivity,2,5
Mathlib.Combinatorics.SimpleGraph.Connectivity.Represents,1,2
Mathlib.Combinatorics.SimpleGraph.Diam,0,21
Mathlib.Combinatorics.SimpleGraph.Diam,1,9
Mathlib.Combinatorics.SimpleGraph.Diam,2,1
Mathlib.Combinatorics.SimpleGraph.EdgeLabeling,0,3
Mathlib.Combinatorics.SimpleGraph.EdgeLabeling,1,5
Mathlib.Combinatorics.SimpleGraph.EdgeLabeling,2,15
Mathlib.Combinatorics.SimpleGraph.Extremal.TuranDensity,0,1
Mathlib.Combinatorics.SimpleGraph.Extremal.TuranDensity,2,5
Mathlib.Combinatorics.SimpleGraph.FiveWheelLike,1,38
Mathlib.Combinatorics.SimpleGraph.FiveWheelLike,2,9
Mathlib.Combinatorics.SimpleGraph.FiveWheelLike,3,3
Mathlib.Combinatorics.SimpleGraph.FiveWheelLike,4,1
Mathlib.Combinatorics.SimpleGraph.Girth,0,3
Mathlib.Combinatorics.SimpleGraph.Girth,3,2
Mathlib.Data.Set.Card.Arithmetic,1,1
Mathlib.Combinatorics.SimpleGraph.Matching,1,2
Mathlib.Combinatorics.SimpleGraph.Matching,2,1
Mathlib.Combinatorics.SimpleGraph.Hamiltonian,1,9
Mathlib.Combinatorics.SimpleGraph.Hamiltonian,2,2
Mathlib.Combinatorics.SimpleGraph.Hamiltonian,3,1
Mathlib.Combinatorics.SimpleGraph.IncMatrix,0,9
Mathlib.Combinatorics.SimpleGraph.IncMatrix,1,9
Mathlib.Combinatorics.SimpleGraph.IncMatrix,2,2
Mathlib.Combinatorics.SimpleGraph.LapMatrix,0,11
Mathlib.Combinatorics.SimpleGraph.LapMatrix,1,5
Mathlib.Combinatorics.SimpleGraph.LapMatrix,2,2
Mathlib.Combinatorics.SimpleGraph.Partition,0,1
Mathlib.Combinatorics.SimpleGraph.Partition,1,1
Mathlib.Combinatorics.SimpleGraph.StronglyRegular,0,3
Mathlib.Combinatorics.SimpleGraph.StronglyRegular,1,6
Mathlib.Combinatorics.SimpleGraph.StronglyRegular,2,11
Mathlib.Combinatorics.SimpleGraph.Trails,0,2
Mathlib.Combinatorics.SimpleGraph.Trails,1,1
Mathlib.Combinatorics.SimpleGraph.Trails,2,2
Mathlib.Combinatorics.SimpleGraph.UnitDistance.Basic,0,1
Mathlib.Combinatorics.SimpleGraph.UnitDistance.Basic,1,21
Mathlib.Combinatorics.SimpleGraph.VertexCover,0,3
Mathlib.Combinatorics.SimpleGraph.VertexCover,1,2
Mathlib.Combinatorics.Tiling.Tile,0,3
Mathlib.Combinatorics.Tiling.Tile,1,3
Mathlib.Combinatorics.Young.YoungDiagram,0,41
Mathlib.Combinatorics.Young.YoungDiagram,1,1
Mathlib.Combinatorics.Young.SemistandardTableau,0,24
Mathlib.Combinatorics.Young.SemistandardTableau,1,1
Mathlib.Computability.Primrec.Basic,0,13
Mathlib.Computability.Primrec.Basic,1,5
Mathlib.Computability.Primrec.Basic,2,2
Mathlib.Computability.Primrec.List,0,51
Mathlib.Computability.Primrec.List,1,87
Mathlib.Computability.Primrec.List,2,60
Mathlib.Data.Nat.PSub,0,10
Mathlib.Computability.Partrec,0,32
Mathlib.Computability.Partrec,1,3
Mathlib.Computability.PartrecCode,0,44
Mathlib.Computability.PartrecCode,1,55
Mathlib.Computability.PartrecCode,2,43
Mathlib.Computability.PartrecCode,3,19
Mathlib.Computability.PartrecCode,4,30
Mathlib.Computability.PartrecCode,5,12
Mathlib.Computability.PartrecCode,6,12
Mathlib.Computability.PartrecCode,7,11
Mathlib.Computability.Ackermann,0,18
Mathlib.Computability.Ackermann,1,29
Mathlib.Computability.Ackermann,2,7
Mathlib.Computability.Ackermann,3,5
Mathlib.Computability.Ackermann,4,2
Mathlib.Computability.AkraBazzi.GrowsPolynomially,0,24
Mathlib.Computability.AkraBazzi.GrowsPolynomially,1,5
Mathlib.Computability.AkraBazzi.SumTransform,0,146
Mathlib.Computability.AkraBazzi.SumTransform,1,73
Mathlib.Computability.AkraBazzi.SumTransform,2,33
Mathlib.Computability.AkraBazzi.AkraBazzi,0,12
Mathlib.Computability.AkraBazzi.AkraBazzi,1,26
Mathlib.Computability.AkraBazzi.AkraBazzi,2,3
Mathlib.Computability.Language,0,15
Mathlib.Computability.Language,1,19
Mathlib.Computability.Language,2,2
Mathlib.Computability.Language,1024,4
Mathlib.Computability.ContextFreeGrammar,0,3
Mathlib.Computability.ContextFreeGrammar,1,2
Mathlib.Computability.ContextFreeGrammar,9,1
Mathlib.Computability.ContextFreeGrammar,10,1
Mathlib.Computability.DFA,0,1
Mathlib.Computability.DFA,1,1
Mathlib.Data.Nat.Bitwise,0,109
Mathlib.Data.Nat.Bitwise,1,36
Mathlib.Data.Nat.Bitwise,2,40
Mathlib.Data.Nat.Bitwise,3,25
Mathlib.Data.Nat.Bitwise,4,41
Mathlib.Data.Nat.Bitwise,1024,1
Mathlib.Data.Nat.Size,0,14
Mathlib.Data.Nat.Size,1,5
Mathlib.Data.Nat.Size,2,6
Mathlib.Data.Num.Basic,0,71
Mathlib.Data.Num.Basic,1,71
Mathlib.Data.Num.Basic,2,23
Mathlib.Data.Num.Basic,6,2
Mathlib.Data.Num.Bitwise,0,58
Mathlib.Data.Num.Bitwise,1,27
Mathlib.Data.Num.Bitwise,4,1
Mathlib.Data.Num.Bitwise,5,1
Mathlib.Data.Num.Bitwise,100,4
Mathlib.Data.Num.Bitwise,1022,2
Mathlib.Data.Num.Lemmas,0,27
Mathlib.Data.Num.Lemmas,1,41
Mathlib.Data.Num.Lemmas,2,4
Mathlib.Data.Num.Lemmas,1024,4
Mathlib.Computability.Encoding,0,17
Mathlib.Computability.Encoding,1,19
Mathlib.Computability.Encoding,2,15
Mathlib.Computability.Encoding,3,12
Mathlib.Computability.Encoding,4,11
Mathlib.Computability.NFA,0,9
Mathlib.Computability.NFA,1,10
Mathlib.Computability.EpsilonNFA,0,5
Mathlib.Computability.EpsilonNFA,1,4
Mathlib.Computability.Halting,0,24
Mathlib.Computability.Halting,1,81
Mathlib.Computability.Halting,2,3
Mathlib.Computability.Tape,0,22
Mathlib.Computability.Tape,1,14
Mathlib.Computability.PostTuringMachine,0,44
Mathlib.Computability.PostTuringMachine,1,50
Mathlib.Computability.PostTuringMachine,2,12
Mathlib.Computability.PostTuringMachine,3,12
Mathlib.Computability.PostTuringMachine,4,12
Mathlib.Computability.PostTuringMachine,5,11
Mathlib.Computability.PostTuringMachine,15,1
Mathlib.Computability.RecursiveIn,0,30
Mathlib.Computability.Reduce,1000,4
Mathlib.Computability.Reduce,1001,2
Mathlib.Computability.RegularExpressions,0,35
Mathlib.Computability.RegularExpressions,1,27
Mathlib.Computability.RegularExpressions,2,12
Mathlib.Computability.RegularExpressions,3,12
Mathlib.Computability.RegularExpressions,4,12
Mathlib.Computability.RegularExpressions,5,11
Mathlib.Computability.TuringMachine,0,37
Mathlib.Computability.TuringMachine,1,51
Mathlib.Computability.TuringMachine,2,34
Mathlib.Computability.TuringMachine,3,12
Mathlib.Computability.TuringMachine,4,12
Mathlib.Computability.TuringMachine,5,12
Mathlib.Computability.TuringMachine,6,11
Mathlib.Computability.TuringMachine,31,1
Mathlib.Computability.TMComputable,0,12
Mathlib.Computability.TMComputable,1,18
Mathlib.Computability.TMConfig,0,60
Mathlib.Computability.TMConfig,1,45
Mathlib.Computability.TMConfig,2,24
Mathlib.Computability.TMConfig,3,24
Mathlib.Computability.TMConfig,4,23
Mathlib.Computability.TMConfig,5,12
Mathlib.Computability.TMConfig,6,11
Mathlib.Computability.TMToPartrec,0,43
Mathlib.Computability.TMToPartrec,1,63
Mathlib.Computability.TMToPartrec,2,42
Mathlib.Computability.TMToPartrec,3,39
Mathlib.Computability.TMToPartrec,4,23
Mathlib.Computability.TMToPartrec,5,12
Mathlib.Computability.TMToPartrec,6,12
Mathlib.Computability.TMToPartrec,7,11
Mathlib.Computability.TuringDegree,0,1
Mathlib.Computability.TuringDegree,50,2
Mathlib.Computability.TuringDegree,51,4
Mathlib.Topology.Category.CompHausLike.Basic,0,1
Mathlib.Topology.Category.CompHausLike.Basic,1,1
Mathlib.Topology.DiscreteQuotient,0,1
Mathlib.Topology.DiscreteQuotient,1,1
Mathlib.Topology.Category.Profinite.CofilteredLimit,0,1
Mathlib.Topology.Category.Profinite.CofilteredLimit,1,1
Mathlib.Topology.Category.Profinite.CofilteredLimit,2,11
Mathlib.Topology.Category.LightProfinite.Basic,0,2
Mathlib.Topology.Category.LightProfinite.Basic,1,2
Mathlib.Topology.Category.LightProfinite.AsLimit,1,26
Mathlib.Topology.LocallyConstant.Algebra,0,7
Mathlib.Topology.LocallyConstant.Algebra,1,9
Mathlib.Condensed.Light.Epi,0,3
Mathlib.Topology.Category.Sequential,0,1
Mathlib.Topology.Category.Sequential,1,1
Mathlib.Topology.Category.Sequential,37,3
Mathlib.Topology.Compactification.OnePoint.Basic,1024,1
Mathlib.Topology.Category.LightProfinite.Sequence,0,2
Mathlib.Topology.Category.LightProfinite.Sequence,1,4
Mathlib.Topology.Category.LightProfinite.Sequence,1024,1
Mathlib.Topology.Category.CompactlyGenerated,0,1
Mathlib.Topology.Category.CompactlyGenerated,1,1
Mathlib.Topology.Category.CompactlyGenerated,37,3
Mathlib.Control.Bitraversable.Basic,0,1
Mathlib.Data.Nat.Upto,0,1
Mathlib.Control.Fix,0,5
Mathlib.Control.Fold,0,1
Mathlib.Control.Fold,1,1
Mathlib.Data.Fin.Fin2,0,77
Mathlib.Data.Fin.Fin2,1,332
Mathlib.Data.TypeVec,0,159
Mathlib.Data.TypeVec,1,841
Mathlib.Data.TypeVec,40,2
Mathlib.Data.TypeVec,41,1
Mathlib.Data.TypeVec,45,4
Mathlib.Data.TypeVec,46,2
Mathlib.Data.TypeVec,67,2
Mathlib.Data.TypeVec,68,1
Mathlib.Data.TypeVec,80,2
Mathlib.Data.TypeVec,81,1
Mathlib.Control.Functor.Multivariate,0,1
Mathlib.Control.Functor.Multivariate,1,10
Mathlib.Control.Functor.Multivariate,100,2
Mathlib.Control.Functor.Multivariate,101,1
Mathlib.Control.LawfulFix,0,1
Mathlib.Control.Monad.Writer,0,2
Mathlib.Control.Monad.Writer,1,2
Mathlib.Control.Monad.Cont,0,2
Mathlib.Control.Monad.Cont,1,3
Mathlib.Control.ULiftable,0,1
Mathlib.Control.Random,0,29
Mathlib.Control.Random,1,7
Mathlib.Control.Random,2,7
Mathlib.Data.Analysis.Filter,0,2
Mathlib.Data.Analysis.Filter,1,2
Mathlib.Data.Analysis.Topology,0,3
Mathlib.Data.Analysis.Topology,1,3
Mathlib.Data.BitVec,0,1
Mathlib.Data.BitVec,1,6
Mathlib.Data.BitVec,2,78
Mathlib.Data.Bool.Count,1,7
Mathlib.Data.Bool.Count,2,7
Mathlib.Data.DFinsupp.Interval,0,62
Mathlib.Data.DFinsupp.Interval,1,3
Mathlib.Data.DFinsupp.Interval,2,1
Mathlib.Data.DFinsupp.Multiset,0,4
Mathlib.Data.DFinsupp.Multiset,1,1
Mathlib.Data.DFinsupp.Notation,0,14
Mathlib.Data.DFinsupp.Notation,1,10
Mathlib.Data.DFinsupp.Notation,2,6
Mathlib.Data.DFinsupp.Notation,3,3
Mathlib.Data.Semiquot,0,1
Mathlib.Data.Semiquot,1,1
Mathlib.Data.FP.Basic,0,75
Mathlib.Data.FP.Basic,1,33
Mathlib.Data.FP.Basic,2,15
Mathlib.Data.FP.Basic,3,3
Mathlib.Data.FP.Basic,4,3
Mathlib.Data.Fin.FlagRange,0,5
Mathlib.Data.Fin.FlagRange,1,10
Mathlib.Logic.Function.FromTypes,0,54
Mathlib.Logic.Function.FromTypes,1,35
Mathlib.Logic.Function.OfArity,0,3
Mathlib.Data.Fin.Tuple.Curry,0,51
Mathlib.Data.Fin.Tuple.Curry,1,52
Mathlib.Data.Fin.Tuple.Curry,2,48
Mathlib.Data.Fin.Tuple.Embedding,0,8
Mathlib.Data.Fin.Tuple.Embedding,1,57
Mathlib.Data.Fin.Tuple.Embedding,2,35
Mathlib.Data.Fin.Tuple.Take,0,5
Mathlib.Data.Fin.Tuple.Take,1,18
Mathlib.Data.FinEnum,0,8
Mathlib.Data.FinEnum,1,3
Mathlib.Data.FinEnum.Option,0,10
Mathlib.Data.FinEnum.Option,1,54
Mathlib.Data.List.Sigma,0,1
Mathlib.Data.List.Sigma,1,1
Mathlib.Data.List.AList,0,1
Mathlib.Data.List.AList,1,1
Mathlib.Data.Finmap,0,4
Mathlib.Data.Finmap,1,1
Mathlib.Data.Finset.NatDivisors,1,1
Mathlib.Data.Finset.NatDivisors,2,2
Mathlib.Data.Finsupp.AList,0,17
Mathlib.Data.Finsupp.NeLocus,0,12
Mathlib.Data.Finsupp.PointwiseSMul,0,4
Mathlib.Data.Finsupp.Sigma,0,7
Mathlib.Data.Holor,0,30
Mathlib.Data.Holor,1,14
Mathlib.Data.Int.AbsoluteValue,1,2
Mathlib.Data.Int.Bitwise,0,10
Mathlib.Data.Int.Bitwise,1,5
Mathlib.Data.Int.Bitwise,2,8
Mathlib.Data.Int.CardIntervalMod,0,19
Mathlib.Data.Int.CardIntervalMod,1,1
Mathlib.Data.Int.Fib.Lemmas,1,4
Mathlib.Data.Int.Fib.Lemmas,2,4
Mathlib.Data.Int.Order.Lemmas,0,2
Mathlib.Data.Int.Order.Lemmas,2,1
Mathlib.Data.Int.Lemmas,0,15
Mathlib.Data.Int.Lemmas,1,1
Mathlib.Data.Int.Lemmas,2,6
Mathlib.Data.Int.NatPrime,1,5
Mathlib.Data.Int.NatPrime,2,1
Mathlib.Data.List.ChainOfFn,1,4
Mathlib.Data.List.TakeWhile,0,6
Mathlib.Data.List.DropRight,0,2
Mathlib.Data.List.DropRight,1,2
Mathlib.Data.List.Indexes,1,2
Mathlib.Data.List.Intervals,0,2
Mathlib.Data.List.Intervals,1,9
Mathlib.Data.List.PeriodicityLemma,0,1
Mathlib.Data.List.SplitLengths,1,1
Mathlib.Data.Matrix.Bilinear,0,8
Mathlib.Data.Matrix.Bilinear,1,2
Mathlib.Data.Matrix.ColumnRowPartitioned,0,6
Mathlib.Data.Matrix.ColumnRowPartitioned,1,4
Mathlib.Data.Multiset.Interval,1,8
Mathlib.Data.Multiset.Interval,2,1
Mathlib.Data.NNRat.BigOperators,0,2
Mathlib.Data.NNRat.Floor,0,60
Mathlib.Data.NNRat.Lemmas,0,2
Mathlib.Data.Nat.Cast.SetInterval,0,3
Mathlib.Data.Nat.ChineseRemainder,0,15
Mathlib.Data.Nat.Prime.Factorial,1,1
Mathlib.Data.Nat.Choose.Dvd,0,1
Mathlib.Data.Nat.Digits.Div,1,1
Mathlib.Data.Nat.Digits.Div,3,3
Mathlib.Data.Nat.Digits.Div,9,3
Mathlib.Data.Nat.Digits.Div,10,8
Mathlib.Data.Nat.Digits.Div,11,4
Mathlib.Data.Nat.Dist,0,6
Mathlib.Data.Nat.Factorial.NatCast,1,1
Mathlib.Data.Nat.Factorization.Root,0,68
Mathlib.Data.Nat.Factorization.Root,1,8
Mathlib.Data.Nat.Fib.Zeckendorf,0,17
Mathlib.Data.Nat.Fib.Zeckendorf,1,14
Mathlib.Data.Nat.Fib.Zeckendorf,2,4
Mathlib.Data.Nat.Hyperoperation,0,18
Mathlib.Data.Nat.Hyperoperation,1,20
Mathlib.Data.Nat.Hyperoperation,2,7
Mathlib.Data.Nat.Hyperoperation,3,3
Mathlib.Data.Nat.Hyperoperation,4,2
Mathlib.Data.Nat.Nth,0,34
Mathlib.Data.Nat.Nth,1,15
Mathlib.Data.Nat.PartENat,0,27
Mathlib.Data.Nat.PartENat,1,26
Mathlib.Data.Nat.Prime.Nth,0,1
Mathlib.Data.Nat.Prime.Nth,1,1
Mathlib.Data.Nat.Prime.Nth,2,2
Mathlib.Data.Nat.Prime.Nth,3,2
Mathlib.Data.Nat.Prime.Nth,4,1
Mathlib.Data.Nat.Prime.Nth,5,1
Mathlib.Data.Nat.Prime.Nth,7,1
Mathlib.Data.Nat.Prime.Nth,11,1
Mathlib.Data.Num.ZNum,0,25
Mathlib.Data.Num.ZNum,1,17
Mathlib.Data.Num.ZNum,2,1
Mathlib.Data.Num.ZNum,1024,2
Mathlib.Data.Num.Prime,0,5
Mathlib.Data.Num.Prime,1,9
Mathlib.Data.Num.Prime,2,3
Mathlib.Data.Ordmap.Ordnode,0,19
Mathlib.Data.Ordmap.Ordnode,1,75
Mathlib.Data.Ordmap.Ordnode,2,5
Mathlib.Data.Ordmap.Ordnode,3,9
Mathlib.Data.Ordmap.Invariants,0,8
Mathlib.Data.Ordmap.Invariants,1,66
Mathlib.Data.Ordmap.Invariants,2,8
Mathlib.Data.Ordmap.Invariants,3,6
Mathlib.Data.Ordmap.Ordset,0,6
Mathlib.Data.Ordmap.Ordset,1,39
Mathlib.Data.Ordmap.Ordset,2,14
Mathlib.Data.Ordmap.Ordset,3,35
Mathlib.Data.Ordmap.Ordset,5,8
Mathlib.Data.Ordmap.Ordset,9,14
Mathlib.Data.Ordmap.Ordset,16,4
Mathlib.Data.PFunctor.Univariate.Basic,0,1
Mathlib.Data.PFunctor.Univariate.Basic,1,1
Mathlib.Data.PFunctor.Multivariate.Basic,0,1
Mathlib.Data.PFunctor.Multivariate.Basic,1,18
Mathlib.Data.PFunctor.Univariate.M,0,104
Mathlib.Data.PFunctor.Univariate.M,1,161
Mathlib.Data.PFunctor.Multivariate.M,0,8
Mathlib.Data.PFunctor.Multivariate.M,1,370
Mathlib.Data.PFunctor.Multivariate.W,0,8
Mathlib.Data.PFunctor.Multivariate.W,1,325
Mathlib.Data.PNat.Factors,0,3
Mathlib.Data.PNat.Factors,1,3
Mathlib.Data.PNat.Find,0,10
Mathlib.Data.PNat.Find,1,9
Mathlib.Data.PNat.Interval,0,22
Mathlib.Data.PNat.Interval,1,6
Mathlib.Data.PNat.Order,1,2
Mathlib.Data.PNat.Xgcd,0,24
Mathlib.Data.PNat.Xgcd,1,18
Mathlib.Data.PSigma.Order,0,1
Mathlib.Data.PSigma.Order,1022,1
Mathlib.Data.Pi.Interval,1,4
Mathlib.Data.Pi.Interval,2,1
Mathlib.Data.QPF.Multivariate.Basic,0,1
Mathlib.Data.QPF.Multivariate.Constructions.Cofix,0,1
Mathlib.Data.QPF.Multivariate.Constructions.Cofix,1,303
Mathlib.Data.QPF.Multivariate.Constructions.Cofix,1022,1
Mathlib.Data.QPF.Multivariate.Constructions.Fix,1,1009
Mathlib.Data.QPF.Univariate.Basic,0,1
Mathlib.Data.Rat.NatSqrt.Defs,0,3
Mathlib.Data.Rat.NatSqrt.Defs,1,1
Mathlib.Data.Rat.NatSqrt.Defs,2,3
Mathlib.Data.Rat.NatSqrt.Real,0,4
Mathlib.Data.Rat.NatSqrt.Real,1,3
Mathlib.Data.Rat.Star,0,2
Mathlib.Data.Real.Embedding,0,4
Mathlib.Data.Real.Embedding,1,27
Mathlib.Data.Real.Sign,0,21
Mathlib.Data.Real.Sign,1,12
Mathlib.Data.WSeq.Basic,0,6
Mathlib.Data.WSeq.Basic,1,3
Mathlib.Data.WSeq.Relation,1,1
Mathlib.Data.WSeq.Relation,2,1
Mathlib.Data.WSeq.Relation,50,2
Mathlib.Data.WSeq.Relation,51,1
Mathlib.Data.Set.Dissipate,0,2
Mathlib.Data.Set.Dissipate,1,2
Mathlib.Data.Set.Enumerate,0,4
Mathlib.Data.Set.FiniteExhaustion,0,1
Mathlib.Data.Set.FiniteExhaustion,1,30
Mathlib.Data.Sigma.Order,0,1
Mathlib.Data.Sigma.Order,1022,1
Mathlib.Data.Sigma.Interval,0,4
Mathlib.Data.String.Basic,0,1
Mathlib.Data.String.Basic,1,1
Mathlib.Data.Sym.Sym2.Finsupp,0,1
Mathlib.Data.UInt,0,5
Mathlib.Data.UInt,1,5
Mathlib.Data.UInt,8,35
Mathlib.Data.UInt,16,35
Mathlib.Data.UInt,32,35
Mathlib.Data.UInt,48,2
Mathlib.Data.UInt,57,2
Mathlib.Data.UInt,64,35
Mathlib.Data.UInt,65,2
Mathlib.Data.UInt,90,2
Mathlib.Data.UInt,97,2
Mathlib.Data.UInt,122,2
Mathlib.Data.Vector.Snoc,0,23
Mathlib.Data.Vector.Snoc,1,27
Mathlib.Data.Vector.Mem,0,6
Mathlib.Data.Vector.Mem,1,14
Mathlib.Data.Vector.Zip,1,2
Mathlib.Data.Vector3,0,65
Mathlib.Data.Vector3,1,90
Mathlib.Data.Vector3,2,4
Mathlib.Data.Vector3,1022,1
Mathlib.Data.W.Constructions,0,19
Mathlib.Data.W.Constructions,1,18
Mathlib.Data.WSeq.Defs,0,10
Mathlib.Data.WSeq.Defs,1,9
Mathlib.Data.WSeq.Defs,2,4
Mathlib.Data.ZMod.Coprime,0,3
Mathlib.Data.ZMod.Coprime,1,3
Mathlib.Data.ZMod.Factorial,1,2
Mathlib.Deprecated.Estimator,0,3
Mathlib.Deprecated.Estimator,1,1
Mathlib.Deprecated.MLList.BestFirst,0,2
Mathlib.Deprecated.MLList.BestFirst,1,2
Mathlib.Dynamics.Circle.RotationNumber.TranslationNumber,0,60
Mathlib.Dynamics.Circle.RotationNumber.TranslationNumber,1,90
Mathlib.Dynamics.Circle.RotationNumber.TranslationNumber,2,12
Mathlib.Dynamics.Ergodic.Ergodic,0,6
Mathlib.Dynamics.Ergodic.Ergodic,1,1
Mathlib.MeasureTheory.Measure.ContinuousPreimage,0,1
Mathlib.Dynamics.Ergodic.Action.OfMinimal,0,2
Mathlib.Dynamics.Ergodic.Action.OfMinimal,1,2
Mathlib.Dynamics.FixedPoints.Prufer,0,1
Mathlib.Dynamics.FixedPoints.Prufer,1,1
Mathlib.MeasureTheory.Group.AddCircle,0,3
Mathlib.MeasureTheory.Group.AddCircle,2,2
Mathlib.Dynamics.Ergodic.AddCircle,0,6
Mathlib.Dynamics.Ergodic.AddCircle,1,4
Mathlib.Topology.Instances.AddCircle.DenseSubgroup,0,4
Mathlib.Dynamics.Ergodic.AddCircleAdd,0,4
Mathlib.Dynamics.Ergodic.Conservative,0,24
Mathlib.MeasureTheory.Measure.Decomposition.RadonNikodym,0,6
Mathlib.MeasureTheory.Measure.Decomposition.RadonNikodym,1,3
Mathlib.Dynamics.Flow,0,27
Mathlib.Dynamics.Flow,1,1
Mathlib.Dynamics.OmegaLimit,1024,3
Mathlib.Dynamics.TopologicalEntropy.DynamicalEntourage,0,4
Mathlib.Dynamics.TopologicalEntropy.DynamicalEntourage,1,1
Mathlib.Dynamics.TopologicalEntropy.CoverEntropy,0,13
Mathlib.Dynamics.TopologicalEntropy.CoverEntropy,1,4
Mathlib.Dynamics.TopologicalEntropy.NetEntropy,0,7
Mathlib.Dynamics.TopologicalEntropy.NetEntropy,1,3
Mathlib.FieldTheory.AbelRuffini,0,18
Mathlib.FieldTheory.AbelRuffini,1,6
Mathlib.ModelTheory.Basic,0,23
Mathlib.ModelTheory.Basic,1,4
Mathlib.ModelTheory.Basic,25,3
Mathlib.ModelTheory.LanguageMap,0,26
Mathlib.ModelTheory.LanguageMap,1,3
Mathlib.ModelTheory.LanguageMap,10,4
Mathlib.ModelTheory.LanguageMap,11,2
Mathlib.ModelTheory.LanguageMap,1024,1
Mathlib.ModelTheory.Syntax,0,308
Mathlib.ModelTheory.Syntax,1,604
Mathlib.ModelTheory.Syntax,2,35
Mathlib.ModelTheory.Syntax,3,12
Mathlib.ModelTheory.Syntax,4,11
Mathlib.ModelTheory.Syntax,61,2
Mathlib.ModelTheory.Syntax,62,3
Mathlib.ModelTheory.Syntax,63,1
Mathlib.ModelTheory.Syntax,88,2
Mathlib.ModelTheory.Syntax,89,1
Mathlib.ModelTheory.Syntax,110,4
Mathlib.ModelTheory.Syntax,1023,4
Mathlib.ModelTheory.Semantics,0,77
Mathlib.ModelTheory.Semantics,1,76
Mathlib.ModelTheory.Semantics,2,24
Mathlib.ModelTheory.Semantics,25,1
Mathlib.ModelTheory.Semantics,50,1
Mathlib.ModelTheory.Semantics,51,4
Mathlib.ModelTheory.Semantics,52,2
Mathlib.ModelTheory.Algebra.Ring.Basic,0,358
Mathlib.ModelTheory.Algebra.Ring.Basic,1,208
Mathlib.ModelTheory.Algebra.Ring.Basic,2,264
Mathlib.ModelTheory.Algebra.Ring.Basic,3,12
Mathlib.ModelTheory.Algebra.Ring.Basic,4,11
Mathlib.ModelTheory.Algebra.Ring.Basic,5,1
Mathlib.ModelTheory.Algebra.Field.Basic,0,660
Mathlib.ModelTheory.Algebra.Field.Basic,1,1439
Mathlib.ModelTheory.Algebra.Field.Basic,2,20
Mathlib.ModelTheory.Algebra.Field.Basic,3,8
Mathlib.ModelTheory.Algebra.Field.Basic,4,8
Mathlib.ModelTheory.Algebra.Field.Basic,5,8
Mathlib.ModelTheory.Algebra.Field.Basic,6,8
Mathlib.ModelTheory.Algebra.Field.Basic,7,8
Mathlib.ModelTheory.Algebra.Field.Basic,8,7
Mathlib.ModelTheory.Algebra.Field.CharP,0,11
Mathlib.ModelTheory.Quotients,0,1
Mathlib.ModelTheory.Encoding,0,16
Mathlib.ModelTheory.Encoding,1,42
Mathlib.ModelTheory.Encoding,2,24
Mathlib.ModelTheory.Substructures,0,1
Mathlib.ModelTheory.Substructures,1,1
Mathlib.ModelTheory.ElementaryMaps,0,6
Mathlib.ModelTheory.ElementaryMaps,1,21
Mathlib.ModelTheory.ElementaryMaps,25,1
Mathlib.ModelTheory.ElementarySubstructures,0,1
Mathlib.ModelTheory.ElementarySubstructures,1,21
Mathlib.ModelTheory.Bundled,0,1
Mathlib.ModelTheory.Bundled,1,1
Mathlib.ModelTheory.Skolem,1,5
Mathlib.ModelTheory.Satisfiability,0,25
Mathlib.ModelTheory.Satisfiability,51,2
Mathlib.ModelTheory.Satisfiability,52,1
Mathlib.ModelTheory.Algebra.Field.IsAlgClosed,0,16
Mathlib.ModelTheory.Algebra.Field.IsAlgClosed,1,158
Mathlib.ModelTheory.Definability,0,2
Mathlib.ModelTheory.Definability,1,4
Mathlib.ModelTheory.Definability,2,3
Mathlib.RingTheory.MvPolynomial.FreeCommRing,0,10
Mathlib.RingTheory.Nullstellensatz,0,9
Mathlib.FieldTheory.AxGrothendieck,0,67
Mathlib.FieldTheory.AxGrothendieck,1,8
Mathlib.FieldTheory.AxGrothendieck,2,200
Mathlib.FieldTheory.CardinalEmb,2,5
Mathlib.GroupTheory.OreLocalization.Cardinality,0,2
Mathlib.GroupTheory.OreLocalization.Cardinality,1,2
Mathlib.SetTheory.Cardinal.Divisibility,0,2
Mathlib.SetTheory.Cardinal.Divisibility,1,2
Mathlib.FieldTheory.Differential.Basic,0,12
Mathlib.FieldTheory.Differential.Basic,1,1
Mathlib.FieldTheory.Differential.Liouville,0,24
Mathlib.FieldTheory.Finite.Polynomial,0,4
Mathlib.FieldTheory.Finite.Polynomial,1,19
Mathlib.RingTheory.Discriminant,0,2
Mathlib.RingTheory.Discriminant,1,4
Mathlib.RingTheory.Discriminant,2,6
Mathlib.RingTheory.IntegralClosure.IntegralRestrict,0,6
Mathlib.RingTheory.Invariant.Basic,0,1
Mathlib.FieldTheory.Galois.NormalBasis,0,2
Mathlib.FieldTheory.Galois.NormalBasis,1,1
Mathlib.Topology.Algebra.Category.ProfiniteGrp.Basic,0,6
Mathlib.Topology.Algebra.Category.ProfiniteGrp.Basic,1,4
Mathlib.FieldTheory.Galois.Profinite,1,1
Mathlib.FieldTheory.PerfectClosure,0,23
Mathlib.FieldTheory.PerfectClosure,1,45
Mathlib.FieldTheory.IsPerfectClosure,0,1
Mathlib.FieldTheory.IsPerfectClosure,1,8
Mathlib.FieldTheory.IsRealClosed.Basic,0,9
Mathlib.GroupTheory.CosetCover,1,8
Mathlib.FieldTheory.Isaacs,0,8
Mathlib.FieldTheory.JacobsonNoether,0,1
Mathlib.FieldTheory.JacobsonNoether,1,2
Mathlib.FieldTheory.KummerExtension,0,12
Mathlib.FieldTheory.KummerExtension,1,4
Mathlib.FieldTheory.KummerExtension,2,2
Mathlib.FieldTheory.KummerExtension,1024,1
Mathlib.FieldTheory.Laurent,0,1
Mathlib.RingTheory.MvPolynomial,0,1
Mathlib.RingTheory.MvPolynomial,1,1
Mathlib.LinearAlgebra.TensorProduct.Submodule,1,8
Mathlib.LinearAlgebra.LinearDisjoint,0,18
Mathlib.LinearAlgebra.LinearDisjoint,1,12
Mathlib.LinearAlgebra.TensorProduct.Subalgebra,1,4
Mathlib.RingTheory.LinearDisjoint,1,9
Mathlib.FieldTheory.Minpoly.IsConjRoot,0,17
Mathlib.FieldTheory.Minpoly.ConjRootClass,0,10
Mathlib.FieldTheory.NormalizedTrace,0,1
Mathlib.FieldTheory.PurelyInseparable.Exponent,0,2
Mathlib.FieldTheory.PurelyInseparable.PerfectClosure,1,2
Mathlib.FieldTheory.RatFunc.Degree,0,11
Mathlib.FieldTheory.RatFunc.Degree,1,2
Mathlib.FieldTheory.Relrank,1,18
Mathlib.Geometry.Convex.Cone.TensorProduct,0,34
Mathlib.Geometry.Diffeology.Basic,0,2
Mathlib.Geometry.Diffeology.Basic,1,1
Mathlib.Geometry.Diffeology.Basic,2,466
Mathlib.Geometry.Euclidean.Projection,0,484
Mathlib.Geometry.Euclidean.Projection,1,3659
Mathlib.Geometry.Euclidean.Projection,2,2
Mathlib.Geometry.Euclidean.Altitude,0,75
Mathlib.Geometry.Euclidean.Altitude,1,695
Mathlib.Geometry.Euclidean.Altitude,2,1
Mathlib.Geometry.Euclidean.Angle.Oriented.Basic,0,129
Mathlib.Geometry.Euclidean.Angle.Oriented.Basic,1,8
Mathlib.Geometry.Euclidean.Angle.Oriented.Basic,2,314
Mathlib.Geometry.Euclidean.Angle.Oriented.Rotation,0,48
Mathlib.Geometry.Euclidean.Angle.Oriented.Rotation,1,5
Mathlib.Geometry.Euclidean.Angle.Oriented.Rotation,2,215
Mathlib.Geometry.Euclidean.Angle.Unoriented.Affine,0,31
Mathlib.Geometry.Euclidean.Angle.Unoriented.Affine,1,3
Mathlib.Geometry.Euclidean.Angle.Unoriented.Affine,2,6
Mathlib.Geometry.Euclidean.Angle.Unoriented.Affine,1024,1
Mathlib.Geometry.Euclidean.Angle.Oriented.Affine,0,43
Mathlib.Geometry.Euclidean.Angle.Oriented.Affine,1,8
Mathlib.Geometry.Euclidean.Angle.Oriented.Affine,2,253
Mathlib.Geometry.Euclidean.Angle.Oriented.Affine,1024,1
Mathlib.Geometry.Euclidean.Angle.Unoriented.RightAngle,0,65
Mathlib.Geometry.Euclidean.Angle.Unoriented.RightAngle,2,26
Mathlib.Geometry.Euclidean.Angle.Oriented.RightAngle,0,6
Mathlib.Geometry.Euclidean.Angle.Oriented.RightAngle,2,253
Mathlib.Geometry.Euclidean.Angle.Unoriented.Projection,2,2
Mathlib.Geometry.Euclidean.Angle.Oriented.Projection,2,14
Mathlib.Geometry.Euclidean.Angle.Bisector,0,8
Mathlib.Geometry.Euclidean.Angle.Bisector,2,22
Mathlib.Geometry.Euclidean.PerpBisector,0,7
Mathlib.Geometry.Euclidean.PerpBisector,2,2
Mathlib.Geometry.Euclidean.Basic,0,4
Mathlib.Geometry.Euclidean.Basic,1,2
Mathlib.Geometry.Euclidean.Basic,2,6
Mathlib.Geometry.Euclidean.Sphere.Basic,0,20
Mathlib.Geometry.Euclidean.Sphere.Basic,1,1
Mathlib.Geometry.Euclidean.Sphere.Basic,2,7
Mathlib.Geometry.Euclidean.Sphere.Basic,3,4
Mathlib.Geometry.Euclidean.Circumcenter,0,47
Mathlib.Geometry.Euclidean.Circumcenter,1,507
Mathlib.Geometry.Euclidean.Circumcenter,2,1
Mathlib.Geometry.Euclidean.Sphere.OrthRadius,0,3
Mathlib.Geometry.Euclidean.Sphere.OrthRadius,1,1
Mathlib.Geometry.Euclidean.Sphere.Tangent,0,11
Mathlib.Geometry.Euclidean.Sphere.Tangent,1,1
Mathlib.Geometry.Euclidean.Sphere.Tangent,2,3
Mathlib.Geometry.Euclidean.Angle.Sphere,2,173
Mathlib.Geometry.Euclidean.Angle.Sphere,3,48
Mathlib.Geometry.Euclidean.Angle.Unoriented.CrossProduct,2,21
Mathlib.Geometry.Euclidean.Angle.Unoriented.CrossProduct,3,280
Mathlib.Geometry.Euclidean.Triangle,0,6
Mathlib.Geometry.Euclidean.Triangle,2,22
Mathlib.Geometry.Euclidean.Triangle,3,4
Mathlib.Geometry.Euclidean.Angle.Unoriented.TriangleInequality,0,2
Mathlib.Topology.MetricSpace.Congruence,25,2
Mathlib.Topology.MetricSpace.Congruence,26,1
Mathlib.Geometry.Euclidean.Congruence,0,20
Mathlib.Geometry.Euclidean.Congruence,1,4
Mathlib.Geometry.Euclidean.Congruence,2,4
Mathlib.Geometry.Euclidean.Congruence,3,5
Mathlib.Geometry.Euclidean.SignedDist,0,19
Mathlib.Geometry.Euclidean.SignedDist,1,269
Mathlib.Geometry.Euclidean.Incenter,0,80
Mathlib.Geometry.Euclidean.Incenter,1,1662
Mathlib.Geometry.Euclidean.Incenter,2,88
Mathlib.Geometry.Euclidean.Incenter,3,85
Mathlib.Geometry.Euclidean.Inversion.Calculus,2,1
Mathlib.Geometry.Euclidean.Inversion.ImageHyperplane,0,8
Mathlib.Geometry.Euclidean.Inversion.ImageHyperplane,2,2
Mathlib.Geometry.Euclidean.MongePoint,0,11
Mathlib.Geometry.Euclidean.MongePoint,1,263
Mathlib.Geometry.Euclidean.MongePoint,2,391
Mathlib.Geometry.Euclidean.MongePoint,3,406
Mathlib.Geometry.Euclidean.NinePointCircle,0,14
Mathlib.Geometry.Euclidean.NinePointCircle,1,204
Mathlib.Geometry.Euclidean.NinePointCircle,2,4
Mathlib.Geometry.Euclidean.NinePointCircle,3,2
Mathlib.Topology.MetricSpace.Similarity,0,69
Mathlib.Topology.MetricSpace.Similarity,1,8
Mathlib.Topology.MetricSpace.Similarity,2,8
Mathlib.Topology.MetricSpace.Similarity,25,2
Mathlib.Topology.MetricSpace.Similarity,26,1
Mathlib.Geometry.Euclidean.Similarity,0,20
Mathlib.Geometry.Euclidean.Similarity,1,4
Mathlib.Geometry.Euclidean.Similarity,2,4
Mathlib.Geometry.Euclidean.Simplex,0,3
Mathlib.Geometry.Euclidean.Simplex,1,23
Mathlib.Geometry.Euclidean.Simplex,2,26
Mathlib.Geometry.Euclidean.Simplex,3,4
Mathlib.Geometry.Euclidean.Sphere.Power,0,15
Mathlib.Geometry.Euclidean.Sphere.Power,2,12
Mathlib.Geometry.Euclidean.Sphere.SecondInter,0,3
Mathlib.Geometry.Euclidean.Sphere.SecondInter,1,11
Mathlib.Geometry.Euclidean.Sphere.SecondInter,2,3
Mathlib.Geometry.Group.Growth.LinearLowerBound,0,4
Mathlib.Geometry.Group.Growth.LinearLowerBound,1,10
Mathlib.Geometry.Group.Growth.QuotientInter,2,2
Mathlib.Geometry.Manifold.Algebra.SmoothFunctions,0,4
Mathlib.Geometry.Manifold.Algebra.SmoothFunctions,1,4
Mathlib.Geometry.Manifold.DerivationBundle,0,6
Mathlib.Geometry.Manifold.DerivationBundle,1024,3
Mathlib.Geometry.Manifold.Algebra.LeftInvariantDerivation,0,9
Mathlib.Geometry.Manifold.Algebra.LeftInvariantDerivation,1,4925
Mathlib.Geometry.Manifold.Bordism,0,1
Mathlib.Geometry.Manifold.Bordism,1,1
Mathlib.Geometry.Manifold.Complex,1,7
Mathlib.Geometry.Manifold.MFDeriv.SpecificFunctions,0,8
Mathlib.Geometry.Manifold.VectorBundle.Tangent,1,67
Mathlib.Geometry.Manifold.VectorBundle.Tangent,2,1
Mathlib.Geometry.Manifold.VectorBundle.Tangent,3,84
Mathlib.Geometry.Manifold.MFDeriv.Atlas,1,20
Mathlib.Geometry.Manifold.MFDeriv.UniqueDifferential,1,5
Mathlib.Geometry.Manifold.Diffeomorph,0,24
Mathlib.Geometry.Manifold.Diffeomorph,1,1
Mathlib.Geometry.Manifold.Diffeomorph,1000,2
Mathlib.Geometry.Manifold.Diffeomorph,1022,4
Mathlib.Geometry.Manifold.MFDeriv.Tangent,1,9
Mathlib.Geometry.Manifold.MFDeriv.Tangent,3,3
Mathlib.Geometry.Manifold.VectorBundle.MDifferentiable,0,8
Mathlib.Geometry.Manifold.VectorBundle.MDifferentiable,1,20
Mathlib.Geometry.Manifold.VectorBundle.Hom,1,2
Mathlib.Geometry.Manifold.ContMDiffMFDeriv,0,3
Mathlib.Geometry.Manifold.ContMDiffMFDeriv,1,49
Mathlib.Geometry.Manifold.VectorField.Pullback,0,4
Mathlib.Geometry.Manifold.VectorField.Pullback,1,56
Mathlib.Geometry.Manifold.VectorField.Pullback,2,26
Mathlib.Geometry.Manifold.VectorField.Pullback,3,7
Mathlib.Geometry.Manifold.VectorField.LieBracket,0,13
Mathlib.Geometry.Manifold.VectorField.LieBracket,1,8
Mathlib.Geometry.Manifold.VectorField.LieBracket,2,41
Mathlib.Geometry.Manifold.VectorField.LieBracket,3,3
Mathlib.Geometry.Manifold.GroupLieAlgebra,0,96
Mathlib.Geometry.Manifold.GroupLieAlgebra,1,96
Mathlib.Geometry.Manifold.GroupLieAlgebra,2,4
Mathlib.Geometry.Manifold.GroupLieAlgebra,3,76
Mathlib.Geometry.Manifold.LocalSourceTargetProperty,0,1
Mathlib.Geometry.Manifold.LocalSourceTargetProperty,1,1
Mathlib.Geometry.Manifold.Immersion,0,12
Mathlib.Geometry.Manifold.Instances.Real,0,277
Mathlib.Geometry.Manifold.Instances.Real,1,430
Mathlib.Geometry.Manifold.Instances.Real,2,147
Mathlib.Geometry.Manifold.Instances.Real,1022,2
Mathlib.Geometry.Manifold.Instances.Icc,0,195
Mathlib.Geometry.Manifold.Instances.Icc,1,1132
Mathlib.Geometry.Manifold.Instances.Icc,2,176
Mathlib.Geometry.Manifold.Instances.Sphere,0,425
Mathlib.Geometry.Manifold.Instances.Sphere,1,641
Mathlib.Geometry.Manifold.Instances.Sphere,2,312
Mathlib.Geometry.Manifold.Instances.Sphere,4,16
Mathlib.Geometry.Manifold.IntegralCurve.Basic,0,1
Mathlib.Geometry.Manifold.IntegralCurve.Basic,1,7
Mathlib.Geometry.Manifold.IntegralCurve.Transform,0,5
Mathlib.Geometry.Manifold.IntegralCurve.ExistUnique,0,1
Mathlib.Geometry.Manifold.IntegralCurve.ExistUnique,1,20
Mathlib.Geometry.Manifold.IntegralCurve.UniformTime,0,12
Mathlib.Geometry.Manifold.IntegralCurve.UniformTime,1,16
Mathlib.Geometry.Manifold.LocalDiffeomorph,0,16
Mathlib.Geometry.Manifold.LocalDiffeomorph,1,1
Mathlib.Geometry.Manifold.PoincareConjecture,0,4
Mathlib.Geometry.Manifold.PoincareConjecture,1,42
Mathlib.Geometry.Manifold.PoincareConjecture,2,22
Mathlib.MeasureTheory.Constructions.UnitInterval,0,1
Mathlib.MeasureTheory.Constructions.UnitInterval,1,3
Mathlib.Geometry.Manifold.Riemannian.PathELength,0,62
Mathlib.Geometry.Manifold.Riemannian.PathELength,1,550
Mathlib.Geometry.Manifold.Riemannian.PathELength,2,84
Mathlib.Topology.VectorBundle.Riemannian,0,106
Mathlib.Topology.VectorBundle.Riemannian,1,44
Mathlib.Geometry.Manifold.VectorBundle.Riemannian,0,42
Mathlib.Geometry.Manifold.VectorBundle.Riemannian,1,27
Mathlib.Geometry.Manifold.VectorBundle.Riemannian,2,2
Mathlib.Geometry.Manifold.VectorBundle.Riemannian,3,1
Mathlib.Geometry.Manifold.Riemannian.Basic,0,14
Mathlib.Geometry.Manifold.Riemannian.Basic,1,22
Mathlib.Geometry.Manifold.Riemannian.Basic,3,3
Mathlib.Geometry.Manifold.VectorBundle.LocalFrame,0,8
Mathlib.Geometry.Manifold.VectorBundle.LocalFrame,1,6
Mathlib.Geometry.Manifold.WhitneyEmbedding,2,285
Mathlib.Geometry.Polygon.Basic,0,2
Mathlib.Geometry.Polygon.Basic,1,2
Mathlib.GroupTheory.Commensurable,0,8
Mathlib.GroupTheory.Commutator.Finite,2,1
Mathlib.GroupTheory.SpecificGroups.KleinFour,0,19
Mathlib.GroupTheory.SpecificGroups.KleinFour,1,19
Mathlib.GroupTheory.SpecificGroups.KleinFour,2,34
Mathlib.GroupTheory.SpecificGroups.KleinFour,4,18
Mathlib.GroupTheory.SpecificGroups.Dihedral,0,17
Mathlib.GroupTheory.SpecificGroups.Dihedral,1,22
Mathlib.GroupTheory.SpecificGroups.Dihedral,2,12
Mathlib.GroupTheory.SpecificGroups.Dihedral,3,2
Mathlib.GroupTheory.CommutingProbability,0,20
Mathlib.GroupTheory.CommutingProbability,1,22
Mathlib.GroupTheory.CommutingProbability,2,8
Mathlib.GroupTheory.CommutingProbability,3,5
Mathlib.GroupTheory.CommutingProbability,4,9
Mathlib.GroupTheory.Coprod.Basic,0,51
Mathlib.GroupTheory.Coprod.Basic,1,51
Mathlib.GroupTheory.Coprod.Basic,30,1
Mathlib.GroupTheory.Coprod.Basic,31,2
Mathlib.GroupTheory.FreeGroup.IsFreeGroup,0,1
Mathlib.GroupTheory.FreeGroup.IsFreeGroup,1,1
Mathlib.GroupTheory.CoprodI,0,10
Mathlib.GroupTheory.CoprodI,1,200
Mathlib.GroupTheory.CoprodI,3,7
Mathlib.GroupTheory.Coxeter.Matrix,0,42
Mathlib.GroupTheory.Coxeter.Matrix,1,154
Mathlib.GroupTheory.Coxeter.Matrix,2,215
Mathlib.GroupTheory.Coxeter.Matrix,3,122
Mathlib.GroupTheory.Coxeter.Matrix,4,89
Mathlib.GroupTheory.Coxeter.Matrix,5,28
Mathlib.GroupTheory.Coxeter.Matrix,6,52
Mathlib.GroupTheory.Coxeter.Matrix,7,43
Mathlib.GroupTheory.Coxeter.Matrix,8,35
Mathlib.GroupTheory.PresentedGroup,1,10
Mathlib.GroupTheory.Coxeter.Basic,0,5
Mathlib.GroupTheory.Coxeter.Basic,1,19
Mathlib.GroupTheory.Coxeter.Basic,2,9
Mathlib.GroupTheory.Coxeter.Length,0,3
Mathlib.GroupTheory.Coxeter.Length,1,20
Mathlib.GroupTheory.Coxeter.Length,2,241
Mathlib.GroupTheory.Coxeter.Inversion,1,22
Mathlib.GroupTheory.Coxeter.Inversion,2,7
Mathlib.GroupTheory.DivisibleHull,0,14
Mathlib.GroupTheory.DivisibleHull,1,1
Mathlib.GroupTheory.DoubleCoset,1,1
Mathlib.GroupTheory.FiniteAbelian.Duality,1,2
Mathlib.GroupTheory.FiniteIndexNormalSubgroup,0,2
Mathlib.GroupTheory.FiniteIndexNormalSubgroup,1,2
Mathlib.GroupTheory.FixedPointFree,1,2
Mathlib.GroupTheory.FixedPointFree,2,2
Mathlib.GroupTheory.Nilpotent,0,10
Mathlib.GroupTheory.Nilpotent,1,14
Mathlib.GroupTheory.FreeGroup.CyclicallyReduced,0,6
Mathlib.GroupTheory.FreeGroup.CyclicallyReduced,1,4
Mathlib.GroupTheory.FreeGroup.NielsenSchreier,0,1
Mathlib.GroupTheory.FreeGroup.Orbit,0,2
Mathlib.GroupTheory.FreeGroup.Orbit,1,1
Mathlib.GroupTheory.Goursat,0,2
Mathlib.GroupTheory.Goursat,1,2
Mathlib.GroupTheory.GroupAction.Blocks,2,4
Mathlib.GroupTheory.GroupAction.Primitive,2,3
Mathlib.GroupTheory.GroupAction.Iwasawa,0,1
Mathlib.GroupTheory.GroupAction.Iwasawa,1,1
Mathlib.GroupTheory.IndexNormal,1,1
Mathlib.GroupTheory.IndexNormal,2,1
Mathlib.GroupTheory.SpecificGroups.Alternating,0,5
Mathlib.GroupTheory.SpecificGroups.Alternating,1,22
Mathlib.GroupTheory.SpecificGroups.Alternating,2,25
Mathlib.GroupTheory.SpecificGroups.Alternating,3,20
Mathlib.GroupTheory.SpecificGroups.Alternating,4,6
Mathlib.GroupTheory.SpecificGroups.Alternating,5,378
Mathlib.GroupTheory.GroupAction.SubMulAction.OfStabilizer,1,8
Mathlib.GroupTheory.GroupAction.MultipleTransitivity,0,2
Mathlib.GroupTheory.GroupAction.MultipleTransitivity,1,4
Mathlib.GroupTheory.GroupAction.MultipleTransitivity,2,9
Mathlib.GroupTheory.GroupAction.MultipleTransitivity,3,4
Mathlib.GroupTheory.GroupAction.MultiplePrimitivity,0,2
Mathlib.GroupTheory.GroupAction.MultiplePrimitivity,1,22
Mathlib.GroupTheory.GroupAction.Jordan,1,4
Mathlib.GroupTheory.GroupAction.Jordan,2,13
Mathlib.GroupTheory.GroupAction.Period,0,27
Mathlib.GroupTheory.GroupAction.Period,1,5
Mathlib.GroupTheory.Perm.MaximalSubgroups,1,2
Mathlib.GroupTheory.Perm.MaximalSubgroups,2,1
Mathlib.GroupTheory.SpecificGroups.Alternating.MaximalSubgroups,2,2
Mathlib.GroupTheory.SpecificGroups.Alternating.MaximalSubgroups,3,1
Mathlib.GroupTheory.SpecificGroups.Alternating.MaximalSubgroups,4,4
Mathlib.GroupTheory.GroupAction.SubMulAction.Combination,1,81
Mathlib.GroupTheory.GroupAction.SubMulAction.Combination,2,2
Mathlib.GroupTheory.GroupAction.SubMulAction.Combination,3,2
Mathlib.GroupTheory.GroupExtension.Defs,0,10
Mathlib.GroupTheory.GroupExtension.Defs,1,10
Mathlib.GroupTheory.HNNExtension,0,3
Mathlib.GroupTheory.HNNExtension,1,49
Mathlib.GroupTheory.IsSubnormal,0,3
Mathlib.GroupTheory.IsSubnormal,1,9
Mathlib.GroupTheory.Perm.Cycle.PossibleTypes,2,1
Mathlib.GroupTheory.Perm.Centralizer,0,4
Mathlib.GroupTheory.Perm.Centralizer,1,3
Mathlib.GroupTheory.Perm.Centralizer,2,10
Mathlib.GroupTheory.Perm.ClosureSwap,1,1
Mathlib.GroupTheory.PushoutI,0,3
Mathlib.GroupTheory.PushoutI,1,41
Mathlib.GroupTheory.RegularWreathProduct,0,7
Mathlib.GroupTheory.RegularWreathProduct,1,32
Mathlib.GroupTheory.RegularWreathProduct,65,1
Mathlib.GroupTheory.RegularWreathProduct,66,2
Mathlib.GroupTheory.Transfer,0,3
Mathlib.GroupTheory.Transfer,1,1
Mathlib.GroupTheory.Schreier,0,1
Mathlib.GroupTheory.Schreier,1,8
Mathlib.GroupTheory.Schreier,2,2
Mathlib.GroupTheory.SchurZassenhaus,1,6
Mathlib.GroupTheory.SpecificGroups.Alternating.Centralizer,0,3
Mathlib.GroupTheory.SpecificGroups.Alternating.Centralizer,1,6
Mathlib.GroupTheory.SpecificGroups.Alternating.Centralizer,2,11
Mathlib.GroupTheory.SpecificGroups.Alternating.Centralizer,5,5
Mathlib.GroupTheory.SpecificGroups.Alternating.KleinFour,1,2
Mathlib.GroupTheory.SpecificGroups.Alternating.KleinFour,2,20
Mathlib.GroupTheory.SpecificGroups.Alternating.KleinFour,4,15
Mathlib.GroupTheory.SpecificGroups.Alternating.KleinFour,12,1
Mathlib.GroupTheory.SpecificGroups.Quaternion,0,86
Mathlib.GroupTheory.SpecificGroups.Quaternion,1,20
Mathlib.GroupTheory.SpecificGroups.Quaternion,2,227
Mathlib.GroupTheory.SpecificGroups.Quaternion,4,3
Mathlib.GroupTheory.SpecificGroups.ZGroup,1,1
Mathlib.GroupTheory.Subgroup.Saturated,0,8
Mathlib.InformationTheory.Hamming,0,34
Mathlib.InformationTheory.Hamming,1,2
Mathlib.MeasureTheory.Measure.Decomposition.IntegralRNDeriv,0,6
Mathlib.MeasureTheory.Measure.Tilted,0,7
Mathlib.MeasureTheory.Measure.LogLikelihoodRatio,0,5
Mathlib.MeasureTheory.Measure.LogLikelihoodRatio,1,1
Mathlib.InformationTheory.KullbackLeibler.KLFun,0,18
Mathlib.InformationTheory.KullbackLeibler.KLFun,1,11
Mathlib.InformationTheory.KullbackLeibler.Basic,0,6
Mathlib.InformationTheory.KullbackLeibler.Basic,1,1
Mathlib.Lean.CoreM,0,12
Mathlib.Lean.CoreM,1,3
Mathlib.Lean.CoreM,2,1
Mathlib.Lean.CoreM,1000,1
Mathlib.Lean.Meta.DiscrTree,3,1
Mathlib.Lean.Meta.DiscrTree,449,1
Mathlib.LinearAlgebra.AffineSpace.Matrix,1,5
Mathlib.LinearAlgebra.AffineSpace.MidpointZero,1,2
Mathlib.LinearAlgebra.AffineSpace.MidpointZero,2,7
Mathlib.LinearAlgebra.Alternating.DomCoprod,0,2
Mathlib.LinearAlgebra.Basis.Flag,0,1
Mathlib.LinearAlgebra.Basis.Flag,1,41
Mathlib.RingTheory.TensorProduct.IsBaseChangeHom,1,2
Mathlib.LinearAlgebra.Transvection,0,44
Mathlib.LinearAlgebra.Transvection,1,10
Mathlib.LinearAlgebra.Center,0,9
Mathlib.LinearAlgebra.Center,1,5
Mathlib.LinearAlgebra.QuadraticForm.TensorProduct,1,4
Mathlib.LinearAlgebra.QuadraticForm.TensorProduct,2,31
Mathlib.LinearAlgebra.CliffordAlgebra.BaseChange,1,3
Mathlib.LinearAlgebra.CliffordAlgebra.BaseChange,2,22
Mathlib.LinearAlgebra.QuadraticForm.QuadraticModuleCat,0,2
Mathlib.LinearAlgebra.QuadraticForm.QuadraticModuleCat,1,2
Mathlib.LinearAlgebra.CliffordAlgebra.Contraction,0,19
Mathlib.LinearAlgebra.CliffordAlgebra.Contraction,1,5
Mathlib.LinearAlgebra.CliffordAlgebra.Contraction,2,5
Mathlib.LinearAlgebra.QuadraticForm.Prod,0,40
Mathlib.LinearAlgebra.QuadraticForm.Prod,2,2
Mathlib.LinearAlgebra.CliffordAlgebra.Equivs,0,1627
Mathlib.LinearAlgebra.CliffordAlgebra.Equivs,1,23
Mathlib.LinearAlgebra.CliffordAlgebra.Even,0,5
Mathlib.LinearAlgebra.CliffordAlgebra.Even,1,5
Mathlib.LinearAlgebra.CliffordAlgebra.EvenEquiv,0,4
Mathlib.LinearAlgebra.CliffordAlgebra.EvenEquiv,1,3
Mathlib.LinearAlgebra.CliffordAlgebra.Inversion,0,41
Mathlib.LinearAlgebra.CliffordAlgebra.Inversion,2,4
Mathlib.LinearAlgebra.TensorProduct.Graded.External,0,46
Mathlib.LinearAlgebra.TensorProduct.Graded.External,1,15
Mathlib.LinearAlgebra.TensorProduct.Graded.Internal,0,11
Mathlib.LinearAlgebra.TensorProduct.Graded.Internal,1,31
Mathlib.LinearAlgebra.TensorProduct.Graded.Internal,100,6
Mathlib.LinearAlgebra.CliffordAlgebra.Prod,0,4
Mathlib.LinearAlgebra.CliffordAlgebra.Prod,1,27
Mathlib.LinearAlgebra.CliffordAlgebra.Prod,2,5896
Mathlib.LinearAlgebra.CliffordAlgebra.SpinGroup,1,16
Mathlib.LinearAlgebra.CliffordAlgebra.SpinGroup,2,9
Mathlib.LinearAlgebra.ConvexSpace,0,41
Mathlib.LinearAlgebra.ConvexSpace,1,40
Mathlib.LinearAlgebra.Dimension.Torsion.Finite,0,3
Mathlib.LinearAlgebra.ExteriorAlgebra.Grading,0,14357
Mathlib.LinearAlgebra.ExteriorAlgebra.Grading,1,19
Mathlib.LinearAlgebra.TensorPower.Basic,0,660
Mathlib.LinearAlgebra.TensorPower.Basic,1,1
Mathlib.LinearAlgebra.TensorPower.Basic,1023,1
Mathlib.LinearAlgebra.TensorPower.Basic,1024,1
Mathlib.LinearAlgebra.TensorPower.Pairing,1,2
Mathlib.LinearAlgebra.ExteriorPower.Pairing,0,4944
Mathlib.LinearAlgebra.ExteriorPower.Pairing,1,2
Mathlib.LinearAlgebra.ExteriorPower.Basis,0,1157
Mathlib.LinearAlgebra.ExteriorPower.Basis,1,3
Mathlib.LinearAlgebra.FreeModule.Determinant,0,2
Mathlib.LinearAlgebra.FreeModule.Int,0,5
Mathlib.LinearAlgebra.FreeModule.ModN,0,8
Mathlib.LinearAlgebra.TensorAlgebra.ToTensorPower,0,61
Mathlib.LinearAlgebra.TensorAlgebra.ToTensorPower,1,171
Mathlib.LinearAlgebra.FreeProduct.Basic,0,45
Mathlib.LinearAlgebra.FreeProduct.Basic,1,44
Mathlib.LinearAlgebra.FreeProduct.Basic,2,109
Mathlib.LinearAlgebra.Matrix.Circulant,0,8
Mathlib.LinearAlgebra.Matrix.Circulant,1,4
Mathlib.LinearAlgebra.Matrix.Determinant.Misc,0,4
Mathlib.LinearAlgebra.Matrix.Determinant.Misc,1,66
Mathlib.LinearAlgebra.Matrix.Determinant.TotallyUnimodular,0,2
Mathlib.LinearAlgebra.Matrix.Determinant.TotallyUnimodular,1,8
Mathlib.LinearAlgebra.Matrix.FixedDetMatrices,0,134
Mathlib.LinearAlgebra.Matrix.FixedDetMatrices,1,84
Mathlib.LinearAlgebra.Matrix.FixedDetMatrices,2,1675
Mathlib.LinearAlgebra.Matrix.Gershgorin,0,2
Mathlib.LinearAlgebra.Matrix.Integer,0,6
Mathlib.LinearAlgebra.Matrix.Integer,1,10
Mathlib.LinearAlgebra.Matrix.Irreducible.Defs,0,47
Mathlib.LinearAlgebra.Matrix.Orthogonal,0,1
Mathlib.LinearAlgebra.Matrix.IsDiag,0,10
Mathlib.LinearAlgebra.Matrix.IsDiag,1,2
Mathlib.LinearAlgebra.Matrix.Permanent,0,3
Mathlib.LinearAlgebra.Matrix.Permanent,1,5
Mathlib.LinearAlgebra.Matrix.ProjectiveSpecialLinearGroup,0,2
Mathlib.LinearAlgebra.Matrix.ProjectiveSpecialLinearGroup,1024,1
Mathlib.LinearAlgebra.Matrix.Swap,1,1
Mathlib.LinearAlgebra.Multilinear.DirectSum,0,1
Mathlib.LinearAlgebra.Multilinear.Pi,0,2
Mathlib.RingTheory.PiTensorProduct,1,12
Mathlib.LinearAlgebra.PiTensorProduct.Finsupp,0,8
Mathlib.LinearAlgebra.Projectivization.Action,0,5
Mathlib.LinearAlgebra.Projectivization.Cardinality,0,19
Mathlib.LinearAlgebra.Projectivization.Cardinality,1,7
Mathlib.LinearAlgebra.Projectivization.Cardinality,2,1
Mathlib.LinearAlgebra.Projectivization.Independence,0,20
Mathlib.LinearAlgebra.Projectivization.Subspace,0,134
Mathlib.LinearAlgebra.Projectivization.Subspace,1,1
Mathlib.LinearAlgebra.QuadraticForm.Basis,0,3
Mathlib.LinearAlgebra.QuadraticForm.Complex,0,14
Mathlib.LinearAlgebra.QuadraticForm.Complex,1,10
Mathlib.LinearAlgebra.QuadraticForm.Complex,2,3
Mathlib.LinearAlgebra.QuadraticForm.Dual,0,2
Mathlib.LinearAlgebra.QuadraticForm.Dual,2,4
Mathlib.LinearAlgebra.QuadraticForm.TensorProduct.Isometries,2,33
Mathlib.LinearAlgebra.QuadraticForm.QuadraticModuleCat.Monoidal,2,21
Mathlib.LinearAlgebra.QuadraticForm.QuadraticModuleCat.Symmetric,2,6
Mathlib.LinearAlgebra.QuadraticForm.Real,0,7
Mathlib.LinearAlgebra.QuadraticForm.Real,1,8
Mathlib.Order.Interval.Set.OrdConnectedLinear,1,2
Mathlib.LinearAlgebra.RootSystem.Chain,0,187
Mathlib.LinearAlgebra.RootSystem.Chain,1,5
Mathlib.LinearAlgebra.RootSystem.Chain,3,1
Mathlib.LinearAlgebra.RootSystem.Base,0,22
Mathlib.LinearAlgebra.RootSystem.Base,1,7
Mathlib.LinearAlgebra.RootSystem.Base,2,1
Mathlib.LinearAlgebra.RootSystem.BaseExists,0,9
Mathlib.LinearAlgebra.RootSystem.BaseExists,1,2
Mathlib.LinearAlgebra.RootSystem.CartanMatrix,0,10
Mathlib.LinearAlgebra.RootSystem.CartanMatrix,1,1
Mathlib.LinearAlgebra.RootSystem.CartanMatrix,2,5
Mathlib.LinearAlgebra.RootSystem.CartanMatrix,3,1
Mathlib.LinearAlgebra.RootSystem.CartanMatrix,4,2
Mathlib.LinearAlgebra.RootSystem.Finite.G2,0,60
Mathlib.LinearAlgebra.RootSystem.Finite.G2,1,48
Mathlib.LinearAlgebra.RootSystem.Finite.G2,2,46
Mathlib.LinearAlgebra.RootSystem.Finite.G2,3,45
Mathlib.LinearAlgebra.RootSystem.Finite.G2,12,1
Mathlib.LinearAlgebra.RootSystem.GeckConstruction.Basic,0,36
Mathlib.LinearAlgebra.RootSystem.GeckConstruction.Basic,1,17
Mathlib.LinearAlgebra.RootSystem.GeckConstruction.Lemmas,1,4
Mathlib.LinearAlgebra.RootSystem.GeckConstruction.Relations,0,1
Mathlib.LinearAlgebra.RootSystem.GeckConstruction.Semisimple,0,5
Mathlib.LinearAlgebra.RootSystem.GeckConstruction.Semisimple,4,2
Mathlib.LinearAlgebra.RootSystem.OfBilinear,2,16
Mathlib.LinearAlgebra.RootSystem.RootPairingCat,0,1
Mathlib.LinearAlgebra.RootSystem.RootPairingCat,1,1
Mathlib.LinearAlgebra.SpecialLinearGroup,1,221
Mathlib.LinearAlgebra.SpecialLinearGroup,1024,2
Mathlib.LinearAlgebra.SymmetricAlgebra.Basic,0,4
Mathlib.LinearAlgebra.SymmetricAlgebra.Basic,1,2
Mathlib.LinearAlgebra.TensorAlgebra.Grading,1,19
Mathlib.LinearAlgebra.TensorPower.Symmetric,0,4
Mathlib.LinearAlgebra.TensorPower.Symmetric,100,1
Mathlib.LinearAlgebra.TensorPower.Symmetric,1023,4
Mathlib.LinearAlgebra.TensorPower.Symmetric,1024,2
Mathlib.LinearAlgebra.TensorProduct.Matrix,1,2
Mathlib.Logic.Godel.GodelBetaFunction,0,1
Mathlib.Logic.Godel.GodelBetaFunction,1,6
Mathlib.Logic.Hydra,0,2
Mathlib.MeasureTheory.Category.MeasCat,0,1
Mathlib.MeasureTheory.Category.MeasCat,1,1
Mathlib.MeasureTheory.Constructions.HaarToSphere,0,393
Mathlib.MeasureTheory.Constructions.HaarToSphere,1,188
Mathlib.MeasureTheory.Constructions.HaarToSphere,2,2
Mathlib.MeasureTheory.Constructions.HaarToSphere,4,2
Mathlib.MeasureTheory.Constructions.Projective,0,1
Mathlib.MeasureTheory.Measure.AddContent,0,31
Mathlib.MeasureTheory.Measure.AddContent,1,2
Mathlib.MeasureTheory.Constructions.ProjectiveFamilyContent,0,3
Mathlib.MeasureTheory.Constructions.ProjectiveFamilyContent,1,1
Mathlib.MeasureTheory.Covering.LiminfLimsup,0,16
Mathlib.MeasureTheory.Covering.LiminfLimsup,1,1
Mathlib.MeasureTheory.Function.AbsolutelyContinuous,0,9
Mathlib.MeasureTheory.Function.AbsolutelyContinuous,1,2
Mathlib.MeasureTheory.Function.ConditionalExpectation.AEMeasurable,0,1
Mathlib.MeasureTheory.Function.ConditionalExpectation.AEMeasurable,1,17
Mathlib.MeasureTheory.Function.ConditionalExpectation.Unique,0,7
Mathlib.MeasureTheory.Function.ConditionalExpectation.CondexpL2,0,9
Mathlib.MeasureTheory.Function.ConditionalExpectation.CondexpL2,1,10
Mathlib.MeasureTheory.Function.ConditionalExpectation.CondexpL2,2,6243
Mathlib.MeasureTheory.Function.ConditionalExpectation.CondexpL1,0,25
Mathlib.MeasureTheory.Function.ConditionalExpectation.CondexpL1,1,2764
Mathlib.MeasureTheory.Function.ConditionalExpectation.CondexpL1,2,3
Mathlib.MeasureTheory.Function.ConditionalExpectation.Basic,0,17
Mathlib.MeasureTheory.Function.ConditionalExpectation.Basic,1,102
Mathlib.MeasureTheory.Function.ConditionalExpectation.Basic,2,363
Mathlib.MeasureTheory.Function.ConditionalExpectation.Basic,3,2
Mathlib.MeasureTheory.Function.ConditionalExpectation.Basic,1024,1
Mathlib.MeasureTheory.Function.ConditionalExpectation.Indicator,0,3
Mathlib.MeasureTheory.Function.UniformIntegrable,0,46
Mathlib.MeasureTheory.Function.UniformIntegrable,1,30
Mathlib.MeasureTheory.Function.UniformIntegrable,2,1
Mathlib.MeasureTheory.VectorMeasure.Basic,0,169
Mathlib.MeasureTheory.VectorMeasure.Basic,1,1
Mathlib.MeasureTheory.VectorMeasure.Basic,50,5
Mathlib.MeasureTheory.VectorMeasure.Basic,51,1
Mathlib.MeasureTheory.VectorMeasure.Basic,60,2
Mathlib.MeasureTheory.VectorMeasure.Basic,61,1
Mathlib.MeasureTheory.VectorMeasure.Decomposition.Hahn,0,15
Mathlib.MeasureTheory.VectorMeasure.Decomposition.Jordan,0,70
Mathlib.MeasureTheory.VectorMeasure.Decomposition.Jordan,1,1
Mathlib.MeasureTheory.VectorMeasure.WithDensity,0,6
Mathlib.MeasureTheory.VectorMeasure.Decomposition.Lebesgue,0,2
Mathlib.MeasureTheory.Function.ConditionalExpectation.Real,1,3
Mathlib.Probability.Notation,0,11
Mathlib.Probability.Notation,50,4
Mathlib.Probability.Notation,100,1
Mathlib.Probability.Notation,1022,2
Mathlib.Probability.Notation,1024,4
Mathlib.MeasureTheory.Function.ConditionalLExpectation,0,9
Mathlib.MeasureTheory.Function.ConditionalLExpectation,1,3
Mathlib.MeasureTheory.Function.ConditionalLExpectation,2,1
Mathlib.MeasureTheory.Function.ConditionalLExpectation,3,2
Mathlib.MeasureTheory.Function.ConditionalLExpectation,1024,1
Mathlib.MeasureTheory.Measure.HasOuterApproxClosed,0,5
Mathlib.MeasureTheory.Measure.HasOuterApproxClosed,1,33
Mathlib.MeasureTheory.Measure.FiniteMeasure,0,33
Mathlib.MeasureTheory.Measure.FiniteMeasure,1,1
Mathlib.MeasureTheory.Measure.ProbabilityMeasure,0,21
Mathlib.MeasureTheory.Measure.ProbabilityMeasure,1,5
Mathlib.MeasureTheory.Measure.Portmanteau,0,12
Mathlib.MeasureTheory.Function.ConvergenceInDistribution,0,1
Mathlib.Probability.Process.Filtration,0,3
Mathlib.Probability.Process.Filtration,1,4
Mathlib.Probability.Process.Filtration,1024,2
Mathlib.MeasureTheory.Function.Intersectivity,0,4
Mathlib.MeasureTheory.Function.LpSeminorm.LpNorm,0,27
Mathlib.MeasureTheory.Function.LpSeminorm.LpNorm,1,12
Mathlib.MeasureTheory.Function.LpSpace.ContinuousCompMeasurePreserving,1,6
Mathlib.MeasureTheory.Function.LpSpace.DomAct.Basic,0,4
Mathlib.MeasureTheory.Function.LpSpace.DomAct.Basic,1,2
Mathlib.MeasureTheory.Function.LpSpace.DomAct.Continuous,1,2
Mathlib.MeasureTheory.Function.UnifTight,0,9
Mathlib.MeasureTheory.Function.UnifTight,1,3
Mathlib.MeasureTheory.Group.FoelnerFilter,0,46
Mathlib.MeasureTheory.Group.FoelnerFilter,1,6
Mathlib.MeasureTheory.Group.GeometryOfNumbers,0,2
Mathlib.MeasureTheory.Group.GeometryOfNumbers,2,2
Mathlib.MeasureTheory.Group.ModularCharacter,0,3
Mathlib.MeasureTheory.Group.ModularCharacter,1,3
Mathlib.MeasureTheory.Integral.CircleTransform,0,11
Mathlib.MeasureTheory.Integral.CircleTransform,1,2
Mathlib.MeasureTheory.Integral.CircleTransform,2,15
Mathlib.Topology.ContinuousMap.CompactlySupported,0,37
Mathlib.Topology.ContinuousMap.CompactlySupported,1,1
Mathlib.Topology.ContinuousMap.CompactlySupported,1022,1
Mathlib.Topology.ContinuousMap.CompactlySupported,1024,1
Mathlib.MeasureTheory.Integral.CompactlySupported,0,3
Mathlib.MeasureTheory.Integral.CurveIntegral.Basic,0,24
Mathlib.MeasureTheory.Integral.CurveIntegral.Basic,1,20
Mathlib.MeasureTheory.Integral.CurveIntegral.Basic,2,14
Mathlib.MeasureTheory.Integral.CurveIntegral.Basic,67,1
Mathlib.MeasureTheory.Integral.CurveIntegral.Basic,1022,1
Mathlib.MeasureTheory.Integral.CurveIntegral.Poincare,0,26
Mathlib.MeasureTheory.Integral.CurveIntegral.Poincare,1,26
Mathlib.MeasureTheory.Integral.CurveIntegral.Poincare,2,3
Mathlib.MeasureTheory.Integral.Gamma,0,12
Mathlib.MeasureTheory.Integral.Gamma,1,18
Mathlib.MeasureTheory.Integral.Gamma,2,10
Mathlib.MeasureTheory.Integral.IntervalIntegral.Slope,0,3
Mathlib.MeasureTheory.Integral.IntervalIntegral.DerivIntegrable,0,1
Mathlib.MeasureTheory.Integral.IntervalIntegral.AbsolutelyContinuousFun,0,2
Mathlib.MeasureTheory.Integral.IntervalIntegral.DistLEIntegral,0,10
Mathlib.MeasureTheory.Integral.IntervalIntegral.DistLEIntegral,1,6
Mathlib.MeasureTheory.Integral.MeanValue,0,2
Mathlib.MeasureTheory.Integral.IntervalIntegral.MeanValue,0,2
Mathlib.MeasureTheory.Integral.IntervalIntegral.TrapezoidalRule,0,9
Mathlib.MeasureTheory.Integral.IntervalIntegral.TrapezoidalRule,1,13
Mathlib.MeasureTheory.Integral.IntervalIntegral.TrapezoidalRule,2,9
Mathlib.MeasureTheory.Integral.IntervalIntegral.TrapezoidalRule,3,2
Mathlib.MeasureTheory.Integral.IntervalIntegral.TrapezoidalRule,12,2
Mathlib.MeasureTheory.Integral.Regular,0,6
Mathlib.MeasureTheory.Integral.Regular,1,4
Mathlib.MeasureTheory.Integral.RieszMarkovKakutani.Basic,0,1
Mathlib.MeasureTheory.Integral.RieszMarkovKakutani.Basic,1,10
Mathlib.Order.Interval.Set.Union,0,2
Mathlib.Order.Interval.Set.Union,1,2
Mathlib.MeasureTheory.Integral.RieszMarkovKakutani.Real,0,6
Mathlib.MeasureTheory.Integral.RieszMarkovKakutani.Real,1,3
Mathlib.MeasureTheory.Integral.TorusIntegral,0,24
Mathlib.MeasureTheory.Integral.TorusIntegral,1,25
Mathlib.MeasureTheory.Integral.TorusIntegral,2,6
Mathlib.MeasureTheory.Integral.TorusIntegral,1022,1
Mathlib.SetTheory.Ordinal.Principal,0,12
Mathlib.SetTheory.Ordinal.Principal,1,9
Mathlib.SetTheory.Ordinal.Principal,2,6
Mathlib.SetTheory.Cardinal.Ordinal,0,2
Mathlib.SetTheory.Cardinal.Ordinal,1,2
Mathlib.MeasureTheory.MeasurableSpace.Card,1,11
Mathlib.MeasureTheory.MeasurableSpace.Card,2,3
Mathlib.MeasureTheory.Measure.CharacteristicFunction,0,7
Mathlib.MeasureTheory.Measure.CharacteristicFunction,1,12
Mathlib.MeasureTheory.Measure.CharacteristicFunction,2,40
Mathlib.Topology.Separation.CompletelyRegular,0,12
Mathlib.Topology.Separation.CompletelyRegular,1,12
Mathlib.MeasureTheory.Measure.DiracProba,0,1
Mathlib.MeasureTheory.Measure.DiracProba,1,4
Mathlib.MeasureTheory.Measure.LevyProkhorovMetric,0,22
Mathlib.MeasureTheory.Measure.LevyProkhorovMetric,1,1
Mathlib.MeasureTheory.Measure.FiniteMeasureProd,0,4
Mathlib.MeasureTheory.Measure.Haar.DistribChar,0,4
Mathlib.MeasureTheory.Measure.Haar.MulEquivHaarChar,0,2
Mathlib.MeasureTheory.Measure.Haar.MulEquivHaarChar,1,2
Mathlib.Topology.MetricSpace.MetricSeparated,0,3
Mathlib.MeasureTheory.Measure.Hausdorff,0,84
Mathlib.MeasureTheory.Measure.Hausdorff,1,42
Mathlib.MeasureTheory.Measure.Hausdorff,2,26
Mathlib.MeasureTheory.Measure.Hausdorff,1024,1
Mathlib.MeasureTheory.Measure.IntegralCharFun,0,4
Mathlib.MeasureTheory.Measure.IntegralCharFun,1,3
Mathlib.MeasureTheory.Measure.IntegralCharFun,2,10
Mathlib.MeasureTheory.Measure.Lebesgue.VolumeOfBalls,0,11
Mathlib.MeasureTheory.Measure.Lebesgue.VolumeOfBalls,1,39
Mathlib.MeasureTheory.Measure.Lebesgue.VolumeOfBalls,2,597
Mathlib.MeasureTheory.Measure.Lebesgue.VolumeOfBalls,3,498
Mathlib.MeasureTheory.Measure.Lebesgue.VolumeOfBalls,4,2
Mathlib.MeasureTheory.Measure.MeasuredSets,0,6
Mathlib.MeasureTheory.Measure.MeasuredSets,1,1
Mathlib.MeasureTheory.Measure.PreVariation,0,9
Mathlib.MeasureTheory.Measure.Tight,0,5
Mathlib.MeasureTheory.Measure.Tight,1,2
Mathlib.MeasureTheory.Measure.Prokhorov,0,4
Mathlib.MeasureTheory.Measure.SeparableMeasure,0,9
Mathlib.MeasureTheory.Measure.SeparableMeasure,1,2
Mathlib.MeasureTheory.Measure.Support,0,18
Mathlib.Order.CompletePartialOrder,0,1
Mathlib.MeasureTheory.Measure.TightNormed,0,9
Mathlib.MeasureTheory.Measure.WithDensityFinite,0,6
Mathlib.MeasureTheory.Order.UpperLower,0,4
Mathlib.MeasureTheory.SpecificCodomains.WithLp,1,17
Mathlib.MeasureTheory.VectorMeasure.AddContent,0,4
Mathlib.MeasureTheory.VectorMeasure.Decomposition.JordanSub,0,1
Mathlib.ModelTheory.Arithmetic.Presburger.Basic,0,188
Mathlib.ModelTheory.Arithmetic.Presburger.Basic,1,24
Mathlib.ModelTheory.Arithmetic.Presburger.Basic,2,89
Mathlib.ModelTheory.Equivalence,0,16
Mathlib.ModelTheory.Equivalence,1,11
Mathlib.ModelTheory.Equivalence,50,2
Mathlib.ModelTheory.Equivalence,51,4
Mathlib.ModelTheory.Complexity,0,16
Mathlib.ModelTheory.Complexity,1,415
Mathlib.ModelTheory.Complexity,2,6
Mathlib.ModelTheory.Complexity,8,10
Mathlib.ModelTheory.Complexity,16,10
Mathlib.ModelTheory.Complexity,24,10
Mathlib.ModelTheory.DirectLimit,1,25
Mathlib.ModelTheory.PartialEquiv,0,6
Mathlib.ModelTheory.PartialEquiv,1,1
Mathlib.ModelTheory.PartialEquiv,25,1
Mathlib.ModelTheory.Graph,0,6
Mathlib.ModelTheory.Graph,1,6
Mathlib.ModelTheory.Graph,2,59
Mathlib.ModelTheory.Order,0,168
Mathlib.ModelTheory.Order,1,328
Mathlib.ModelTheory.Order,2,125
Mathlib.ModelTheory.Types,0,11
Mathlib.ModelTheory.Types,1,1
Mathlib.NumberTheory.ADEInequality,1,11
Mathlib.NumberTheory.ADEInequality,2,8
Mathlib.NumberTheory.ADEInequality,3,9
Mathlib.NumberTheory.ADEInequality,4,5
Mathlib.NumberTheory.ADEInequality,5,4
Mathlib.NumberTheory.ADEInequality,6,1
Mathlib.NumberTheory.AbelSummation,0,55
Mathlib.NumberTheory.AbelSummation,1,16
Mathlib.NumberTheory.AbelSummation,2,3
Mathlib.NumberTheory.ArithmeticFunction.VonMangoldt,0,8
Mathlib.NumberTheory.ArithmeticFunction.VonMangoldt,1,1
Mathlib.NumberTheory.ArithmeticFunction.VonMangoldt,1024,2
Mathlib.RingTheory.ZMod.UnitsCyclic,0,21
Mathlib.RingTheory.ZMod.UnitsCyclic,1,93
Mathlib.RingTheory.ZMod.UnitsCyclic,2,144
Mathlib.RingTheory.ZMod.UnitsCyclic,4,38
Mathlib.RingTheory.ZMod.UnitsCyclic,5,1
Mathlib.RingTheory.ZMod.UnitsCyclic,8,18
Mathlib.NumberTheory.ArithmeticFunction.Carmichael,0,7
Mathlib.NumberTheory.ArithmeticFunction.Carmichael,1,249
Mathlib.NumberTheory.ArithmeticFunction.Carmichael,2,14
Mathlib.NumberTheory.ArithmeticFunction.Carmichael,3,1
Mathlib.NumberTheory.ArithmeticFunction.Carmichael,1024,1
Mathlib.NumberTheory.Basic,1,1
Mathlib.RingTheory.MvPowerSeries.LexOrder,0,12
Mathlib.RingTheory.MvPowerSeries.Inverse,0,31
Mathlib.RingTheory.MvPowerSeries.Inverse,1,6
Mathlib.RingTheory.PowerSeries.Inverse,0,43
Mathlib.RingTheory.PowerSeries.Inverse,1,14
Mathlib.RingTheory.MvPowerSeries.Evaluation,0,11
Mathlib.RingTheory.MvPowerSeries.LinearTopology,0,3
Mathlib.RingTheory.MvPowerSeries.Substitution,0,22
Mathlib.RingTheory.MvPowerSeries.Substitution,1,3
Mathlib.RingTheory.PowerSeries.Evaluation,0,1
Mathlib.RingTheory.PowerSeries.Substitution,0,17
Mathlib.RingTheory.PowerSeries.Derivative,0,3
Mathlib.RingTheory.PowerSeries.Derivative,1,14
Mathlib.RingTheory.PowerSeries.Derivative,2,3
Mathlib.RingTheory.PowerSeries.Derivative,1024,1
Mathlib.RingTheory.PowerSeries.Exp,0,1
Mathlib.RingTheory.PowerSeries.Exp,1,6
Mathlib.NumberTheory.Bernoulli,0,10
Mathlib.NumberTheory.Bernoulli,1,47
Mathlib.NumberTheory.Bernoulli,2,4
Mathlib.NumberTheory.Bernoulli,3,1
Mathlib.NumberTheory.Bernoulli,4,1
Mathlib.NumberTheory.Bernoulli,6,2
Mathlib.NumberTheory.Bernoulli,30,1
Mathlib.NumberTheory.BernoulliPolynomials,0,3
Mathlib.NumberTheory.BernoulliPolynomials,1,32
Mathlib.NumberTheory.BernoulliPolynomials,2,1
Mathlib.NumberTheory.BernoulliPolynomials,3,2
Mathlib.NumberTheory.BernoulliPolynomials,4,1
Mathlib.NumberTheory.BernoulliPolynomials,64,1
Mathlib.NumberTheory.Primorial,0,1
Mathlib.NumberTheory.Primorial,1,6
Mathlib.NumberTheory.Primorial,4,1
Mathlib.NumberTheory.Bertrand,0,2
Mathlib.NumberTheory.Bertrand,1,1
Mathlib.NumberTheory.Bertrand,2,20
Mathlib.NumberTheory.Bertrand,3,4
Mathlib.NumberTheory.Bertrand,4,5
Mathlib.NumberTheory.Bertrand,512,3
Mathlib.NumberTheory.SmoothNumbers,0,43
Mathlib.NumberTheory.SmoothNumbers,1,29
Mathlib.NumberTheory.SmoothNumbers,2,3
Mathlib.NumberTheory.PrimeCounting,0,6
Mathlib.NumberTheory.PrimeCounting,1,6
Mathlib.NumberTheory.PrimeCounting,2,2
Mathlib.NumberTheory.PrimeCounting,1024,2
Mathlib.NumberTheory.Chebyshev,0,19
Mathlib.NumberTheory.Chebyshev,1,11
Mathlib.NumberTheory.Chebyshev,2,25
Mathlib.NumberTheory.Chebyshev,4,5
Mathlib.NumberTheory.Chebyshev,1024,2
Mathlib.NumberTheory.ClassNumber.AdmissibleAbsoluteValue,0,47
Mathlib.NumberTheory.ClassNumber.AdmissibleAbsoluteValue,1,1
Mathlib.NumberTheory.ClassNumber.AdmissibleAbs,0,4
Mathlib.NumberTheory.ClassNumber.AdmissibleAbs,1,4
Mathlib.NumberTheory.ClassNumber.AdmissibleCardPowDegree,0,8
Mathlib.NumberTheory.ClassNumber.Finite,0,9
Mathlib.NumberTheory.ClassNumber.Finite,1,1
Mathlib.NumberTheory.FunctionField,0,12
Mathlib.NumberTheory.FunctionField,1,6
Mathlib.NumberTheory.ClassNumber.FunctionField,1,1
Mathlib.NumberTheory.Padics.PadicNorm,0,17
Mathlib.NumberTheory.Padics.PadicNorm,1,14
Mathlib.NumberTheory.Padics.PadicNumbers,0,102
Mathlib.NumberTheory.Padics.PadicNumbers,1,29
Mathlib.NumberTheory.Padics.PadicNumbers,1024,1
Mathlib.NumberTheory.Padics.PadicIntegers,0,31
Mathlib.NumberTheory.Padics.PadicIntegers,1,110
Mathlib.NumberTheory.Padics.PadicIntegers,1024,1
Mathlib.NumberTheory.Padics.RingHoms,0,34
Mathlib.NumberTheory.Padics.RingHoms,1,19
Mathlib.NumberTheory.Cyclotomic.CyclotomicCharacter,1,5
Mathlib.NumberTheory.NumberField.Discriminant.Defs,0,1
Mathlib.NumberTheory.NumberField.Discriminant.Defs,1,2
Mathlib.NumberTheory.Cyclotomic.Discriminant,1,56
Mathlib.NumberTheory.Cyclotomic.Discriminant,2,8
Mathlib.NumberTheory.Cyclotomic.Gal,1,170
Mathlib.NumberTheory.Zsqrtd.Basic,0,66
Mathlib.NumberTheory.Zsqrtd.Basic,1,69
Mathlib.NumberTheory.Zsqrtd.Basic,100,2
Mathlib.NumberTheory.PellMatiyasevic,0,31
Mathlib.NumberTheory.PellMatiyasevic,1,144
Mathlib.NumberTheory.PellMatiyasevic,2,37
Mathlib.NumberTheory.PellMatiyasevic,3,1
Mathlib.NumberTheory.PellMatiyasevic,4,8
Mathlib.NumberTheory.Dioph,0,45
Mathlib.NumberTheory.Dioph,1,37
Mathlib.NumberTheory.Dioph,2,20
Mathlib.NumberTheory.Dioph,3,9
Mathlib.NumberTheory.Dioph,4,10
Mathlib.NumberTheory.Dioph,30,1
Mathlib.NumberTheory.Dioph,35,2
Mathlib.NumberTheory.Dioph,50,10
Mathlib.NumberTheory.Dioph,51,5
Mathlib.NumberTheory.Dioph,80,8
Mathlib.NumberTheory.Dioph,81,4
Mathlib.NumberTheory.Dioph,90,2
Mathlib.NumberTheory.Dioph,91,1
Mathlib.NumberTheory.Dioph,100,4
Mathlib.NumberTheory.Dioph,1023,2
Mathlib.NumberTheory.Dioph,1024,1
Mathlib.NumberTheory.DiophantineApproximation.Basic,0,12
Mathlib.NumberTheory.DiophantineApproximation.Basic,1,18
Mathlib.NumberTheory.DiophantineApproximation.Basic,2,9
Mathlib.NumberTheory.DiophantineApproximation.ContinuedFractions,1,1
Mathlib.NumberTheory.DiophantineApproximation.ContinuedFractions,2,2
Mathlib.NumberTheory.DirichletCharacter.Bounds,1,2
Mathlib.NumberTheory.MulChar.Duality,1,4
Mathlib.NumberTheory.DirichletCharacter.Orthogonality,0,3
Mathlib.NumberTheory.DirichletCharacter.Orthogonality,1,5
Mathlib.NumberTheory.EulerProduct.Basic,0,14
Mathlib.NumberTheory.EulerProduct.Basic,1,28
Mathlib.NumberTheory.EulerProduct.ExpLog,1,2
Mathlib.NumberTheory.LSeries.Basic,0,38
Mathlib.NumberTheory.LSeries.Basic,1,23
Mathlib.NumberTheory.LSeries.Basic,1024,4
Mathlib.NumberTheory.LSeries.Convergence,0,3
Mathlib.NumberTheory.LSeries.Convergence,1,5
Mathlib.NumberTheory.LSeries.Convolution,0,11
Mathlib.NumberTheory.LSeries.Convolution,70,2
Mathlib.NumberTheory.LSeries.Convolution,71,1
Mathlib.NumberTheory.LSeries.Deriv,1,1
Mathlib.NumberTheory.LSeries.Positivity,0,16
Mathlib.NumberTheory.LSeries.Positivity,1,6
Mathlib.NumberTheory.LSeries.AbstractFuncEq,0,170
Mathlib.NumberTheory.LSeries.AbstractFuncEq,1,40
Mathlib.NumberTheory.ModularForms.JacobiTheta.TwoVariable,0,21
Mathlib.NumberTheory.ModularForms.JacobiTheta.TwoVariable,1,9
Mathlib.NumberTheory.ModularForms.JacobiTheta.TwoVariable,2,35
Mathlib.NumberTheory.ModularForms.JacobiTheta.TwoVariable,3,1
Mathlib.NumberTheory.ModularForms.JacobiTheta.Bounds,0,29
Mathlib.NumberTheory.ModularForms.JacobiTheta.Bounds,1,20
Mathlib.NumberTheory.ModularForms.JacobiTheta.Bounds,2,10
Mathlib.NumberTheory.LSeries.MellinEqDirichlet,0,21
Mathlib.NumberTheory.LSeries.MellinEqDirichlet,1,2
Mathlib.NumberTheory.LSeries.MellinEqDirichlet,2,4
Mathlib.NumberTheory.LSeries.HurwitzZetaEven,0,97
Mathlib.NumberTheory.LSeries.HurwitzZetaEven,1,138
Mathlib.NumberTheory.LSeries.HurwitzZetaEven,2,59
Mathlib.NumberTheory.LSeries.HurwitzZetaOdd,0,30
Mathlib.NumberTheory.LSeries.HurwitzZetaOdd,1,64
Mathlib.NumberTheory.LSeries.HurwitzZetaOdd,2,48
Mathlib.NumberTheory.LSeries.HurwitzZetaOdd,3,5
Mathlib.NumberTheory.LSeries.HurwitzZeta,0,4
Mathlib.NumberTheory.LSeries.HurwitzZeta,1,31
Mathlib.NumberTheory.LSeries.HurwitzZeta,2,12
Mathlib.NumberTheory.LSeries.RiemannZeta,0,19
Mathlib.NumberTheory.LSeries.RiemannZeta,1,41
Mathlib.NumberTheory.LSeries.RiemannZeta,2,11
Mathlib.NumberTheory.SumPrimeReciprocals,1,7
Mathlib.NumberTheory.SumPrimeReciprocals,2,1
Mathlib.NumberTheory.SumPrimeReciprocals,4,1
Mathlib.NumberTheory.LSeries.Dirichlet,0,25
Mathlib.NumberTheory.LSeries.Dirichlet,1,75
Mathlib.NumberTheory.EulerProduct.DirichletLSeries,0,6
Mathlib.NumberTheory.EulerProduct.DirichletLSeries,1,25
Mathlib.NumberTheory.FLT.Basic,0,12
Mathlib.NumberTheory.FLT.Basic,1,3
Mathlib.NumberTheory.FLT.Basic,2,1
Mathlib.NumberTheory.FLT.Basic,3,1
Mathlib.NumberTheory.PythagoreanTriples,0,27
Mathlib.NumberTheory.PythagoreanTriples,1,128
Mathlib.NumberTheory.PythagoreanTriples,2,173
Mathlib.NumberTheory.PythagoreanTriples,4,14
Mathlib.NumberTheory.FLT.Four,0,8
Mathlib.NumberTheory.FLT.Four,1,3
Mathlib.NumberTheory.FLT.Four,2,10
Mathlib.NumberTheory.FLT.Four,4,5
Mathlib.RingTheory.Polynomial.Wronskian,0,12
Mathlib.RingTheory.Radical,0,20
Mathlib.RingTheory.Radical,1,12
Mathlib.RingTheory.Radical,2,2
Mathlib.RingTheory.UniqueFactorizationDomain.Multiplicative,0,3
Mathlib.RingTheory.Polynomial.Radical,0,1
Mathlib.NumberTheory.FLT.MasonStothers,0,7
Mathlib.NumberTheory.FLT.MasonStothers,1,3
Mathlib.NumberTheory.FLT.Polynomial,0,27
Mathlib.NumberTheory.FLT.Polynomial,3,2
Mathlib.RingTheory.Ideal.Basis,0,6
Mathlib.RingTheory.Ideal.Norm.AbsNorm,0,9
Mathlib.RingTheory.Ideal.Norm.AbsNorm,1,16
Mathlib.RingTheory.FractionalIdeal.Norm,0,5
Mathlib.RingTheory.FractionalIdeal.Norm,1,2
Mathlib.NumberTheory.NumberField.InfinitePlace.Embeddings,0,5
Mathlib.NumberTheory.NumberField.InfinitePlace.Embeddings,1,9
Mathlib.NumberTheory.NumberField.InfinitePlace.Embeddings,2,2
Mathlib.NumberTheory.NumberField.InfinitePlace.Basic,0,11
Mathlib.NumberTheory.NumberField.InfinitePlace.Basic,1,15
Mathlib.NumberTheory.NumberField.InfinitePlace.Basic,2,6
Mathlib.NumberTheory.NumberField.Units.Basic,0,5
Mathlib.NumberTheory.NumberField.Units.Basic,1,12
Mathlib.NumberTheory.NumberField.Units.Basic,2,1
Mathlib.NumberTheory.NumberField.CanonicalEmbedding.Basic,0,48
Mathlib.NumberTheory.NumberField.CanonicalEmbedding.Basic,1,18
Mathlib.NumberTheory.NumberField.CanonicalEmbedding.Basic,2,827
Mathlib.NumberTheory.NumberField.CanonicalEmbedding.ConvexBody,0,20
Mathlib.NumberTheory.NumberField.CanonicalEmbedding.ConvexBody,1,15
Mathlib.NumberTheory.NumberField.CanonicalEmbedding.ConvexBody,2,16
Mathlib.NumberTheory.NumberField.EquivReindex,0,1
Mathlib.NumberTheory.NumberField.InfinitePlace.Ramification,1,7
Mathlib.NumberTheory.NumberField.InfinitePlace.Ramification,2,6
Mathlib.NumberTheory.NumberField.InfinitePlace.TotallyRealComplex,0,4
Mathlib.NumberTheory.NumberField.InfinitePlace.TotallyRealComplex,1,1
Mathlib.NumberTheory.NumberField.InfinitePlace.TotallyRealComplex,2,2
Mathlib.NumberTheory.NumberField.Discriminant.Basic,0,2
Mathlib.NumberTheory.NumberField.Discriminant.Basic,1,7
Mathlib.NumberTheory.NumberField.Discriminant.Basic,2,15
Mathlib.NumberTheory.NumberField.Discriminant.Basic,3,2
Mathlib.NumberTheory.NumberField.Discriminant.Basic,4,9
Mathlib.NumberTheory.NumberField.Discriminant.Basic,9,2
Mathlib.NumberTheory.RamificationInertia.Basic,0,17
Mathlib.NumberTheory.RamificationInertia.Basic,1,241
Mathlib.NumberTheory.RamificationInertia.Basic,2,1
Mathlib.NumberTheory.RamificationInertia.Galois,0,6
Mathlib.NumberTheory.NumberField.ClassNumber,0,2
Mathlib.NumberTheory.NumberField.ClassNumber,1,4
Mathlib.NumberTheory.NumberField.ClassNumber,2,2
Mathlib.NumberTheory.NumberField.ClassNumber,4,8
Mathlib.NumberTheory.NumberField.Cyclotomic.Embeddings,0,1
Mathlib.NumberTheory.NumberField.Cyclotomic.Embeddings,2,3
Mathlib.NumberTheory.RamificationInertia.Unramified,1,2
Mathlib.RingTheory.FractionalIdeal.Extended,0,12
Mathlib.RingTheory.FractionalIdeal.Extended,1,14
Mathlib.RingTheory.DedekindDomain.Different,0,28
Mathlib.RingTheory.DedekindDomain.Different,1,37
Mathlib.RingTheory.DedekindDomain.LinearDisjoint,1,4
Mathlib.RingTheory.DedekindDomain.Factorization,0,99
Mathlib.RingTheory.DedekindDomain.Factorization,1,4
Mathlib.RingTheory.DedekindDomain.PID,1,1
Mathlib.RingTheory.DedekindDomain.PID,2,1
Mathlib.RingTheory.Ideal.Int,0,1
Mathlib.RingTheory.Polynomial.Eisenstein.IsIntegral,0,2
Mathlib.RingTheory.Polynomial.Eisenstein.IsIntegral,1,4
Mathlib.NumberTheory.NumberField.Cyclotomic.Basic,1,171
Mathlib.NumberTheory.NumberField.Cyclotomic.Basic,2,56
Mathlib.NumberTheory.NumberField.Cyclotomic.PID,3,1
Mathlib.NumberTheory.NumberField.Cyclotomic.PID,5,1
Mathlib.NumberTheory.NumberField.Units.DirichletTheorem,0,41
Mathlib.NumberTheory.NumberField.Units.DirichletTheorem,1,17
Mathlib.RingTheory.Fintype,0,2
Mathlib.RingTheory.Fintype,1,4
Mathlib.RingTheory.Fintype,2,1
Mathlib.RingTheory.Fintype,3,1
Mathlib.NumberTheory.NumberField.Cyclotomic.Three,0,1
Mathlib.NumberTheory.NumberField.Cyclotomic.Three,1,31
Mathlib.NumberTheory.NumberField.Cyclotomic.Three,2,56
Mathlib.NumberTheory.NumberField.Cyclotomic.Three,3,87
Mathlib.NumberTheory.NumberField.Cyclotomic.Three,4,4
Mathlib.NumberTheory.FLT.Three,0,26
Mathlib.NumberTheory.FLT.Three,1,127
Mathlib.NumberTheory.FLT.Three,2,187
Mathlib.NumberTheory.FLT.Three,3,447
Mathlib.NumberTheory.FLT.Three,4,5
Mathlib.NumberTheory.FactorisationProperties,0,14
Mathlib.NumberTheory.FactorisationProperties,1,1
Mathlib.NumberTheory.FactorisationProperties,2,3
Mathlib.NumberTheory.FactorisationProperties,3,1
Mathlib.NumberTheory.FactorisationProperties,12,1
Mathlib.NumberTheory.FactorisationProperties,70,1
Mathlib.NumberTheory.LegendreSymbol.QuadraticChar.Basic,0,24
Mathlib.NumberTheory.LegendreSymbol.QuadraticChar.Basic,1,30
Mathlib.NumberTheory.LegendreSymbol.QuadraticChar.Basic,2,22
Mathlib.NumberTheory.LegendreSymbol.QuadraticChar.Basic,3,1
Mathlib.NumberTheory.LegendreSymbol.QuadraticChar.Basic,4,15
Mathlib.NumberTheory.LegendreSymbol.Basic,0,23
Mathlib.NumberTheory.LegendreSymbol.Basic,1,24
Mathlib.NumberTheory.LegendreSymbol.Basic,2,27
Mathlib.NumberTheory.LegendreSymbol.Basic,3,4
Mathlib.NumberTheory.LegendreSymbol.Basic,4,18
Mathlib.NumberTheory.LegendreSymbol.QuadraticChar.GaussSum,1,2
Mathlib.NumberTheory.LegendreSymbol.QuadraticChar.GaussSum,2,12
Mathlib.NumberTheory.LegendreSymbol.QuadraticChar.GaussSum,3,1
Mathlib.NumberTheory.LegendreSymbol.QuadraticChar.GaussSum,4,28
Mathlib.NumberTheory.LegendreSymbol.QuadraticChar.GaussSum,5,2
Mathlib.NumberTheory.LegendreSymbol.QuadraticChar.GaussSum,7,1
Mathlib.NumberTheory.LegendreSymbol.QuadraticChar.GaussSum,8,32
Mathlib.NumberTheory.LegendreSymbol.QuadraticReciprocity,1,6
Mathlib.NumberTheory.LegendreSymbol.QuadraticReciprocity,2,18
Mathlib.NumberTheory.LegendreSymbol.QuadraticReciprocity,3,5
Mathlib.NumberTheory.LegendreSymbol.QuadraticReciprocity,4,6
Mathlib.NumberTheory.LegendreSymbol.QuadraticReciprocity,7,1
Mathlib.NumberTheory.LegendreSymbol.QuadraticReciprocity,8,32
Mathlib.NumberTheory.LucasPrimality,1,15
Mathlib.NumberTheory.Fermat,0,2
Mathlib.NumberTheory.Fermat,1,26
Mathlib.NumberTheory.Fermat,2,30
Mathlib.NumberTheory.Fermat,3,4
Mathlib.NumberTheory.Fermat,5,1
Mathlib.NumberTheory.Fermat,17,1
Mathlib.NumberTheory.FermatPsp,1,20
Mathlib.RingTheory.Ideal.NatInt,1,6
Mathlib.RingTheory.Ideal.NatInt,2,2
Mathlib.RingTheory.Ideal.NatInt,3,1
Mathlib.NumberTheory.FrobeniusNumber,0,4
Mathlib.NumberTheory.FrobeniusNumber,1,4
Mathlib.NumberTheory.Harmonic.Bounds,0,1
Mathlib.NumberTheory.Harmonic.Bounds,1,6
Mathlib.NumberTheory.Harmonic.Int,0,3
Mathlib.NumberTheory.Harmonic.Int,2,12
Mathlib.NumberTheory.Harmonic.ZetaAsymp,0,6
Mathlib.NumberTheory.Harmonic.ZetaAsymp,1,85
Mathlib.NumberTheory.Harmonic.ZetaAsymp,2,5
Mathlib.NumberTheory.Harmonic.ZetaAsymp,4,5
Mathlib.NumberTheory.Height.Basic,0,158
Mathlib.NumberTheory.Height.Basic,1,41
Mathlib.NumberTheory.Height.Basic,2,4
Mathlib.RingTheory.Valuation.RankOne,0,7
Mathlib.RingTheory.Valuation.RankOne,1,3
Mathlib.Topology.Algebra.Valued.NormedValued,0,7
Mathlib.Topology.Algebra.Valued.NormedValued,1,9
Mathlib.NumberTheory.NumberField.FinitePlaces,0,17
Mathlib.NumberTheory.NumberField.FinitePlaces,1,8
Mathlib.NumberTheory.NumberField.ProductFormula,0,3
Mathlib.NumberTheory.NumberField.ProductFormula,1,1
Mathlib.NumberTheory.Height.NumberField,0,2
Mathlib.NumberTheory.Height.NumberField,1,2
Mathlib.NumberTheory.MulChar.Lemmas,0,3
Mathlib.NumberTheory.MulChar.Lemmas,1,5
Mathlib.RingTheory.RootsOfUnity.Lemmas,1,10
Mathlib.NumberTheory.JacobiSum.Basic,0,3
Mathlib.NumberTheory.JacobiSum.Basic,1,27
Mathlib.NumberTheory.JacobiSum.Basic,2,5
Mathlib.RingTheory.IsAdjoinRoot,0,34
Mathlib.RingTheory.IsAdjoinRoot,1,11
Mathlib.NumberTheory.LSeries.ZMod,0,31
Mathlib.NumberTheory.LSeries.ZMod,1,70
Mathlib.NumberTheory.LSeries.ZMod,2,6
Mathlib.NumberTheory.LSeries.DirichletContinuation,0,13
Mathlib.NumberTheory.LSeries.DirichletContinuation,1,50
Mathlib.NumberTheory.LSeries.DirichletContinuation,2,6
Mathlib.NumberTheory.ZetaValues,0,35
Mathlib.NumberTheory.ZetaValues,1,83
Mathlib.NumberTheory.ZetaValues,2,40
Mathlib.NumberTheory.ZetaValues,3,2
Mathlib.NumberTheory.ZetaValues,4,2
Mathlib.NumberTheory.ZetaValues,6,2
Mathlib.NumberTheory.ZetaValues,32,1
Mathlib.NumberTheory.ZetaValues,90,1
Mathlib.NumberTheory.LSeries.HurwitzZetaValues,0,15
Mathlib.NumberTheory.LSeries.HurwitzZetaValues,1,46
Mathlib.NumberTheory.LSeries.HurwitzZetaValues,2,34
Mathlib.NumberTheory.LSeries.HurwitzZetaValues,4,2
Mathlib.NumberTheory.LSeries.HurwitzZetaValues,6,1
Mathlib.NumberTheory.LSeries.HurwitzZetaValues,90,1
Mathlib.NumberTheory.LSeries.Linearity,0,2
Mathlib.NumberTheory.LSeries.Injectivity,0,14
Mathlib.NumberTheory.LSeries.Injectivity,1,3
Mathlib.NumberTheory.LSeries.Nonvanishing,0,13
Mathlib.NumberTheory.LSeries.Nonvanishing,1,28
Mathlib.NumberTheory.LSeries.Nonvanishing,2,6
Mathlib.NumberTheory.LSeries.Nonvanishing,3,2
Mathlib.NumberTheory.LSeries.Nonvanishing,4,2
Mathlib.NumberTheory.LSeries.PrimesInAP,0,11
Mathlib.NumberTheory.LSeries.PrimesInAP,1,12
Mathlib.NumberTheory.LSeries.PrimesInAP,2,3
Mathlib.NumberTheory.LSeries.SumCoeff,0,8
Mathlib.NumberTheory.LSeries.SumCoeff,1,23
Mathlib.NumberTheory.LegendreSymbol.GaussEisensteinLemmas,0,7
Mathlib.NumberTheory.LegendreSymbol.GaussEisensteinLemmas,1,16
Mathlib.NumberTheory.LegendreSymbol.GaussEisensteinLemmas,2,24
Mathlib.NumberTheory.LegendreSymbol.JacobiSymbol,0,15
Mathlib.NumberTheory.LegendreSymbol.JacobiSymbol,1,34
Mathlib.NumberTheory.LegendreSymbol.JacobiSymbol,2,19
Mathlib.NumberTheory.LegendreSymbol.JacobiSymbol,3,11
Mathlib.NumberTheory.LegendreSymbol.JacobiSymbol,4,70
Mathlib.NumberTheory.LegendreSymbol.JacobiSymbol,5,3
Mathlib.NumberTheory.LegendreSymbol.JacobiSymbol,8,34
Mathlib.NumberTheory.LegendreSymbol.JacobiSymbol,1024,1
Mathlib.Topology.Algebra.Valued.LocallyCompact,0,7
Mathlib.Topology.Algebra.Valued.LocallyCompact,1,9
Mathlib.Topology.Algebra.Valued.ValuativeRel,0,13
Mathlib.Topology.Algebra.Valued.ValuativeRel,1024,3
Mathlib.NumberTheory.LucasLehmer,0,85
Mathlib.NumberTheory.LucasLehmer,1,169
Mathlib.NumberTheory.LucasLehmer,2,269
Mathlib.NumberTheory.LucasLehmer,3,17
Mathlib.NumberTheory.LucasLehmer,4,18
Mathlib.NumberTheory.LucasLehmer,7,1
Mathlib.NumberTheory.LucasLehmer,8,1
Mathlib.NumberTheory.MahlerMeasure,0,8
Mathlib.NumberTheory.MahlerMeasure,1,29
Mathlib.NumberTheory.MahlerMeasure,2,1
Mathlib.NumberTheory.MaricaSchoenheim,0,1
Mathlib.NumberTheory.Modular,0,40
Mathlib.NumberTheory.Modular,1,89
Mathlib.NumberTheory.Modular,2,3047
Mathlib.NumberTheory.Modular,3,2
Mathlib.NumberTheory.Modular,4,2
Mathlib.NumberTheory.Modular,1024,2
Mathlib.NumberTheory.ModularForms.ArithmeticSubgroups,0,1
Mathlib.NumberTheory.ModularForms.ArithmeticSubgroups,1,29
Mathlib.NumberTheory.ModularForms.ArithmeticSubgroups,2,786
Mathlib.NumberTheory.ModularForms.ArithmeticSubgroups,1024,1
Mathlib.NumberTheory.ModularForms.CongruenceSubgroups,0,23
Mathlib.NumberTheory.ModularForms.CongruenceSubgroups,1,42
Mathlib.NumberTheory.ModularForms.CongruenceSubgroups,2,11394
Mathlib.NumberTheory.ModularForms.CongruenceSubgroups,1024,1
Mathlib.Topology.Compactification.OnePoint.ProjectiveLine,0,68
Mathlib.Topology.Compactification.OnePoint.ProjectiveLine,1,40
Mathlib.Topology.Compactification.OnePoint.ProjectiveLine,2,865
Mathlib.NumberTheory.ModularForms.Cusps,0,19
Mathlib.NumberTheory.ModularForms.Cusps,1,19
Mathlib.NumberTheory.ModularForms.Cusps,2,15343
Mathlib.NumberTheory.ModularForms.SlashActions,0,39
Mathlib.NumberTheory.ModularForms.SlashActions,1,29
Mathlib.NumberTheory.ModularForms.SlashActions,2,1229
Mathlib.NumberTheory.ModularForms.SlashActions,100,2
Mathlib.NumberTheory.ModularForms.BoundedAtCusp,0,5
Mathlib.NumberTheory.ModularForms.BoundedAtCusp,1,2
Mathlib.NumberTheory.ModularForms.BoundedAtCusp,2,954
Mathlib.NumberTheory.ModularForms.SlashInvariantForms,0,34
Mathlib.NumberTheory.ModularForms.SlashInvariantForms,1,8
Mathlib.NumberTheory.ModularForms.SlashInvariantForms,2,5679
Mathlib.NumberTheory.ModularForms.Basic,0,93
Mathlib.NumberTheory.ModularForms.Basic,1,25
Mathlib.NumberTheory.ModularForms.Basic,2,8673
Mathlib.NumberTheory.ModularForms.Identities,2,267
Mathlib.NumberTheory.ModularForms.QExpansion,0,86
Mathlib.NumberTheory.ModularForms.QExpansion,1,13
Mathlib.NumberTheory.ModularForms.QExpansion,2,895
Mathlib.NumberTheory.ModularForms.Petersson,0,3
Mathlib.NumberTheory.ModularForms.Petersson,2,810
Mathlib.NumberTheory.ModularForms.Bounds,0,7
Mathlib.NumberTheory.ModularForms.Bounds,1,6
Mathlib.NumberTheory.ModularForms.Bounds,2,458
Mathlib.NumberTheory.ModularForms.EisensteinSeries.Defs,0,48
Mathlib.NumberTheory.ModularForms.EisensteinSeries.Defs,1,93
Mathlib.NumberTheory.ModularForms.EisensteinSeries.Defs,2,1238
Mathlib.Topology.Algebra.InfiniteSum.ConditionalInt,0,4
Mathlib.Topology.Algebra.InfiniteSum.ConditionalInt,1,5
Mathlib.NumberTheory.ModularForms.EisensteinSeries.E2.Defs,0,8
Mathlib.NumberTheory.ModularForms.EisensteinSeries.E2.Defs,1,9
Mathlib.NumberTheory.ModularForms.EisensteinSeries.E2.Defs,2,335
Mathlib.NumberTheory.ModularForms.EisensteinSeries.IsBoundedAtImInfty,2,220
Mathlib.NumberTheory.ModularForms.EisensteinSeries.IsBoundedAtImInfty,3,4
Mathlib.NumberTheory.ModularForms.EisensteinSeries.UniformConvergence,0,2
Mathlib.NumberTheory.ModularForms.EisensteinSeries.UniformConvergence,1,16
Mathlib.NumberTheory.ModularForms.EisensteinSeries.UniformConvergence,2,68
Mathlib.NumberTheory.ModularForms.EisensteinSeries.UniformConvergence,3,2
Mathlib.NumberTheory.ModularForms.EisensteinSeries.MDifferentiable,0,3
Mathlib.NumberTheory.ModularForms.EisensteinSeries.MDifferentiable,1,1
Mathlib.NumberTheory.ModularForms.EisensteinSeries.MDifferentiable,2,88
Mathlib.NumberTheory.ModularForms.EisensteinSeries.MDifferentiable,3,2
Mathlib.NumberTheory.ModularForms.EisensteinSeries.Basic,0,1
Mathlib.NumberTheory.ModularForms.EisensteinSeries.Basic,1,7
Mathlib.NumberTheory.ModularForms.EisensteinSeries.Basic,2,256
Mathlib.NumberTheory.ModularForms.EisensteinSeries.Basic,3,5
Mathlib.NumberTheory.TsumDivisorsAntidiagonal,0,19
Mathlib.NumberTheory.TsumDivisorsAntidiagonal,1,11
Mathlib.NumberTheory.ModularForms.EisensteinSeries.QExpansion,0,9
Mathlib.NumberTheory.ModularForms.EisensteinSeries.QExpansion,1,34
Mathlib.NumberTheory.ModularForms.EisensteinSeries.QExpansion,2,256
Mathlib.NumberTheory.ModularForms.EisensteinSeries.QExpansion,3,8
Mathlib.NumberTheory.ModularForms.EisensteinSeries.E2.Summable,0,3
Mathlib.NumberTheory.ModularForms.EisensteinSeries.E2.Summable,1,22
Mathlib.NumberTheory.ModularForms.EisensteinSeries.E2.Summable,2,60
Mathlib.NumberTheory.ModularForms.EisensteinSeries.E2.Summable,8,3
Mathlib.NumberTheory.ModularForms.DedekindEta,0,3
Mathlib.NumberTheory.ModularForms.DedekindEta,1,18
Mathlib.NumberTheory.ModularForms.DedekindEta,2,6
Mathlib.NumberTheory.ModularForms.DedekindEta,12,1
Mathlib.NumberTheory.ModularForms.DedekindEta,24,1
Mathlib.NumberTheory.ModularForms.EisensteinSeries.E2.Transform,1,1
Mathlib.NumberTheory.ModularForms.EisensteinSeries.E2.Transform,2,52
Mathlib.NumberTheory.ModularForms.JacobiTheta.OneVariable,0,7
Mathlib.NumberTheory.ModularForms.JacobiTheta.OneVariable,1,8
Mathlib.NumberTheory.ModularForms.JacobiTheta.OneVariable,2,67
Mathlib.NumberTheory.ModularForms.LevelOne,0,13
Mathlib.NumberTheory.ModularForms.LevelOne,1,31
Mathlib.NumberTheory.ModularForms.LevelOne,2,541
Mathlib.NumberTheory.ModularForms.NormTrace,0,9
Mathlib.NumberTheory.ModularForms.NormTrace,2,24378
Mathlib.NumberTheory.Multiplicity,0,4
Mathlib.NumberTheory.Multiplicity,1,26
Mathlib.NumberTheory.Multiplicity,2,49
Mathlib.NumberTheory.Multiplicity,4,4
Mathlib.NumberTheory.Multiplicity,8,2
Mathlib.NumberTheory.NumberField.InfiniteAdeleRing,0,1
Mathlib.Topology.Algebra.RestrictedProduct.Basic,0,17
Mathlib.Topology.Algebra.RestrictedProduct.Basic,1,12
Mathlib.Topology.Algebra.RestrictedProduct.Basic,1024,2
Mathlib.Topology.Algebra.RestrictedProduct.TopologicalSpace,0,4
Mathlib.RingTheory.DedekindDomain.FiniteAdeleRing,1,1
Mathlib.NumberTheory.NumberField.AdeleRing,0,1
Mathlib.NumberTheory.NumberField.Units.Regulator,0,8
Mathlib.NumberTheory.NumberField.CMField,1,2
Mathlib.NumberTheory.NumberField.CMField,2,10
Mathlib.NumberTheory.NumberField.CanonicalEmbedding.FundamentalCone,0,19
Mathlib.NumberTheory.NumberField.CanonicalEmbedding.FundamentalCone,1,4
Mathlib.NumberTheory.NumberField.CanonicalEmbedding.PolarCoord,0,2
Mathlib.NumberTheory.NumberField.CanonicalEmbedding.PolarCoord,2,3
Mathlib.NumberTheory.NumberField.CanonicalEmbedding.NormLeOne,0,39
Mathlib.NumberTheory.NumberField.CanonicalEmbedding.NormLeOne,1,13
Mathlib.NumberTheory.NumberField.CanonicalEmbedding.NormLeOne,2,4
Mathlib.NumberTheory.NumberField.Cyclotomic.Galois,1,2
Mathlib.NumberTheory.NumberField.Ideal.KummerDedekind,0,2
Mathlib.NumberTheory.NumberField.Ideal.KummerDedekind,1,1
Mathlib.RingTheory.RootsOfUnity.CyclotomicUnits,1,13
Mathlib.RingTheory.RootsOfUnity.CyclotomicUnits,2,3
Mathlib.NumberTheory.NumberField.Cyclotomic.Ideal,1,84
Mathlib.NumberTheory.NumberField.Ideal.Asymptotics,2,6
Mathlib.NumberTheory.NumberField.DedekindZeta,0,2
Mathlib.NumberTheory.NumberField.DedekindZeta,1,3
Mathlib.NumberTheory.NumberField.DedekindZeta,2,4
Mathlib.NumberTheory.SiegelsLemma,0,8
Mathlib.NumberTheory.SiegelsLemma,1,2
Mathlib.NumberTheory.NumberField.House,0,7
Mathlib.NumberTheory.NumberField.House,1,3
Mathlib.NumberTheory.NumberField.Ideal.Basic,1,6
Mathlib.NumberTheory.NumberField.Ideal.Basic,2,1
Mathlib.NumberTheory.Ostrowski,0,11
Mathlib.NumberTheory.Ostrowski,1,21
Mathlib.NumberTheory.Padics.ProperSpace,1,1
Mathlib.Topology.Algebra.InfiniteSum.Nonarchimedean,0,4
Mathlib.Topology.Algebra.InfiniteSum.Nonarchimedean,1,6
Mathlib.NumberTheory.Padics.MahlerBasis,0,13
Mathlib.NumberTheory.Padics.MahlerBasis,1,11
Mathlib.Topology.Algebra.Monoid.AddChar,1,2
Mathlib.NumberTheory.Padics.AddChar,0,56
Mathlib.NumberTheory.Padics.AddChar,1,31
Mathlib.NumberTheory.Padics.Complex,0,4
Mathlib.NumberTheory.Padics.Complex,1,2
Mathlib.NumberTheory.Padics.Complex,1024,2
Mathlib.NumberTheory.Padics.WithVal,1,5
Mathlib.NumberTheory.Padics.HeightOneSpectrum,1,4
Mathlib.NumberTheory.Padics.Hensel,0,4
Mathlib.NumberTheory.Padics.Hensel,2,1
Mathlib.NumberTheory.Padics.ValuativeRel,0,1
Mathlib.NumberTheory.Padics.ValuativeRel,1,1
Mathlib.NumberTheory.Pell,0,58
Mathlib.NumberTheory.Pell,1,38
Mathlib.NumberTheory.Pell,2,28
Mathlib.NumberTheory.PowModTotient,1,5
Mathlib.NumberTheory.PrimesCongruentOne,0,3
Mathlib.NumberTheory.PrimesCongruentOne,1,3
Mathlib.NumberTheory.Rayleigh,0,11
Mathlib.NumberTheory.Rayleigh,1,2
Mathlib.NumberTheory.SelbergSieve,0,69
Mathlib.NumberTheory.SelbergSieve,1,52
Mathlib.NumberTheory.SumFourSquares,0,1
Mathlib.NumberTheory.SumFourSquares,1,1
Mathlib.NumberTheory.SumFourSquares,2,49
Mathlib.NumberTheory.Zsqrtd.GaussianInt,0,12
Mathlib.NumberTheory.Zsqrtd.GaussianInt,1,192
Mathlib.NumberTheory.Zsqrtd.GaussianInt,2,2
Mathlib.NumberTheory.Zsqrtd.QuadraticReciprocity,1,6
Mathlib.NumberTheory.Zsqrtd.QuadraticReciprocity,3,3
Mathlib.NumberTheory.Zsqrtd.QuadraticReciprocity,4,3
Mathlib.NumberTheory.SumTwoSquares,1,14
Mathlib.NumberTheory.SumTwoSquares,2,29
Mathlib.NumberTheory.SumTwoSquares,3,13
Mathlib.NumberTheory.SumTwoSquares,4,13
Mathlib.NumberTheory.Transcendental.Lindemann.AnalyticalPart,0,5
Mathlib.NumberTheory.Transcendental.Lindemann.AnalyticalPart,1,3
Mathlib.NumberTheory.Transcendental.Liouville.Basic,0,5
Mathlib.NumberTheory.Transcendental.Liouville.Basic,1,8
Mathlib.NumberTheory.Transcendental.Liouville.LiouvilleNumber,0,2
Mathlib.NumberTheory.Transcendental.Liouville.LiouvilleNumber,1,28
Mathlib.NumberTheory.Transcendental.Liouville.LiouvilleNumber,2,4
Mathlib.Topology.Instances.Irrational,0,3
Mathlib.NumberTheory.Transcendental.Liouville.LiouvilleWith,0,14
Mathlib.NumberTheory.Transcendental.Liouville.LiouvilleWith,1,5
Mathlib.NumberTheory.Transcendental.Liouville.Residual,1,8
Mathlib.NumberTheory.Transcendental.Liouville.Measure,0,5
Mathlib.NumberTheory.Transcendental.Liouville.Measure,1,2
Mathlib.NumberTheory.Transcendental.Liouville.Measure,2,5
Mathlib.NumberTheory.WellApproximable,0,19
Mathlib.NumberTheory.WellApproximable,1,16
Mathlib.NumberTheory.WellApproximable,2,3
Mathlib.NumberTheory.Wilson,1,10
Mathlib.NumberTheory.Zsqrtd.ToReal,0,4
Mathlib.Order.BourbakiWitt,0,2
Mathlib.Order.BourbakiWitt,1,1
Mathlib.Order.Category.CompleteLat,0,1
Mathlib.Order.Category.CompleteLat,1,1
Mathlib.Order.Category.FinBddDistLat,0,2
Mathlib.Order.Category.FinBddDistLat,1,1
Mathlib.Order.Category.FinBoolAlg,0,1
Mathlib.Order.Category.FinBoolAlg,1,1
Mathlib.Order.Category.Frm,0,2
Mathlib.Order.Category.Frm,1,1
Mathlib.Order.Category.OmegaCompletePartialOrder,0,1
Mathlib.Order.Category.OmegaCompletePartialOrder,1,1
Mathlib.Order.Category.PartOrdEmb,0,2
Mathlib.Order.Category.PartOrdEmb,1,1
Mathlib.Order.Circular.ZMod,0,2
Mathlib.Order.Circular.ZMod,1,2
Mathlib.Order.CompleteSublattice,0,1
Mathlib.Order.CompleteSublattice,1,1
Mathlib.Order.Concept,0,1
Mathlib.Order.Concept,1,1
Mathlib.Order.ConditionallyCompletePartialOrder.Defs,0,3
Mathlib.Order.Filter.CardinalInter,1,2
Mathlib.Order.Filter.CardinalInter,2,15
Mathlib.Order.Filter.Cocardinal,1,1
Mathlib.Order.Height,0,3
Mathlib.Order.Height,1,1
Mathlib.Order.Heyting.Boundary,120,2
Mathlib.Order.Interval.Set.Nat,1,4
Mathlib.Order.KonigLemma,0,5
Mathlib.Order.KonigLemma,1,9
Mathlib.Order.Lattice.Congruence,0,1
Mathlib.Order.Lattice.Congruence,1,1
Mathlib.Order.Nucleus,0,1
Mathlib.Order.Nucleus,1,1
Mathlib.Order.PFilter,0,1
Mathlib.Order.PFilter,1,1
Mathlib.Order.Partition.Basic,0,1
Mathlib.Order.Partition.Basic,1,1
Mathlib.Order.PrimeIdeal,0,1
Mathlib.Order.PrimeIdeal,1,1
Mathlib.Order.Sublocale,0,1
Mathlib.Order.Sublocale,1,1
Mathlib.Order.SuccPred.Tree,0,1
Mathlib.Order.SuccPred.Tree,1,2
Mathlib.Order.Types.Defs,0,11
Mathlib.Order.Types.Defs,1,3
Mathlib.Order.Types.Defs,1024,1
Mathlib.Order.Types.Arithmetic,1024,2
Mathlib.Probability.Process.Adapted,0,4
Mathlib.Probability.Process.Adapted,1,1
Mathlib.Probability.Process.Predictable,0,4
Mathlib.Probability.Process.Predictable,1,5
Mathlib.Probability.Process.Stopping,0,1
Mathlib.Probability.Process.Stopping,1,6
Mathlib.Probability.Martingale.Basic,0,21
Mathlib.Probability.Martingale.Basic,1,20
Mathlib.Probability.Martingale.Centering,0,7
Mathlib.Probability.Martingale.Centering,1,11
Mathlib.Probability.Martingale.Centering,2,1
Mathlib.Probability.Martingale.Upcrossing,0,22
Mathlib.Probability.Martingale.Upcrossing,1,31
Mathlib.Probability.Martingale.Convergence,0,4
Mathlib.Probability.Martingale.Convergence,1,12
Mathlib.Probability.Martingale.OptionalStopping,0,3
Mathlib.Probability.Martingale.OptionalStopping,1,6
Mathlib.Probability.Martingale.BorelCantelli,0,24
Mathlib.Probability.Martingale.BorelCantelli,1,36
Mathlib.Probability.Martingale.BorelCantelli,2,4
Mathlib.Probability.Kernel.Defs,0,34
Mathlib.Probability.Kernel.Defs,1,5
Mathlib.Probability.Kernel.Defs,1022,2
Mathlib.Probability.Kernel.Defs,1023,4
Mathlib.Probability.Kernel.Basic,0,5
Mathlib.Probability.Kernel.Basic,1,3
Mathlib.Probability.Independence.Kernel.Indep,0,9
Mathlib.Probability.Independence.Kernel.Indep,1,1
Mathlib.Probability.Kernel.Composition.CompNotation,100,2
Mathlib.Probability.Kernel.Composition.CompNotation,101,1
Mathlib.Probability.Kernel.Composition.Comp,0,8
Mathlib.Probability.Kernel.Composition.Comp,1,1
Mathlib.Probability.Kernel.Composition.Comp,100,2
Mathlib.Probability.Kernel.Composition.Comp,101,1
Mathlib.Probability.Kernel.Composition.MapComap,0,23
Mathlib.Probability.Kernel.Composition.ParallelComp,0,7
Mathlib.Probability.Kernel.Composition.ParallelComp,100,2
Mathlib.Probability.Kernel.Composition.ParallelComp,101,1
Mathlib.Probability.Kernel.Composition.CompProd,0,12
Mathlib.Probability.Kernel.Composition.CompProd,100,2
Mathlib.Probability.Kernel.Composition.CompProd,101,1
Mathlib.Probability.Kernel.Composition.Prod,0,6
Mathlib.Probability.Kernel.Composition.Prod,100,2
Mathlib.Probability.Kernel.Composition.Prod,101,1
Mathlib.Probability.Kernel.Composition.MeasureCompProd,0,8
Mathlib.Probability.Kernel.Composition.MeasureCompProd,100,2
Mathlib.Probability.Kernel.Composition.MeasureCompProd,101,1
Mathlib.Probability.Kernel.Composition.MeasureComp,0,2
Mathlib.Probability.Independence.Kernel.IndepFun,0,4
Mathlib.Probability.Independence.Kernel.IndepFun,1,1
Mathlib.Probability.Independence.Basic,0,3
Mathlib.Probability.Independence.Basic,1,2
Mathlib.Probability.Independence.Basic,50,4
Mathlib.Probability.Independence.Basic,1022,2
Mathlib.Probability.BorelCantelli,1,2
Mathlib.Probability.Kernel.Disintegration.MeasurableStieltjes,0,24
Mathlib.Probability.Kernel.Disintegration.MeasurableStieltjes,1,21
Mathlib.Probability.Kernel.Disintegration.CDFToKernel,0,29
Mathlib.Probability.Kernel.Disintegration.CDFToKernel,1,21
Mathlib.Probability.Kernel.Disintegration.CondCDF,0,3
Mathlib.Probability.Kernel.Disintegration.CondCDF,1,4
Mathlib.Probability.CDF,0,4
Mathlib.Probability.CDF,1,3
Mathlib.Probability.Independence.Integrable,0,3
Mathlib.Probability.Independence.Integration,0,2
Mathlib.Probability.Moments.Covariance,0,15
Mathlib.Probability.Moments.Covariance,2,42
Mathlib.Probability.Moments.Covariance,1024,2
Mathlib.Probability.Moments.Variance,0,21
Mathlib.Probability.Moments.Variance,2,59
Mathlib.Probability.Moments.Variance,1024,4
Mathlib.Probability.CondVar,0,12
Mathlib.Probability.CondVar,1,1
Mathlib.Probability.CondVar,2,25
Mathlib.Probability.CondVar,1024,2
Mathlib.Probability.Decision.Risk.Defs,0,19
Mathlib.Probability.Decision.Risk.Basic,0,3
Mathlib.Probability.Density,0,4
Mathlib.Probability.Distributions.Beta,0,30
Mathlib.Probability.Distributions.Beta,1,34
Mathlib.Probability.Distributions.Cauchy,0,12
Mathlib.Probability.Distributions.Cauchy,1,3
Mathlib.Probability.Distributions.Cauchy,2,7
Mathlib.Probability.Distributions.Gamma,0,35
Mathlib.Probability.Distributions.Gamma,1,5
Mathlib.Probability.Distributions.Exponential,0,34
Mathlib.Probability.Distributions.Exponential,1,7
Mathlib.Probability.Distributions.Fernique,0,15
Mathlib.Probability.Distributions.Fernique,1,28
Mathlib.Probability.Distributions.Fernique,2,50
Mathlib.Probability.Distributions.Fernique,4,10
Mathlib.Probability.Distributions.Fernique,8,2
Mathlib.Probability.IdentDistrib,1,2
Mathlib.Probability.IdentDistrib,2,2
Mathlib.Probability.Moments.Basic,0,37
Mathlib.Probability.Moments.Basic,1,5
Mathlib.Probability.Moments.Basic,2,1
Mathlib.Probability.Moments.IntegrableExpMul,0,35
Mathlib.Probability.Moments.IntegrableExpMul,2,2
Mathlib.Probability.Moments.ComplexMGF,0,5
Mathlib.Probability.Moments.ComplexMGF,1,2
Mathlib.Probability.Moments.MGFAnalytic,0,10
Mathlib.Probability.Moments.MGFAnalytic,1,2
Mathlib.Probability.Moments.MGFAnalytic,2,8
Mathlib.Probability.Distributions.Gaussian.Real,0,40
Mathlib.Probability.Distributions.Gaussian.Real,1,7
Mathlib.Probability.Distributions.Gaussian.Real,2,36
Mathlib.Probability.Distributions.Gaussian.Basic,2,5
Mathlib.Probability.Moments.CovarianceBilinDual,0,15
Mathlib.Probability.Moments.CovarianceBilinDual,1,6
Mathlib.Probability.Moments.CovarianceBilinDual,2,68
Mathlib.Probability.Moments.CovarianceBilin,0,7
Mathlib.Probability.Moments.CovarianceBilin,2,1003
Mathlib.Probability.Distributions.Gaussian.Fernique,0,8
Mathlib.Probability.Distributions.Gaussian.Fernique,2,7
Mathlib.Probability.Distributions.Gaussian.CharFun,2,6
Mathlib.Probability.Distributions.Gaussian.HasGaussianLaw.Basic,1,2
Mathlib.Probability.Distributions.Gaussian.HasGaussianLaw.Basic,2,6
Mathlib.Probability.Independence.CharacteristicFunction,1,2
Mathlib.Probability.Independence.CharacteristicFunction,2,19
Mathlib.Probability.Distributions.Gaussian.HasGaussianLaw.Independence,0,8
Mathlib.Probability.Distributions.Gaussian.IsGaussianProcess.Basic,1,1
Mathlib.Probability.ProbabilityMassFunction.Basic,0,6
Mathlib.Probability.ProbabilityMassFunction.Basic,1,9
Mathlib.Probability.Distributions.Geometric,0,11
Mathlib.Probability.Distributions.Geometric,1,13
Mathlib.Probability.Distributions.Pareto,0,23
Mathlib.Probability.Distributions.Pareto,1,5
Mathlib.Probability.Distributions.Poisson,0,3
Mathlib.Probability.Distributions.Poisson,1,2
Mathlib.Probability.Kernel.Composition.IntegralCompProd,1,16
Mathlib.Probability.Kernel.Disintegration.Basic,0,5
Mathlib.Probability.Kernel.Disintegration.Density,0,11
Mathlib.Probability.Kernel.Disintegration.Density,1,12
Mathlib.Probability.Kernel.Disintegration.StandardBorel,0,9
Mathlib.Probability.Kernel.Disintegration.StandardBorel,1,1
Mathlib.Probability.Kernel.CondDistrib,0,1
Mathlib.Probability.Kernel.CondDistrib,1,1
Mathlib.Probability.Kernel.IonescuTulcea.Maps,1,31
Mathlib.Probability.Kernel.IonescuTulcea.PartialTraj,0,17
Mathlib.Probability.Kernel.IonescuTulcea.PartialTraj,1,611
Mathlib.Probability.Kernel.Integral,0,2
Mathlib.Probability.Kernel.IonescuTulcea.Traj,0,241
Mathlib.Probability.Kernel.IonescuTulcea.Traj,1,310
Mathlib.Probability.ProductMeasure,0,71
Mathlib.Probability.ProductMeasure,1,71
Mathlib.Probability.Distributions.SetBernoulli,0,3
Mathlib.Probability.Distributions.SetBernoulli,1,1
Mathlib.Probability.Distributions.SetBernoulli,1024,1
Mathlib.Probability.ProbabilityMassFunction.Monad,0,28
Mathlib.Probability.ProbabilityMassFunction.Monad,1,8
Mathlib.Probability.ProbabilityMassFunction.Constructions,0,29
Mathlib.Probability.ProbabilityMassFunction.Constructions,1,36
Mathlib.Probability.Distributions.Uniform,0,21
Mathlib.Probability.Distributions.Uniform,1,4
Mathlib.Probability.Independence.BoundedContinuousFunction,1,6
Mathlib.Probability.Kernel.WithDensity,0,7
Mathlib.Probability.Kernel.WithDensity,1,2
Mathlib.Probability.Kernel.RadonNikodym,0,20
Mathlib.Probability.Kernel.RadonNikodym,1,15
Mathlib.Probability.Kernel.Condexp,0,1
Mathlib.Probability.Kernel.Condexp,1,4
Mathlib.Probability.Independence.Conditional,0,5
Mathlib.Probability.Independence.Conditional,1,32
Mathlib.Probability.Independence.Conditional,50,4
Mathlib.Probability.Independence.Conditional,1022,2
Mathlib.Probability.Independence.ZeroOne,0,15
Mathlib.Probability.Independence.ZeroOne,1,23
Mathlib.Probability.Kernel.Irreducible,0,18
Mathlib.Probability.Kernel.Posterior,1023,1
Mathlib.Probability.Kernel.Posterior,1024,2
Mathlib.Probability.Kernel.Proper,1,16
Mathlib.Probability.Moments.Tilted,2,1
Mathlib.Probability.Moments.SubGaussian,0,45
Mathlib.Probability.Moments.SubGaussian,1,13
Mathlib.Probability.Moments.SubGaussian,2,74
Mathlib.Probability.ProbabilityMassFunction.Binomial,0,2
Mathlib.Probability.ProbabilityMassFunction.Binomial,1,60
Mathlib.Probability.ProbabilityMassFunction.Integrals,0,1
Mathlib.Probability.ProbabilityMassFunction.Integrals,1,2
Mathlib.Probability.Process.Kolmogorov,0,28
Mathlib.Probability.StrongLaw,0,60
Mathlib.Probability.StrongLaw,1,6
Mathlib.Probability.StrongLaw,2,3
Mathlib.RepresentationTheory.AlgebraRepresentation.Basic,1,1
Mathlib.RepresentationTheory.Rep,0,3
Mathlib.RepresentationTheory.Rep,1,393
Mathlib.RepresentationTheory.FDRep,0,1
Mathlib.RepresentationTheory.FDRep,1,1
Mathlib.RepresentationTheory.Invariants,1,2
Mathlib.RepresentationTheory.Character,0,1
Mathlib.RepresentationTheory.Character,1,2
Mathlib.RepresentationTheory.Coinduced,1,12
Mathlib.RepresentationTheory.Coinvariants,0,1
Mathlib.RepresentationTheory.Coinvariants,1,6
Mathlib.RepresentationTheory.Subrepresentation,0,1
Mathlib.RepresentationTheory.Subrepresentation,1,1
Mathlib.RepresentationTheory.Maschke,1,2
Mathlib.RepresentationTheory.FinGroupCharZero,1,1
Mathlib.RepresentationTheory.Induced,1,7
Mathlib.RepresentationTheory.FiniteIndex,0,3
Mathlib.RepresentationTheory.Homological.FiniteCyclic,0,93
Mathlib.RepresentationTheory.Homological.FiniteCyclic,1,55
Mathlib.RepresentationTheory.Homological.Resolution,0,59
Mathlib.RepresentationTheory.Homological.Resolution,1,334
Mathlib.RepresentationTheory.Homological.GroupCohomology.Basic,0,8
Mathlib.RepresentationTheory.Homological.GroupCohomology.Basic,1,210
Mathlib.RepresentationTheory.Homological.GroupCohomology.LowDegree,0,542
Mathlib.RepresentationTheory.Homological.GroupCohomology.LowDegree,1,700
Mathlib.RepresentationTheory.Homological.GroupCohomology.LowDegree,2,484
Mathlib.RepresentationTheory.Homological.GroupCohomology.LowDegree,3,79
Mathlib.RepresentationTheory.Homological.GroupCohomology.FiniteCyclic,0,4
Mathlib.RepresentationTheory.Homological.GroupCohomology.FiniteCyclic,1,2
Mathlib.RepresentationTheory.Homological.GroupCohomology.Functoriality,0,371
Mathlib.RepresentationTheory.Homological.GroupCohomology.Functoriality,1,215
Mathlib.RepresentationTheory.Homological.GroupCohomology.Functoriality,2,193
Mathlib.RepresentationTheory.Homological.GroupCohomology.Functoriality,3,102
Mathlib.RepresentationTheory.Homological.GroupCohomology.Hilbert90,0,3
Mathlib.RepresentationTheory.Homological.GroupCohomology.Hilbert90,1,2
Mathlib.RepresentationTheory.Homological.GroupCohomology.LongExactSequence,0,8
Mathlib.RepresentationTheory.Homological.GroupCohomology.LongExactSequence,1,49
Mathlib.RepresentationTheory.Homological.GroupCohomology.LongExactSequence,2,6
Mathlib.RepresentationTheory.Homological.GroupHomology.Basic,0,9
Mathlib.RepresentationTheory.Homological.GroupHomology.Basic,1,257
Mathlib.RepresentationTheory.Homological.GroupHomology.LowDegree,0,585
Mathlib.RepresentationTheory.Homological.GroupHomology.LowDegree,1,482
Mathlib.RepresentationTheory.Homological.GroupHomology.LowDegree,2,464
Mathlib.RepresentationTheory.Homological.GroupHomology.LowDegree,3,109
Mathlib.RepresentationTheory.Homological.GroupHomology.FiniteCyclic,0,4
Mathlib.RepresentationTheory.Homological.GroupHomology.Functoriality,0,290
Mathlib.RepresentationTheory.Homological.GroupHomology.Functoriality,1,190
Mathlib.RepresentationTheory.Homological.GroupHomology.Functoriality,2,165
Mathlib.RepresentationTheory.Homological.GroupHomology.Functoriality,3,74
Mathlib.RepresentationTheory.Homological.GroupHomology.LongExactSequence,0,11
Mathlib.RepresentationTheory.Homological.GroupHomology.LongExactSequence,1,36
Mathlib.RepresentationTheory.Homological.GroupHomology.LongExactSequence,2,6
Mathlib.RepresentationTheory.Intertwining,0,4
Mathlib.RepresentationTheory.Intertwining,1,4
Mathlib.RepresentationTheory.Irreducible,0,2
Mathlib.RepresentationTheory.Irreducible,1,1
Mathlib.RepresentationTheory.Tannaka,1,2
Mathlib.RingTheory.AdicCompletion.RingHom,1,68
Mathlib.Topology.Algebra.Nonarchimedean.AdicTopology,0,5
Mathlib.RingTheory.AdicCompletion.Topology,0,2
Mathlib.RingTheory.Coalgebra.GroupLike,0,2
Mathlib.RingTheory.Coalgebra.GroupLike,1,11
Mathlib.RingTheory.Bialgebra.GroupLike,1,8
Mathlib.RingTheory.Coalgebra.MonoidAlgebra,0,2
Mathlib.RingTheory.Bialgebra.MonoidAlgebra,1,1
Mathlib.RingTheory.Coalgebra.Convolution,1,2
Mathlib.RingTheory.Complex,0,3
Mathlib.RingTheory.Complex,1,3
Mathlib.RingTheory.Complex,2,51
Mathlib.RingTheory.Polynomial.ContentIdeal,0,2
Mathlib.RingTheory.Polynomial.ContentIdeal,1,1
Mathlib.RingTheory.DedekindDomain.GaussLemma,1,14
Mathlib.RingTheory.DedekindDomain.SInteger,1,7
Mathlib.RingTheory.DedekindDomain.SelmerGroup,0,4
Mathlib.RingTheory.DedekindDomain.SelmerGroup,1,6
Mathlib.RingTheory.DividedPowers.Basic,0,128
Mathlib.RingTheory.DividedPowers.Basic,1,50
Mathlib.RingTheory.DividedPowers.DPMorphism,0,2
Mathlib.RingTheory.DividedPowers.DPMorphism,1,1
Mathlib.RingTheory.DividedPowers.RatAlgebra,0,36
Mathlib.RingTheory.DividedPowers.RatAlgebra,1,13
Mathlib.RingTheory.DividedPowers.RatAlgebra,2,7
Mathlib.RingTheory.DividedPowers.Padic,0,19
Mathlib.RingTheory.DividedPowers.Padic,1,2
Mathlib.RingTheory.DividedPowers.SubDPIdeal,0,54
Mathlib.RingTheory.DividedPowers.SubDPIdeal,1,1
Mathlib.RingTheory.DualNumber,0,1
Mathlib.RingTheory.FilteredAlgebra.Basic,1,4
Mathlib.RingTheory.Frobenius,0,1
Mathlib.RingTheory.Frobenius,1,1
Mathlib.RingTheory.GradedAlgebra.Homogeneous.Subsemiring,0,1
Mathlib.RingTheory.GradedAlgebra.Homogeneous.Subsemiring,1,1
Mathlib.RingTheory.GradedAlgebra.Noetherian,0,1
Mathlib.RingTheory.Grassmannian,0,4
Mathlib.RingTheory.Grassmannian,1,1
Mathlib.RingTheory.Grassmannian,1024,1
Mathlib.RingTheory.HahnSeries.Summable,0,86
Mathlib.RingTheory.HahnSeries.Summable,1,19
Mathlib.RingTheory.HahnSeries.HEval,0,7
Mathlib.RingTheory.HahnSeries.HEval,1,2
Mathlib.RingTheory.PowerSeries.WellKnown,0,10
Mathlib.RingTheory.PowerSeries.WellKnown,1,47
Mathlib.RingTheory.PowerSeries.WellKnown,2,4
Mathlib.RingTheory.PowerSeries.Binomial,0,1
Mathlib.RingTheory.PowerSeries.Binomial,1,6
Mathlib.RingTheory.HahnSeries.Binomial,0,13
Mathlib.RingTheory.HahnSeries.Binomial,1,12
Mathlib.RingTheory.HahnSeries.Cardinal,0,3
Mathlib.RingTheory.HahnSeries.Cardinal,1,7
Mathlib.RingTheory.HahnSeries.PowerSeries,0,7
Mathlib.RingTheory.HahnSeries.PowerSeries,1,3
Mathlib.RingTheory.HahnSeries.Valuation,0,2
Mathlib.RingTheory.Henselian,0,4
Mathlib.RingTheory.HopfAlgebra.GroupLike,1,2
Mathlib.RingTheory.Ideal.AssociatedPrime.Basic,0,3
Mathlib.RingTheory.Ideal.Height,0,2
Mathlib.RingTheory.Ideal.Height,1,1
Mathlib.RingTheory.Ideal.KrullsHeightTheorem,1,5
Mathlib.RingTheory.IdealFilter.Basic,0,1
Mathlib.RingTheory.IdealFilter.Basic,70,2
Mathlib.RingTheory.IdealFilter.Basic,71,1
Mathlib.RingTheory.IdealFilter.Topology,0,1
Mathlib.Topology.Algebra.ClopenNhdofOne,1,2
Mathlib.RingTheory.Kaehler.TensorProduct,0,2
Mathlib.RingTheory.Kaehler.TensorProduct,1,2
Mathlib.RingTheory.KrullDimension.Field,0,2
Mathlib.RingTheory.KrullDimension.LocalRing,0,1
Mathlib.RingTheory.KrullDimension.LocalRing,1,1
Mathlib.RingTheory.KrullDimension.NonZeroDivisors,0,1
Mathlib.RingTheory.KrullDimension.NonZeroDivisors,1,4
Mathlib.RingTheory.KrullDimension.Module,0,1
Mathlib.RingTheory.KrullDimension.PID,1,3
Mathlib.RingTheory.KrullDimension.Polynomial,1,3
Mathlib.RingTheory.KrullDimension.Polynomial,2,1
Mathlib.RingTheory.Regular.IsSMulRegular,0,2
Mathlib.RingTheory.Spectrum.Prime.LTSeries,1,1
Mathlib.RingTheory.KrullDimension.Regular,1,14
Mathlib.RingTheory.LaurentSeries,0,20
Mathlib.RingTheory.LaurentSeries,1,19
Mathlib.RingTheory.LaurentSeries,9000,1
Mathlib.RingTheory.Length,0,6
Mathlib.RingTheory.Length,1,2
Mathlib.RingTheory.LocalRing.NonLocalRing,1,1
Mathlib.RingTheory.Localization.Pi,0,2
Mathlib.RingTheory.Morita.Basic,0,1
Mathlib.RingTheory.Morita.Basic,1,1
Mathlib.RingTheory.Morita.Matrix,1,6
Mathlib.RingTheory.MvPolynomial.EulerIdentity,1,1
Mathlib.RingTheory.MvPolynomial.Ideal,0,10
Mathlib.RingTheory.MvPolynomial.Ideal,1,10
Mathlib.RingTheory.MvPolynomial.IrreducibleQuadratic,0,1
Mathlib.RingTheory.MvPolynomial.IrreducibleQuadratic,1,3
Mathlib.RingTheory.MvPolynomial.Symmetric.FundamentalTheorem,0,7
Mathlib.RingTheory.MvPolynomial.Symmetric.FundamentalTheorem,1,25
Mathlib.RingTheory.MvPolynomial.Symmetric.NewtonIdentities,0,6
Mathlib.RingTheory.MvPolynomial.Symmetric.NewtonIdentities,1,7
Mathlib.RingTheory.MvPowerSeries.Expand,0,31
Mathlib.RingTheory.MvPowerSeries.Expand,1,2
Mathlib.RingTheory.NoetherNormalization,0,4
Mathlib.RingTheory.NoetherNormalization,1,50
Mathlib.RingTheory.NoetherNormalization,2,1
Mathlib.RingTheory.NormTrace,1,2
Mathlib.RingTheory.NormTrace,2,1
Mathlib.RingTheory.OrderOfVanishing,0,4
Mathlib.RingTheory.OrderOfVanishing,1,7
Mathlib.RingTheory.Perfection,0,62
Mathlib.RingTheory.Perfection,1,44
Mathlib.RingTheory.Perfectoid.Untilt,0,5
Mathlib.RingTheory.Perfectoid.Untilt,1,4
Mathlib.RingTheory.WittVector.WittPolynomial,0,7
Mathlib.RingTheory.WittVector.WittPolynomial,1,108
Mathlib.RingTheory.WittVector.WittPolynomial,1024,2
Mathlib.RingTheory.WittVector.StructurePolynomial,0,6
Mathlib.RingTheory.WittVector.StructurePolynomial,1,4
Mathlib.RingTheory.WittVector.StructurePolynomial,1024,2
Mathlib.RingTheory.WittVector.Defs,0,84
Mathlib.RingTheory.WittVector.Defs,1,177
Mathlib.RingTheory.WittVector.Defs,2,202
Mathlib.RingTheory.WittVector.Basic,0,11
Mathlib.RingTheory.WittVector.Basic,1,27
Mathlib.RingTheory.WittVector.Basic,1022,1
Mathlib.RingTheory.WittVector.Basic,1024,1
Mathlib.RingTheory.WittVector.IsPoly,0,17
Mathlib.RingTheory.WittVector.IsPoly,1,12
Mathlib.RingTheory.WittVector.IsPoly,2,24
Mathlib.RingTheory.WittVector.IsPoly,1022,2
Mathlib.RingTheory.WittVector.IsPoly,1024,1
Mathlib.RingTheory.WittVector.Frobenius,1,34
Mathlib.RingTheory.WittVector.Verschiebung,0,28
Mathlib.RingTheory.WittVector.Verschiebung,1,9
Mathlib.RingTheory.WittVector.MulP,0,49
Mathlib.RingTheory.WittVector.Identities,0,12
Mathlib.RingTheory.WittVector.Identities,1,7
Mathlib.RingTheory.WittVector.Domain,0,5
Mathlib.RingTheory.WittVector.Domain,1,1
Mathlib.RingTheory.WittVector.InitTail,0,7
Mathlib.RingTheory.WittVector.InitTail,1022,1
Mathlib.RingTheory.WittVector.Truncated,0,8
Mathlib.RingTheory.WittVector.Truncated,1,29
Mathlib.RingTheory.WittVector.Truncated,1024,1
Mathlib.RingTheory.WittVector.Teichmuller,0,11
Mathlib.RingTheory.WittVector.Complete,0,6
Mathlib.RingTheory.WittVector.TeichmullerSeries,0,2
Mathlib.RingTheory.WittVector.TeichmullerSeries,1,1
Mathlib.RingTheory.Perfectoid.FontaineTheta,0,64
Mathlib.RingTheory.Perfectoid.FontaineTheta,1,424
Mathlib.RingTheory.UniqueFactorizationDomain.ClassGroup,0,1
Mathlib.RingTheory.PicardGroup,1,22
Mathlib.RingTheory.Polynomial.Dickson,0,6
Mathlib.RingTheory.Polynomial.Dickson,1,39
Mathlib.RingTheory.Polynomial.Dickson,2,18
Mathlib.RingTheory.Polynomial.Dickson,3,5
Mathlib.RingTheory.Polynomial.Eisenstein.Distinguished,0,2
Mathlib.RingTheory.Polynomial.Hermite.Basic,0,9
Mathlib.RingTheory.Polynomial.Hermite.Basic,1,19
Mathlib.RingTheory.Polynomial.Hermite.Basic,2,7
Mathlib.RingTheory.Polynomial.Hermite.Gaussian,1,3
Mathlib.RingTheory.Polynomial.Hermite.Gaussian,2,12
Mathlib.RingTheory.Polynomial.HilbertPoly,0,12
Mathlib.RingTheory.Polynomial.HilbertPoly,1,13
Mathlib.RingTheory.Polynomial.Morse,1,3
Mathlib.RingTheory.Polynomial.Selmer,0,1
Mathlib.RingTheory.Polynomial.Selmer,1,5
Mathlib.RingTheory.Polynomial.Selmer,2,1
Mathlib.RingTheory.Polynomial.ShiftedLegendre,1,10
Mathlib.RingTheory.Polynomial.SmallDegreeVieta,0,5
Mathlib.RingTheory.Polynomial.SmallDegreeVieta,1,1
Mathlib.RingTheory.Polynomial.SmallDegreeVieta,2,11
Mathlib.RingTheory.TensorProduct.DirectLimitFG,0,4
Mathlib.RingTheory.PolynomialLaw.Basic,0,12
Mathlib.RingTheory.PolynomialLaw.Basic,1,10
Mathlib.RingTheory.PolynomialLaw.Basic,25,2
Mathlib.RingTheory.PowerSeries.Catalan,1,2
Mathlib.RingTheory.PowerSeries.Catalan,2,1
Mathlib.RingTheory.PowerSeries.Expand,0,27
Mathlib.RingTheory.PowerSeries.Expand,1,2
Mathlib.RingTheory.PowerSeries.Ideal,1,2
Mathlib.RingTheory.PowerSeries.Restricted,0,4
Mathlib.RingTheory.PowerSeries.Restricted,1,1
Mathlib.RingTheory.PowerSeries.Schroder,0,2
Mathlib.RingTheory.PowerSeries.Schroder,1,4
Mathlib.RingTheory.PowerSeries.Schroder,2,2
Mathlib.RingTheory.PowerSeries.WeierstrassPreparation,0,97
Mathlib.RingTheory.PowerSeries.WeierstrassPreparation,1,2
Mathlib.RingTheory.PowerSeries.WeierstrassPreparation,70,4
Mathlib.RingTheory.PowerSeries.WeierstrassPreparation,71,2
Mathlib.RingTheory.RingInvo,0,3
Mathlib.RingTheory.RingInvo,1,1
Mathlib.RingTheory.SimpleModule.Rank,1,1
Mathlib.RingTheory.Spectrum.Prime.Homeomorph,0,1
Mathlib.RingTheory.TensorProduct.MonoidAlgebra,1,2
Mathlib.RingTheory.UniqueFactorizationDomain.Finsupp,0,7
Mathlib.RingTheory.UniqueFactorizationDomain.Finsupp,1,1
Mathlib.RingTheory.UniqueFactorizationDomain.Moebius,0,5
Mathlib.RingTheory.UniqueFactorizationDomain.Moebius,1,7
Mathlib.RingTheory.Valuation.Extension,1,8
Mathlib.RingTheory.Valuation.FiniteField,0,1
Mathlib.RingTheory.Valuation.FiniteField,1,2
Mathlib.RingTheory.Valuation.Minpoly,0,3
Mathlib.RingTheory.Valuation.Quotient,0,2
Mathlib.RingTheory.Valuation.ValuativeRel.Trivial,0,23
Mathlib.RingTheory.Valuation.ValuativeRel.Trivial,1,5
Mathlib.RingTheory.WittVector.Compare,0,1
Mathlib.RingTheory.WittVector.MulCoeff,0,31
Mathlib.RingTheory.WittVector.MulCoeff,1,145
Mathlib.RingTheory.WittVector.MulCoeff,2,1263
Mathlib.RingTheory.WittVector.DiscreteValuationRing,0,13
Mathlib.RingTheory.WittVector.DiscreteValuationRing,1,26
Mathlib.RingTheory.WittVector.FrobeniusFractionField,0,126
Mathlib.RingTheory.WittVector.FrobeniusFractionField,1,51
Mathlib.RingTheory.WittVector.Isocrystal,0,25
Mathlib.RingTheory.WittVector.Isocrystal,1,3
Mathlib.RingTheory.WittVector.Isocrystal,50,4
Mathlib.RingTheory.WittVector.Isocrystal,1024,3
Mathlib.RingTheory.ZMod.Torsion,1,2
Mathlib.SetTheory.PGame.Basic,0,27
Mathlib.SetTheory.PGame.Basic,1,8
Mathlib.SetTheory.PGame.Basic,50,5
Mathlib.SetTheory.PGame.Basic,51,7
Mathlib.SetTheory.PGame.Basic,1022,2
Mathlib.SetTheory.PGame.Basic,1024,1
Mathlib.SetTheory.PGame.Order,0,29
Mathlib.SetTheory.PGame.Order,50,4
Mathlib.SetTheory.PGame.Order,51,2
Mathlib.SetTheory.PGame.Algebra,0,174
Mathlib.SetTheory.PGame.Algebra,1,4
Mathlib.SetTheory.Game.Basic,0,1241
Mathlib.SetTheory.Game.Basic,1,98
Mathlib.SetTheory.Game.Basic,2,12
Mathlib.SetTheory.Game.Basic,3,12
Mathlib.SetTheory.Game.Basic,4,11
Mathlib.SetTheory.Ordinal.NaturalOps,0,20
Mathlib.SetTheory.Ordinal.NaturalOps,1,19
Mathlib.SetTheory.Ordinal.NaturalOps,65,2
Mathlib.SetTheory.Ordinal.NaturalOps,66,1
Mathlib.SetTheory.Ordinal.NaturalOps,70,2
Mathlib.SetTheory.Ordinal.NaturalOps,71,1
Mathlib.SetTheory.Game.Ordinal,0,20
Mathlib.SetTheory.Game.Ordinal,1,92
Mathlib.SetTheory.Game.Birthday,0,7
Mathlib.SetTheory.Game.Birthday,1,6
Mathlib.SetTheory.Game.Short,0,23
Mathlib.SetTheory.Game.Short,1,15
Mathlib.SetTheory.Game.State,0,88
Mathlib.SetTheory.Game.State,1,113
Mathlib.SetTheory.Game.Domineering,0,24
Mathlib.SetTheory.Game.Domineering,1,21
Mathlib.SetTheory.Game.Domineering,2,12
Mathlib.SetTheory.Game.Impartial,0,33
Mathlib.SetTheory.Nimber.Basic,0,22
Mathlib.SetTheory.Nimber.Basic,1,12
Mathlib.SetTheory.Nimber.Basic,75,2
Mathlib.SetTheory.Game.Nim,0,37
Mathlib.SetTheory.Game.Nim,1,276
Mathlib.SetTheory.Lists,0,13
Mathlib.SetTheory.Lists,1,20
Mathlib.SetTheory.Lists,2,11
Mathlib.SetTheory.Nimber.Field,0,16
Mathlib.SetTheory.Nimber.Field,1,7
Mathlib.SetTheory.Nimber.Field,2,1
Mathlib.SetTheory.Ordinal.CantorNormalForm,0,78
Mathlib.SetTheory.Ordinal.CantorNormalForm,1,8
Mathlib.SetTheory.Ordinal.FixedPointApproximants,1,2
Mathlib.SetTheory.Ordinal.Notation,0,175
Mathlib.SetTheory.Ordinal.Notation,1,47
Mathlib.SetTheory.Ordinal.Notation,2,5
Mathlib.SetTheory.Ordinal.Notation,1024,2
Mathlib.SetTheory.Ordinal.Notation,2048,1
Mathlib.SetTheory.Ordinal.Topology,0,8
Mathlib.SetTheory.Ordinal.Veblen,0,105
Mathlib.SetTheory.Ordinal.Veblen,1,3
Mathlib.SetTheory.Ordinal.Veblen,1024,4
Mathlib.SetTheory.Surreal.Basic,0,13
Mathlib.SetTheory.Surreal.Basic,1,4
Mathlib.SetTheory.Surreal.Multiplication,0,11
Mathlib.SetTheory.Surreal.Multiplication,1,11
Mathlib.SetTheory.Surreal.Dyadic,0,13
Mathlib.SetTheory.Surreal.Dyadic,1,22
Mathlib.SetTheory.Surreal.Dyadic,2,83
Mathlib.SetTheory.ZFC.PSet,0,4
Mathlib.SetTheory.ZFC.PSet,1,1
Mathlib.SetTheory.ZFC.PSet,110,2
Mathlib.SetTheory.ZFC.Basic,0,26
Mathlib.SetTheory.ZFC.Basic,1,18
Mathlib.SetTheory.ZFC.Basic,2,20
Mathlib.SetTheory.ZFC.Basic,60,1
Mathlib.SetTheory.ZFC.Basic,110,4
Mathlib.SetTheory.ZFC.Basic,1022,1
Mathlib.SetTheory.ZFC.Cardinal,0,1
Mathlib.SetTheory.ZFC.Cardinal,1,3
Mathlib.SetTheory.ZFC.Cardinal,2,2
Mathlib.SetTheory.ZFC.Rank,0,2
Mathlib.SetTheory.ZFC.Ordinal,0,1
Mathlib.SetTheory.ZFC.Class,0,1
Mathlib.SetTheory.ZFC.Class,1,2
Mathlib.SetTheory.ZFC.Class,100,2
Mathlib.SetTheory.ZFC.Class,101,1
Mathlib.SetTheory.ZFC.Class,110,4
Mathlib.SetTheory.ZFC.VonNeumann,0,1
Mathlib.SetTheory.ZFC.VonNeumann,1024,1
Mathlib.Tactic.Cases,0,4
Mathlib.Tactic.Cases,1,1
Mathlib.Tactic.Cases,1022,2
Mathlib.Tactic.CategoryTheory.CheckCompositions,7,2
Mathlib.Tactic.CategoryTheory.CheckCompositions,1024,1
Mathlib.Tactic.Change,0,1
Mathlib.Tactic.Change,1022,1
Mathlib.Tactic.Clean,0,3
Mathlib.Tactic.Clean,1,1
Mathlib.Tactic.Clean,1022,2
Mathlib.Tactic.ComputeAsymptotics.Lemmas,0,2
Mathlib.Tactic.ComputeAsymptotics.Multiseries.Basis,0,14
Mathlib.Tactic.ComputeAsymptotics.Multiseries.Basis,1,15
Mathlib.Tactic.ComputeAsymptotics.Multiseries.Basis,2,11
Mathlib.Tactic.ComputeAsymptotics.Multiseries.Corecursion,1,8
Mathlib.Tactic.ComputeAsymptotics.Multiseries.Corecursion,2,4
Mathlib.Tactic.ComputeAsymptotics.Multiseries.Majorized,0,5
Mathlib.Tactic.ComputeAsymptotics.Multiseries.Majorized,1,1
Mathlib.Tactic.DeriveCountable,0,4
Mathlib.Tactic.DeriveCountable,1,4
Mathlib.Tactic.DeriveCountable,2,1
Mathlib.Tactic.DeriveEncodable,0,3
Mathlib.Tactic.DeriveTraversable,0,42
Mathlib.Tactic.DeriveTraversable,1,1
Mathlib.Tactic.DeriveTraversable,2,5
Mathlib.Tactic.DeriveTraversable,4,1
Mathlib.Tactic.DeriveTraversable,6,2
Mathlib.Tactic.DeriveTraversable,52,1
Mathlib.Tactic.DeriveTraversable,115,1
Mathlib.Tactic.DeriveTraversable,1000,4
Mathlib.Tactic.Eval,0,2
Mathlib.Tactic.Eval,1,1
Mathlib.Tactic.Eval,1022,1
Mathlib.Tactic.Explode.Datatypes,0,10
Mathlib.Tactic.Explode.Datatypes,1,15
Mathlib.Tactic.Explode.Datatypes,2,8
Mathlib.Tactic.Explode.Datatypes,3,8
Mathlib.Tactic.Explode.Datatypes,4,7
Mathlib.Tactic.Explode.Pretty,0,1
Mathlib.Tactic.Explode.Pretty,32,1
Mathlib.Tactic.Explode,0,2
Mathlib.Tactic.Explode,1022,1
Mathlib.Tactic.FindSyntax,1022,1
Mathlib.Tactic.Generalize,51,1
Mathlib.Tactic.Generalize,1022,1
Mathlib.Tactic.Have,0,5
Mathlib.Tactic.Have,1022,3
Mathlib.Tactic.Have,1024,3
Mathlib.Tactic.ITauto,0,38
Mathlib.Tactic.ITauto,1,63
Mathlib.Tactic.ITauto,2,31
Mathlib.Tactic.ITauto,3,24
Mathlib.Tactic.ITauto,4,24
Mathlib.Tactic.ITauto,5,23
Mathlib.Tactic.ITauto,6,12
Mathlib.Tactic.ITauto,7,12
Mathlib.Tactic.ITauto,8,12
Mathlib.Tactic.ITauto,9,12
Mathlib.Tactic.ITauto,10,12
Mathlib.Tactic.ITauto,11,12
Mathlib.Tactic.ITauto,12,12
Mathlib.Tactic.ITauto,13,12
Mathlib.Tactic.ITauto,14,12
Mathlib.Tactic.ITauto,15,12
Mathlib.Tactic.ITauto,16,12
Mathlib.Tactic.ITauto,17,12
Mathlib.Tactic.ITauto,18,11
Mathlib.Tactic.ITauto,1022,2
Mathlib.Tactic.Linarith.Oracle.FourierMotzkin,0,20
Mathlib.Tactic.Linarith.Oracle.FourierMotzkin,1,22
Mathlib.Tactic.Linarith.Oracle.FourierMotzkin,2,11
Mathlib.Tactic.LinearCombination',0,13
Mathlib.Tactic.LinearCombination',1,11
Mathlib.Tactic.LinearCombination',14,8
Mathlib.Tactic.LinearCombination',18,2
Mathlib.Tactic.LinearCombination',1022,2
Mathlib.Tactic.LinearCombination',2936907408,10
Mathlib.Tactic.Linter.FindDeprecations,0,2
Mathlib.Tactic.Linter.FindDeprecations,1,1
Mathlib.Tactic.Linter.FindDeprecations,1022,1
Lake.Util.Casing,45,23
Lake.Util.Casing,95,23
Mathlib.Tactic.Linter.TextBased.UnicodeLinter,16,1
Mathlib.Tactic.Linter.TextBased.UnicodeLinter,160,1
Mathlib.Tactic.Linter.TextBased,0,19
Mathlib.Tactic.Linter.TextBased,1,23
Mathlib.Tactic.Linter.TextBased,2,7
Mathlib.Tactic.Linter.TextBased,9,10
Mathlib.Tactic.Linter.TextBased,10,10
Mathlib.Tactic.Linter.TextBased,32,10
Mathlib.Tactic.Linter.TextBased,33,10
Mathlib.Tactic.Linter.TextBased,34,1
Mathlib.Tactic.Linter.TextBased,42,1
Mathlib.Tactic.Linter.TextBased,46,10
Mathlib.Tactic.Linter.TextBased,47,1
Mathlib.Tactic.Linter.TextBased,60,1
Mathlib.Tactic.Linter.TextBased,62,1
Mathlib.Tactic.Linter.TextBased,63,1
Mathlib.Tactic.Linter.TextBased,92,1
Mathlib.Tactic.Linter.TextBased,124,1
Mathlib.Tactic.Linter.ValidatePRTitle,58,10
Mathlib.Tactic.ModCases,0,20
Mathlib.Tactic.ModCases,1,14
Mathlib.Tactic.ModCases,71,1
Mathlib.Tactic.ModCases,1022,1
Mathlib.Tactic.NormNum.BigOperators,0,157
Mathlib.Tactic.NormNum.BigOperators,1,47
Mathlib.Tactic.NormNum.Irrational,0,55
Mathlib.Tactic.NormNum.Irrational,1,96
Mathlib.Tactic.NormNum.Irrational,2,28
Mathlib.Tactic.NormNum.IsCoprime,1,9
Mathlib.Tactic.NormNum.IsSquare,0,132
Mathlib.Tactic.NormNum.IsSquare,1,4
Mathlib.Tactic.NormNum.IsSquare,2,3
Mathlib.Tactic.NormNum.LegendreSymbol,0,52
Mathlib.Tactic.NormNum.LegendreSymbol,1,40
Mathlib.Tactic.NormNum.LegendreSymbol,2,37
Mathlib.Tactic.NormNum.LegendreSymbol,3,5
Mathlib.Tactic.NormNum.LegendreSymbol,4,10
Mathlib.Tactic.NormNum.LegendreSymbol,5,1
Mathlib.Tactic.NormNum.LegendreSymbol,7,1
Mathlib.Tactic.NormNum.LegendreSymbol,8,4
Mathlib.Tactic.NormNum.ModEq,0,20
Mathlib.Tactic.NormNum.NatLog,0,20
Mathlib.Tactic.NormNum.NatLog,1,25
Mathlib.Tactic.NormNum.NatSqrt,0,3
Mathlib.Tactic.NormNum.NatSqrt,1,3
Mathlib.Tactic.NormNum.NatSqrt,2,3
Mathlib.Tactic.NormNum.Parity,0,56
Mathlib.Tactic.NormNum.Parity,1,12
Mathlib.Tactic.NormNum.Parity,2,24
Mathlib.Tactic.NormNum.PowMod,0,17
Mathlib.Tactic.NormNum.PowMod,1,18
Mathlib.Tactic.NormNum.PowMod,2,2
Mathlib.Tactic.NormNum.RealSqrt,0,74
Mathlib.Tactic.PNatToNat,1,2
Mathlib.Tactic.PNatToNat,1024,2
Mathlib.Tactic.Polyrith,0,1
Mathlib.Tactic.Polyrith,1022,1
Mathlib.Tactic.ProdAssoc,0,10
Mathlib.Tactic.ProdAssoc,1,12
Mathlib.Tactic.ProdAssoc,2,2
Mathlib.Tactic.ProdAssoc,1024,8
Mathlib.Tactic.Recall,1022,1
Mathlib.Tactic.ReduceModChar,0,11
Mathlib.Tactic.ReduceModChar,1,25
Mathlib.Tactic.ReduceModChar,2,1
Mathlib.Tactic.ReduceModChar,1022,2
Mathlib.Tactic.Replace,1022,1
Mathlib.Tactic.RewriteSearch,1022,1
Mathlib.Tactic.Sat.FromLRAT,0,65
Mathlib.Tactic.Sat.FromLRAT,1,44
Mathlib.Tactic.Sat.FromLRAT,2,12
Mathlib.Tactic.Sat.FromLRAT,11,1
Mathlib.Tactic.Sat.FromLRAT,45,2
Mathlib.Tactic.Sat.FromLRAT,100,2
Mathlib.Tactic.Sat.FromLRAT,499,1
Mathlib.Tactic.Sat.FromLRAT,1022,2
Mathlib.Tactic.Sat.FromLRAT,1024,4
Mathlib.Tactic.Simproc.Divisors,1,4
Mathlib.Tactic.Simproc.Factors,0,13
Mathlib.Tactic.Simproc.Factors,1,28
Mathlib.Tactic.Simproc.Factors,2,22
Mathlib.Tactic.Simproc.FinsetInterval,0,40
Mathlib.Tactic.Simproc.FinsetInterval,1,266
ProofWidgets.Component.PenroseDiagram,0,2
ProofWidgets.Component.PenroseDiagram,1,2
ProofWidgets.Component.PenroseDiagram,500,1
ProofWidgets.Presentation.Expr,0,6
ProofWidgets.Presentation.Expr,1,6
Mathlib.Tactic.Widget.CommDiag,7,2
Mathlib.Tactic.Widget.CommDiag,500,1
Mathlib.Tactic.Widget.GCongr,0,12
Mathlib.Tactic.Widget.GCongr,1,1
Mathlib.Tactic.Widget.GCongr,2,3
Mathlib.Tactic.Widget.GCongr,3,1
Mathlib.Tactic.Widget.GCongr,31,1
Mathlib.Tactic.Widget.GCongr,1024,1
ProofWidgets.Component.Panel.Basic,0,3
ProofWidgets.Component.Panel.Basic,1,2
ProofWidgets.Component.Panel.Basic,2,1
ProofWidgets.Component.Panel.Basic,3,1
ProofWidgets.Component.Panel.Basic,4,1
ProofWidgets.Component.Panel.Basic,1022,1
ProofWidgets.Component.HtmlDisplay,0,4
ProofWidgets.Component.HtmlDisplay,1,2
ProofWidgets.Component.HtmlDisplay,1022,1
Mathlib.Tactic.Widget.StringDiagram,0,28
Mathlib.Tactic.Widget.StringDiagram,1,30
Mathlib.Tactic.Widget.StringDiagram,2,7
Mathlib.Tactic.Widget.StringDiagram,38,1
Mathlib.Tactic.Widget.StringDiagram,410,1
Mathlib.Tactic.Widget.StringDiagram,500,1
Mathlib.Tactic.Widget.StringDiagram,1022,1
Mathlib.Tactic.WithoutCDot,0,7
Mathlib.Tactic.WithoutCDot,1,6
Mathlib.Tactic.WithoutCDot,2,5
Mathlib.Tactic.WithoutCDot,3,5
Mathlib.Tactic.WithoutCDot,1024,6
Mathlib.Testing.Plausible.Functions,0,19
Mathlib.Testing.Plausible.Functions,1,1
Mathlib.Testing.Plausible.Functions,2,10
Mathlib.Testing.Plausible.Sampleable,0,4
Mathlib.Topology.Algebra.Group.CompactOpen,0,5
Mathlib.Topology.Algebra.Group.CompactOpen,1,7
Mathlib.Topology.Algebra.Group.OpenMapping,0,1
Mathlib.Topology.Algebra.Group.OpenMapping,1,1
Mathlib.Topology.Algebra.Group.SubmonoidClosure,0,1
Mathlib.Topology.Algebra.Group.SubmonoidClosure,1,1
Mathlib.Topology.Algebra.PontryaginDual,1,2
Mathlib.Topology.Algebra.Valued.WithZeroMulInt,0,2
Mathlib.Topology.Algebra.Valued.WithZeroMulInt,1,3
Mathlib.Topology.Baire.BaireMeasurable,0,3
Mathlib.Topology.Baire.BaireMeasurable,50,2
Mathlib.Topology.Baire.BaireMeasurable,1022,2
Mathlib.Topology.Category.TopCat.Sphere,0,280
Mathlib.Topology.Category.TopCat.Sphere,1,281
Mathlib.Topology.Category.TopCat.Sphere,2,332
Mathlib.Topology.Category.TopCat.Sphere,1023,8
Mathlib.Topology.CWComplex.Classical.Basic,0,254
Mathlib.Topology.CWComplex.Classical.Basic,1,253
Mathlib.Topology.CWComplex.Classical.Finite,0,154
Mathlib.Topology.CWComplex.Classical.Finite,1,154
Mathlib.Topology.CWComplex.Classical.Subcomplex,0,1
Mathlib.Topology.CWComplex.Classical.Subcomplex,1,1
Mathlib.Topology.Category.Born,0,1
Mathlib.Topology.Category.Born,1,1
Mathlib.Topology.Category.DeltaGenerated,0,1
Mathlib.Topology.Category.DeltaGenerated,1,1
Mathlib.Topology.Category.Profinite.Nobeling.Basic,0,2
Mathlib.Topology.Category.Profinite.Nobeling.Basic,1,2
Mathlib.Topology.Category.Profinite.Nobeling.Span,0,4
Mathlib.Topology.Category.Profinite.Nobeling.Span,1,7
Mathlib.Topology.Category.Profinite.Nobeling.Successor,0,2
Mathlib.Topology.Category.Profinite.Nobeling.Induction,0,1
Mathlib.Topology.Category.UniformSpace,0,3
Mathlib.Topology.Category.UniformSpace,1,3
Mathlib.Topology.Compactification.OnePoint.Sphere,0,15
Mathlib.Topology.Compactification.OnePoint.Sphere,1,20
Mathlib.Topology.Compactification.OnePoint.Sphere,2,457
Mathlib.Topology.Connected.PathComponentOne,0,1
Mathlib.Topology.Connected.PathComponentOne,1,1
Mathlib.Topology.ContinuousMap.BoundedCompactlySupported,0,3
Mathlib.Topology.ContinuousMap.BoundedCompactlySupported,1024,1
Mathlib.Topology.EMetricSpace.PairReduction,0,12
Mathlib.Topology.EMetricSpace.PairReduction,1,54
Mathlib.Topology.EMetricSpace.PairReduction,2,2
Mathlib.Topology.Hom.Open,0,1
Mathlib.Topology.Hom.Open,1,1
Mathlib.Topology.Hom.Open,25,2
Mathlib.Topology.Hom.Open,26,1
Mathlib.Topology.Homotopy.HSpaces,0,36
Mathlib.Topology.Homotopy.HSpaces,1,39
Mathlib.Topology.Homotopy.HSpaces,2,5
Mathlib.Topology.Homotopy.HSpaces,1022,1
Mathlib.Topology.Homotopy.HomotopyGroup,0,19
Mathlib.Topology.Homotopy.HomotopyGroup,1,25
Mathlib.Topology.Homotopy.HomotopyGroup,2,8
Mathlib.Topology.Homotopy.HomotopyGroup,1022,1
Mathlib.Topology.Homotopy.HomotopyGroup,1024,3
Mathlib.Topology.Homotopy.Lifting,0,65
Mathlib.Topology.Homotopy.Lifting,1,31
Mathlib.Topology.Instances.CantorSet,0,33
Mathlib.Topology.Instances.CantorSet,1,32
Mathlib.Topology.Instances.CantorSet,2,11
Mathlib.Topology.Instances.CantorSet,3,69
Mathlib.Topology.Instances.CantorSet,4,4
Mathlib.Topology.Instances.PNat,0,2
Mathlib.Topology.List,1,33
Mathlib.Topology.MetricSpace.BundledFun,0,28
Mathlib.Topology.MetricSpace.BundledFun,1,1
Mathlib.Topology.MetricSpace.Closeds,1,9
Mathlib.Topology.MetricSpace.Closeds,2,1
Mathlib.Topology.MetricSpace.Cover,0,5
Mathlib.Topology.MetricSpace.CoveringNumbers,0,12
Mathlib.Topology.MetricSpace.CoveringNumbers,1,7
Mathlib.Topology.MetricSpace.CoveringNumbers,2,3
Mathlib.Topology.MetricSpace.GromovHausdorffRealized,0,3
Mathlib.Topology.MetricSpace.GromovHausdorffRealized,1,1
Mathlib.Topology.MetricSpace.Kuratowski,0,2
Mathlib.Topology.MetricSpace.GromovHausdorff,0,5
Mathlib.Topology.MetricSpace.GromovHausdorff,1,36
Mathlib.Topology.MetricSpace.GromovHausdorff,2,1
Mathlib.Topology.MetricSpace.HausdorffAlexandroff,2,22
Mathlib.Topology.MetricSpace.HausdorffDimension,0,24
Mathlib.Topology.MetricSpace.HausdorffDimension,1,6
Mathlib.Topology.MetricSpace.HolderNorm,0,11
Mathlib.Topology.MetricSpace.Infsep,0,28
Mathlib.Topology.MetricSpace.ShrinkingLemma,0,8
Mathlib.Topology.MetricSpace.Snowflaking,0,140
Mathlib.Topology.MetricSpace.Snowflaking,1,133
Mathlib.Topology.Order.Category.AlexDisc,0,1
Mathlib.Topology.Order.Category.AlexDisc,1,1
Mathlib.Topology.Order.Hom.Basic,0,1
Mathlib.Topology.Order.Hom.Basic,1,1
Mathlib.Topology.Order.Hom.Basic,25,2
Mathlib.Topology.Order.Hom.Basic,26,1
Mathlib.Topology.Order.Hom.Esakia,0,2
Mathlib.Topology.Order.Hom.Esakia,1,2
Mathlib.Topology.Separation.NotNormal,2,4
Mathlib.Topology.Sets.Order,0,1
Mathlib.Topology.Sets.Order,1,1
Mathlib.Topology.Subpath,0,121
Mathlib.Topology.Subpath,1,272
Mathlib.Topology.Subpath,2,35
Mathlib.Topology.Subpath,3,1
Mathlib.Topology.UniformSpace.AbsoluteValue,0,1
Mathlib.Util.AliasIn,1022,1
Mathlib.Util.AssertNoSorry,1022,1
Mathlib.Util.Export,0,17
Mathlib.Util.Export,1,19
Mathlib.Util.Export,2,12
Mathlib.Util.Export,3,11
Mathlib.Util.Export,17,1
Mathlib.Util.Export,104,1
Mathlib.Util.FormatTable,0,10
Mathlib.Util.FormatTable,1,14
Mathlib.Util.FormatTable,2,9
Mathlib.Util.FormatTable,32,5
Mathlib.Util.FormatTable,45,3
Mathlib.Util.GetAllModules,0,3
Mathlib.Util.GetAllModules,1,1
Mathlib.Util.GetAllModules,10,2
Mathlib.Util.LongNames,1022,2
Mathlib.Util.SleepHeartbeats,1022,1
RequestProject.Monster,1,2
RequestProject.Monster,2,3
RequestProject.Monster,3,3
RequestProject.Monster,5,2
RequestProject.Monster,6,1
RequestProject.Monster,7,2
RequestProject.Monster,9,1
RequestProject.Monster,11,2
RequestProject.Monster,13,2
RequestProject.Monster,17,2
RequestProject.Monster,19,2
RequestProject.Monster,20,1
RequestProject.Monster,23,2
RequestProject.Monster,29,2
RequestProject.Monster,31,2
RequestProject.Monster,41,2
RequestProject.Monster,46,1
RequestProject.Monster,47,3
RequestProject.Monster,59,3
RequestProject.Monster,71,3
RequestProject.Monster,194,1
RequestProject.Monster,196883,1
RequestProject.Monster,21296876,1
RequestProject.Monster,842609326,1
RequestProject.Monster,18538750076,1
RequestProject.Monster,19360062527,1
RequestProject.Monster,293553734298,1
RequestProject.Monster,3879214937598,1
RequestProject.Monster,36173193327999,1
RequestProject.Monster,125510727015275,1
RequestProject.Monster,190292345709543,1
RequestProject.Monster,222879856734249,1
RequestProject.Monster,1044868466775133,1
RequestProject.Monster,1109944460516150,1
RequestProject.Monster,2374124840062976,1
RequestProject.Monster,8980616927734375,2
RequestProject.Monster,15178147608537368,1
RequestProject.Monster,39660520552077425,1
RequestProject.Monster,60359800576579350,1
RequestProject.Monster,251098487132187500,1
RequestProject.Monster,290568421805921077,1
RequestProject.Monster,336041615485626050,1
RequestProject.Monster,2500435234254428856,1
RequestProject.Monster,2986480825407204125,1
RequestProject.Monster,3503434660075044981,2
RequestProject.Monster,3605718753596953125,1
RequestProject.Monster,8456836343580310400,1
RequestProject.Monster,8754193822112578125,1
RequestProject.Monster,28585990950721640625,1
RequestProject.Monster,30815545786259524745,1
RequestProject.Monster,31569817307122699605,1
RequestProject.Monster,47377503606648784400,1
RequestProject.Monster,49609712911192813665,1
RequestProject.Monster,77316619273928125000,1
RequestProject.Monster,130415350420342968750,1
RequestProject.Monster,155943076739182582850,1
RequestProject.Monster,172399434201593354756,2
RequestProject.Monster,286243267692724486144,2
RequestProject.Monster,379913824694312370176,1
RequestProject.Monster,640558364167263622626,2
RequestProject.Monster,643356925889917747200,1
RequestProject.Monster,691170144025469730622,2
RequestProject.Monster,776097192277137500000,1
RequestProject.Monster,918438233727730974720,1
RequestProject.Monster,1201241700908448332364,1
RequestProject.Monster,1353006807137391674268,1
RequestProject.Monster,1480279477146615234375,2
RequestProject.Monster,1768130802583126953125,2
RequestProject.Monster,2351753641814605348320,1
RequestProject.Monster,2382987417506242421875,1
RequestProject.Monster,4567199176912486400000,2
RequestProject.Monster,5578077210155766091776,1
RequestProject.Monster,6566555764392010419123,1
RequestProject.Monster,7226910362631220625000,1
RequestProject.Monster,10145274012943412428800,1
RequestProject.Monster,12810005542623250817856,1
RequestProject.Monster,19795913912408993711352,1
RequestProject.Monster,21803647757861753437500,1
RequestProject.Monster,24670833602960142274950,1
RequestProject.Monster,31714653744947491918600,1
RequestProject.Monster,41209556844092914062500,1
RequestProject.Monster,42940402913709544921875,2
RequestProject.Monster,60683762052057587326065,1
RequestProject.Monster,70660346341309333984375,2
RequestProject.Monster,86551489469233273849000,1
RequestProject.Monster,91068387388302451493925,1
RequestProject.Monster,114212876389603002704448,1
RequestProject.Monster,115192831837135016250000,1
RequestProject.Monster,146575737439884098045700,1
RequestProject.Monster,149614794149226010902528,2
RequestProject.Monster,161649111002260792968750,2
RequestProject.Monster,191259085113459945312500,2
RequestProject.Monster,218028402153522030021875,1
RequestProject.Monster,220326476909636307378168,1
RequestProject.Monster,260799524107083767968750,2
RequestProject.Monster,261575621299360905468750,1
RequestProject.Monster,277540481294528814140625,1
RequestProject.Monster,303379038247015811718750,1
RequestProject.Monster,331150814995116217581480,1
RequestProject.Monster,351532203382732066094400,1
RequestProject.Monster,391009081837477378329600,1
RequestProject.Monster,392611651975065600000000,1
RequestProject.Monster,433528694560598978525184,1
RequestProject.Monster,597787522207315571077947,2
RequestProject.Monster,600020772685064502392907,1
RequestProject.Monster,626877403613887304040448,2
RequestProject.Monster,655159231073705404921875,1
RequestProject.Monster,689763222744895005949242,2
RequestProject.Monster,689766726179555080994223,2
RequestProject.Monster,1037605886984697481755304,1
RequestProject.Monster,1361549126105752982272875,1
RequestProject.Monster,1599110387863558882812500,1
RequestProject.Monster,1662686180483865572016128,1
RequestProject.Monster,2181694185821505680397072,1
RequestProject.Monster,2216343020913351966796875,1
RequestProject.Monster,2477548750555298068681032,1
RequestProject.Monster,3282510540283631442175104,1
RequestProject.Monster,3537292796538741415074900,1
RequestProject.Monster,3619209050774375426792424,1
RequestProject.Monster,4004308274823270400000000,1
RequestProject.Monster,4239315652979009728125000,1
RequestProject.Monster,4926670174323484069683200,1
RequestProject.Monster,5334046162969208352215625,1
RequestProject.Monster,5514132424881463208443904,3
RequestProject.Monster,7118465328761788475375616,1
RequestProject.Monster,7375892500409609408203125,1
RequestProject.Monster,7567151576542452425781250,2
RequestProject.Monster,7850934959207940600000000,1
RequestProject.Monster,8394037047155083487634450,1
RequestProject.Monster,8874260875527017936065100,1
RequestProject.Monster,9416031858681585751556096,1
RequestProject.Monster,9479495745805305653125000,1
RequestProject.Monster,9592298143650890255171584,2
RequestProject.Monster,9592584386918582979657728,1
RequestProject.Monster,10023854998171489083984375,1
RequestProject.Monster,12650882100466187033706250,1
RequestProject.Monster,14930164283563048960000000,1
RequestProject.Monster,16109407269221032565630370,1
RequestProject.Monster,22626621365160537099927552,1
RequestProject.Monster,24546384719289825598186695,1
RequestProject.Monster,27501917609709102247187500,1
RequestProject.Monster,29734941419909382162874368,1
RequestProject.Monster,33684388830359981044531200,1
RequestProject.Monster,33722191327002668157047380,1
RequestProject.Monster,37310715211546624000000000,1
RequestProject.Monster,38471795739256565080575180,1
RequestProject.Monster,41738941151243953804687500,1
RequestProject.Monster,41762322738385820195625000,1
RequestProject.Monster,42001454087954515167503490,1
RequestProject.Monster,42601474860639579669896397,1
RequestProject.Monster,43527130990147981755651072,1
RequestProject.Monster,50572542024949598403750000,1
RequestProject.Monster,51324350389558097414062500,1
RequestProject.Monster,56356433273146675005489152,1
RequestProject.Monster,58437394633227526183321600,1
RequestProject.Monster,62038057486792249132974080,1
RequestProject.Monster,63750812845035828079008441,1
RequestProject.Monster,64326163427522624205703125,1
RequestProject.Monster,66550339514356152000000000,1
RequestProject.Monster,69084859008005036431224066,1
RequestProject.Monster,74612213529720383654779356,1
RequestProject.Monster,77423398454853064646282250,1
RequestProject.Monster,83974774459050335630859375,1
RequestProject.Monster,86206621680977834911875000,1
RequestProject.Monster,88943820620288343261672393,1
RequestProject.Monster,103354104243912727763091456,1
RequestProject.Monster,115165062362004433625000000,1
RequestProject.Monster,121170799240938738783416925,1
RequestProject.Monster,124058385593021471188320256,1
RequestProject.Monster,124982156072747647257292800,1
RequestProject.Monster,125517264890136048242396811,1
RequestProject.Monster,129572518017902934396764160,1
RequestProject.Monster,130287135266837289237316743,1
RequestProject.Monster,135226984222789977095703125,1
RequestProject.Monster,136107644194473772613203125,1
RequestProject.Monster,136574874874360806036041889,2
RequestProject.Monster,138988549876584520148320256,1
RequestProject.Monster,161561864971171113287540625,1
RequestProject.Monster,163216709667196367710937500,1
RequestProject.Monster,172248852397651745653437500,1
RequestProject.Monster,173865305251972140447265625,1
RequestProject.Monster,175867626988794162227008203,1
RequestProject.Monster,177966317773633111417870812,1
RequestProject.Monster,198203900044423845494482560,1
RequestProject.Monster,200390867219082687273984375,1
RequestProject.Monster,203314261261157852274218750,1
RequestProject.Monster,207467089840006711558593750,1
RequestProject.Monster,212490247553365721772656250,1
RequestProject.Monster,241866941438795926688759808,1
RequestProject.Monster,258823477531055064045234375,1
RequestProject.Shapes,0,850
RequestProject.Shapes,1,1455
RequestProject.Shapes,2,205
RequestProject.Shapes,3,125
RequestProject.Shapes,4,35
RequestProject.Shapes,5,34
RequestProject.Shapes,6,63
RequestProject.Shapes,7,27
RequestProject.Shapes,8,15
RequestProject.Shapes,9,34
RequestProject.Shapes,10,2
RequestProject.Shapes,11,1
RequestProject.Shapes,12,12
RequestProject.Shapes,13,3
RequestProject.Shapes,15,1
RequestProject.Shapes,16,2
RequestProject.Shapes,17,11
RequestProject.Shapes,18,16
RequestProject.Shapes,19,16
RequestProject.Shapes,20,3
RequestProject.Shapes,21,1
RequestProject.Shapes,24,1
RequestProject.Shapes,25,1
RequestProject.Shapes,28,1
RequestProject.Shapes,31,2
RequestProject.Shapes,32,2
RequestProject.Shapes,42,4
RequestProject.Shapes,43,3
RequestProject.Shapes,44,1
RequestProject.Shapes,46,3
RequestProject.Shapes,194,1
RequestProject.Bridge,0,1
RequestProject.Bridge,1,1
RequestProject.Bridge,2,1
RequestProject.Bridge,3,1
RequestProject.Bridge,4,1
RequestProject.Bridge,5,1
RequestProject.Bridge,6,1
RequestProject.Bridge,7,1
RequestProject.Bridge,8,1
RequestProject.Bridge,9,1
RequestProject.Bridge,10,1
RequestProject.Bridge,11,1
RequestProject.Bridge,12,1
RequestProject.Bridge,13,1
RequestProject.Bridge,14,1
RequestProject.Bridge,15,4
RequestProject.Bridge,16,1
RequestProject.Bridge,17,1
RequestProject.Bridge,18,1
RequestProject.Bridge,19,1
RequestProject.Bridge,20,1
RequestProject.Bridge,21,1
RequestProject.Bridge,22,1
RequestProject.Bridge,23,1
RequestProject.Bridge,24,1
RequestProject.Bridge,25,1
RequestProject.Bridge,26,1
RequestProject.Bridge,27,1
RequestProject.Bridge,28,1
RequestProject.Bridge,29,1
RequestProject.Bridge,30,1
RequestProject.Bridge,31,1
RequestProject.Bridge,32,1
RequestProject.Bridge,33,1
RequestProject.Bridge,34,1
RequestProject.Bridge,35,1
RequestProject.Bridge,36,1
RequestProject.Bridge,37,1
RequestProject.Bridge,38,1
RequestProject.Bridge,39,1
RequestProject.Bridge,40,1
RequestProject.Bridge,41,1
RequestProject.Bridge,42,1
RequestProject.Bridge,43,1
RequestProject.Bridge,44,1
RequestProject.Bridge,45,1
RequestProject.Bridge,46,1
RequestProject.Bridge,47,1
RequestProject.Bridge,48,1
RequestProject.Bridge,49,1
RequestProject.Bridge,50,1
RequestProject.Bridge,51,1
RequestProject.Bridge,52,1
RequestProject.Bridge,53,1
RequestProject.Bridge,54,1
RequestProject.Bridge,55,1
RequestProject.Bridge,56,1
RequestProject.Bridge,57,1
RequestProject.Bridge,58,1
RequestProject.Bridge,59,1
RequestProject.Bridge,60,1
RequestProject.Bridge,61,1
RequestProject.Bridge,62,1
RequestProject.Bridge,63,1
RequestProject.Bridge,64,1
RequestProject.Bridge,65,1
RequestProject.Bridge,66,1
RequestProject.Bridge,67,1
RequestProject.Bridge,68,1
RequestProject.Bridge,69,1
RequestProject.Bridge,70,1
RequestProject.Bridge,71,1
RequestProject.Bridge,72,1
RequestProject.Bridge,73,1
RequestProject.Bridge,74,1
RequestProject.Bridge,75,1
RequestProject.Bridge,76,1
RequestProject.Bridge,77,1
RequestProject.Bridge,78,1
RequestProject.Bridge,79,1
RequestProject.Bridge,80,1
RequestProject.Bridge,81,1
RequestProject.Bridge,82,1
RequestProject.Bridge,83,1
RequestProject.Bridge,84,1
RequestProject.Bridge,85,1
RequestProject.Bridge,86,1
RequestProject.Bridge,87,1
RequestProject.Bridge,88,1
RequestProject.Bridge,89,1
RequestProject.Bridge,90,1
RequestProject.Bridge,91,1
RequestProject.Bridge,92,1
RequestProject.Bridge,93,1
RequestProject.Bridge,94,1
RequestProject.Bridge,95,1
RequestProject.Bridge,96,1
RequestProject.Bridge,97,1
RequestProject.Bridge,98,1
RequestProject.Bridge,99,1
RequestProject.Bridge,100,1
RequestProject.Bridge,101,1
RequestProject.Bridge,102,1
RequestProject.Bridge,103,1
RequestProject.Bridge,104,1
RequestProject.Bridge,105,1
RequestProject.Bridge,106,1
RequestProject.Bridge,107,1
RequestProject.Bridge,108,1
RequestProject.Bridge,109,1
RequestProject.Bridge,110,1
RequestProject.Bridge,111,1
RequestProject.Bridge,112,1
RequestProject.Bridge,113,1
RequestProject.Bridge,114,1
RequestProject.Bridge,115,1
RequestProject.Bridge,116,1
RequestProject.Bridge,117,1
RequestProject.Bridge,118,1
RequestProject.Bridge,119,1
RequestProject.Bridge,120,1
RequestProject.Bridge,121,1
RequestProject.Bridge,122,1
RequestProject.Bridge,123,1
RequestProject.Bridge,124,1
RequestProject.Bridge,125,1
RequestProject.Bridge,126,1
RequestProject.Bridge,127,1
RequestProject.Bridge,128,1
RequestProject.Bridge,129,1
RequestProject.Bridge,130,1
RequestProject.Bridge,131,1
RequestProject.Bridge,132,1
RequestProject.Bridge,133,1
RequestProject.Bridge,134,1
RequestProject.Bridge,135,1
RequestProject.Bridge,136,1
RequestProject.Bridge,137,1
RequestProject.Bridge,138,1
RequestProject.Bridge,139,1
RequestProject.Bridge,140,1
RequestProject.Bridge,141,1
RequestProject.Bridge,142,1
RequestProject.Bridge,143,1
RequestProject.Bridge,144,1
RequestProject.Bridge,145,1
RequestProject.Bridge,146,1
RequestProject.Bridge,147,1
RequestProject.Bridge,148,1
RequestProject.Bridge,149,1
RequestProject.Bridge,150,1
RequestProject.Bridge,151,1
RequestProject.Bridge,152,1
RequestProject.Bridge,153,1
RequestProject.Bridge,154,1
RequestProject.Bridge,155,1
RequestProject.Bridge,156,1
RequestProject.Bridge,157,1
RequestProject.Bridge,158,1
RequestProject.Bridge,159,1
RequestProject.Bridge,160,1
RequestProject.Bridge,161,1
RequestProject.Bridge,162,1
RequestProject.Bridge,163,1
RequestProject.Bridge,164,1
RequestProject.Bridge,165,1
RequestProject.Bridge,166,1
RequestProject.Bridge,167,1
RequestProject.Bridge,168,1
RequestProject.Bridge,169,1
RequestProject.Bridge,170,1
RequestProject.Bridge,171,1
RequestProject.Bridge,172,1
RequestProject.Bridge,173,1
RequestProject.Bridge,174,1
RequestProject.Bridge,175,1
RequestProject.Bridge,176,1
RequestProject.Bridge,177,1
RequestProject.Bridge,178,1
RequestProject.Bridge,179,1
RequestProject.Bridge,180,1
RequestProject.Bridge,181,1
RequestProject.Bridge,182,1
RequestProject.Bridge,183,1
RequestProject.Bridge,184,1
RequestProject.Bridge,185,1
RequestProject.Bridge,186,1
RequestProject.Bridge,187,1
RequestProject.Bridge,188,1
RequestProject.Bridge,189,1
RequestProject.Bridge,190,1
RequestProject.Bridge,191,1
RequestProject.Bridge,192,1
RequestProject.Bridge,193,1
RequestProject.Bridge,194,6
RequestProject.GeometricPatterns,0,863
RequestProject.GeometricPatterns,1,1462
RequestProject.GeometricPatterns,2,206
RequestProject.GeometricPatterns,3,129
RequestProject.GeometricPatterns,4,37
RequestProject.GeometricPatterns,5,38
RequestProject.GeometricPatterns,6,68
RequestProject.GeometricPatterns,7,28
RequestProject.GeometricPatterns,8,17
RequestProject.GeometricPatterns,9,38
RequestProject.GeometricPatterns,10,6
RequestProject.GeometricPatterns,11,5
RequestProject.GeometricPatterns,12,14
RequestProject.GeometricPatterns,13,8
RequestProject.GeometricPatterns,14,8
RequestProject.GeometricPatterns,15,4
RequestProject.GeometricPatterns,16,4
RequestProject.GeometricPatterns,17,12
RequestProject.GeometricPatterns,18,20
RequestProject.GeometricPatterns,19,18
RequestProject.GeometricPatterns,20,5
RequestProject.GeometricPatterns,21,3
RequestProject.GeometricPatterns,22,2
RequestProject.GeometricPatterns,23,1
RequestProject.GeometricPatterns,24,1
RequestProject.GeometricPatterns,25,2
RequestProject.GeometricPatterns,26,1
RequestProject.GeometricPatterns,27,1
RequestProject.GeometricPatterns,28,3
RequestProject.GeometricPatterns,29,1
RequestProject.GeometricPatterns,30,2
RequestProject.GeometricPatterns,31,2
RequestProject.GeometricPatterns,32,2
RequestProject.GeometricPatterns,33,3
RequestProject.GeometricPatterns,34,1
RequestProject.GeometricPatterns,35,2
RequestProject.GeometricPatterns,37,2
RequestProject.GeometricPatterns,38,1
RequestProject.GeometricPatterns,39,1
RequestProject.GeometricPatterns,40,2
RequestProject.GeometricPatterns,41,2
RequestProject.GeometricPatterns,42,5
RequestProject.GeometricPatterns,43,4
RequestProject.GeometricPatterns,44,2
RequestProject.GeometricPatterns,45,1
RequestProject.GeometricPatterns,46,4
RequestProject.GeometricPatterns,47,1
RequestProject.GeometricPatterns,48,1
RequestProject.GeometricPatterns,50,3
RequestProject.GeometricPatterns,51,1
RequestProject.GeometricPatterns,52,2
RequestProject.GeometricPatterns,53,2
RequestProject.GeometricPatterns,54,2
RequestProject.GeometricPatterns,55,2
RequestProject.GeometricPatterns,56,2
RequestProject.GeometricPatterns,57,2
RequestProject.GeometricPatterns,59,1
RequestProject.GeometricPatterns,60,1
RequestProject.GeometricPatterns,61,1
RequestProject.GeometricPatterns,62,1
RequestProject.GeometricPatterns,63,2
RequestProject.GeometricPatterns,64,3
RequestProject.GeometricPatterns,65,1
RequestProject.GeometricPatterns,66,2
RequestProject.GeometricPatterns,67,2
RequestProject.GeometricPatterns,68,2
RequestProject.GeometricPatterns,69,1
RequestProject.GeometricPatterns,70,3
RequestProject.GeometricPatterns,71,2
RequestProject.GeometricPatterns,72,1
RequestProject.GeometricPatterns,73,1
RequestProject.GeometricPatterns,74,1
RequestProject.GeometricPatterns,75,2
RequestProject.GeometricPatterns,76,2
RequestProject.GeometricPatterns,77,2
RequestProject.GeometricPatterns,78,1
RequestProject.GeometricPatterns,79,1
RequestProject.GeometricPatterns,80,1
RequestProject.GeometricPatterns,82,3
RequestProject.GeometricPatterns,83,3
RequestProject.GeometricPatterns,84,1
RequestProject.GeometricPatterns,85,1
RequestProject.GeometricPatterns,86,1
RequestProject.GeometricPatterns,87,1
RequestProject.GeometricPatterns,90,2
RequestProject.GeometricPatterns,91,1
RequestProject.GeometricPatterns,92,2
RequestProject.GeometricPatterns,93,1
RequestProject.GeometricPatterns,94,1
RequestProject.GeometricPatterns,97,1
RequestProject.GeometricPatterns,98,2
RequestProject.GeometricPatterns,100,2
RequestProject.GeometricPatterns,101,1
RequestProject.GeometricPatterns,102,2
RequestProject.GeometricPatterns,103,1
RequestProject.GeometricPatterns,104,1
RequestProject.GeometricPatterns,106,1
RequestProject.GeometricPatterns,107,1
RequestProject.GeometricPatterns,110,1
RequestProject.GeometricPatterns,111,1
RequestProject.GeometricPatterns,113,2
RequestProject.GeometricPatterns,114,1
RequestProject.GeometricPatterns,115,1
RequestProject.GeometricPatterns,116,3
RequestProject.GeometricPatterns,118,1
RequestProject.GeometricPatterns,119,2
RequestProject.GeometricPatterns,120,2
RequestProject.GeometricPatterns,121,2
RequestProject.GeometricPatterns,122,3
RequestProject.GeometricPatterns,123,4
RequestProject.GeometricPatterns,124,3
RequestProject.GeometricPatterns,126,1
RequestProject.GeometricPatterns,127,1
RequestProject.GeometricPatterns,128,1
RequestProject.GeometricPatterns,129,2
RequestProject.GeometricPatterns,130,1
RequestProject.GeometricPatterns,131,2
RequestProject.GeometricPatterns,132,2
RequestProject.GeometricPatterns,133,2
RequestProject.GeometricPatterns,134,1
RequestProject.GeometricPatterns,135,1
RequestProject.GeometricPatterns,136,2
RequestProject.GeometricPatterns,137,1
RequestProject.GeometricPatterns,138,1
RequestProject.GeometricPatterns,139,1
RequestProject.GeometricPatterns,140,1
RequestProject.GeometricPatterns,141,1
RequestProject.GeometricPatterns,142,1
RequestProject.GeometricPatterns,143,1
RequestProject.GeometricPatterns,144,1
RequestProject.GeometricPatterns,145,1
RequestProject.GeometricPatterns,146,2
RequestProject.GeometricPatterns,147,1
RequestProject.GeometricPatterns,148,1
RequestProject.GeometricPatterns,149,1
RequestProject.GeometricPatterns,150,2
RequestProject.GeometricPatterns,151,1
RequestProject.GeometricPatterns,152,2
RequestProject.GeometricPatterns,153,3
RequestProject.GeometricPatterns,154,2
RequestProject.GeometricPatterns,155,2
RequestProject.GeometricPatterns,156,1
RequestProject.GeometricPatterns,157,1
RequestProject.GeometricPatterns,158,1
RequestProject.GeometricPatterns,159,1
RequestProject.GeometricPatterns,160,1
RequestProject.GeometricPatterns,161,2
RequestProject.GeometricPatterns,164,2
RequestProject.GeometricPatterns,166,3
RequestProject.GeometricPatterns,170,1
RequestProject.GeometricPatterns,171,1
RequestProject.GeometricPatterns,172,2
RequestProject.GeometricPatterns,173,3
RequestProject.GeometricPatterns,174,3
RequestProject.GeometricPatterns,175,1
RequestProject.GeometricPatterns,177,2
RequestProject.GeometricPatterns,178,1
RequestProject.GeometricPatterns,179,1
RequestProject.GeometricPatterns,180,2
RequestProject.GeometricPatterns,181,1
RequestProject.GeometricPatterns,182,2
RequestProject.GeometricPatterns,183,2
RequestProject.GeometricPatterns,184,1
RequestProject.GeometricPatterns,186,1
RequestProject.GeometricPatterns,187,1
RequestProject.GeometricPatterns,188,1
RequestProject.GeometricPatterns,189,1
RequestProject.GeometricPatterns,190,2
RequestProject.GeometricPatterns,191,2
RequestProject.GeometricPatterns,192,1
RequestProject.GeometricPatterns,193,3
RequestProject.GeometricPatterns,194,6
RequestProject.HarmonicPatterns,0,14
RequestProject.HarmonicPatterns,1,14
RequestProject.HarmonicPatterns,2,6
RequestProject.HarmonicPatterns,3,4
RequestProject.HarmonicPatterns,4,3
RequestProject.HarmonicPatterns,5,2
RequestProject.HarmonicPatterns,6,8
RequestProject.HarmonicPatterns,7,7
RequestProject.HarmonicPatterns,8,6
RequestProject.HarmonicPatterns,9,3
RequestProject.HarmonicPatterns,10,2
RequestProject.HarmonicPatterns,11,2
RequestProject.HarmonicPatterns,12,2
RequestProject.HarmonicPatterns,13,2
RequestProject.HarmonicPatterns,14,2
RequestProject.HarmonicPatterns,15,4
RequestProject.HarmonicPatterns,17,5
RequestProject.HarmonicPatterns,23,1
RequestProject.HarmonicPatterns,24,1
RequestProject.HarmonicPatterns,26,5
RequestProject.HarmonicPatterns,43,2
RequestProject.HarmonicPatterns,44,1
RequestProject.HarmonicPatterns,54,1
RequestProject.HarmonicPatterns,55,2
RequestProject.HarmonicPatterns,56,2
RequestProject.HarmonicPatterns,60,1
RequestProject.HarmonicPatterns,67,1
RequestProject.HarmonicPatterns,87,1
RequestProject.HarmonicPatterns,88,2
RequestProject.HarmonicPatterns,91,1
RequestProject.HarmonicPatterns,105,1
RequestProject.HarmonicPatterns,117,1
RequestProject.HarmonicPatterns,122,2
RequestProject.HarmonicPatterns,126,1
RequestProject.HarmonicPatterns,127,1
RequestProject.HarmonicPatterns,128,1
RequestProject.HarmonicPatterns,133,1
RequestProject.HarmonicPatterns,137,1
RequestProject.HarmonicPatterns,148,1
RequestProject.HarmonicPatterns,149,1
RequestProject.HarmonicPatterns,170,2
RequestProject.HarmonicPatterns,183,1
RequestProject.HarmonicPatterns,184,1
RequestProject.HarmonicPatterns,189,1
RequestProject.HarmonicPatterns,190,2
RequestProject.HarmonicPatterns,193,3
RequestProject.HarmonicPatterns,194,7
RequestProject.HarmonicPatterns,320,2
RequestProject.HarmonicPatterns,752,1
RequestProject.HarmonicPatterns,852,1
RequestProject.HarmonicPatterns,1295,1
RequestProject.HarmonicPatterns,2147,1
RequestProject.HarmonicPatterns,3371,1
RequestProject.HarmonicPatterns,5237,2
RequestProject.Atlas,0,25
RequestProject.Atlas,1,23
RequestProject.Atlas,2,31
RequestProject.Atlas,3,1
RequestProject.Atlas,4,1
RequestProject.Atlas,5,1
RequestProject.Atlas,7,1
RequestProject.Atlas,11,1
RequestProject.Atlas,13,1
RequestProject.Atlas,15,11
RequestProject.Atlas,17,1
RequestProject.Atlas,19,1
RequestProject.Atlas,23,1
RequestProject.Atlas,29,1
RequestProject.Atlas,31,1
RequestProject.Atlas,35,1
RequestProject.Atlas,41,1
RequestProject.Atlas,46,1
RequestProject.Atlas,47,1
RequestProject.Atlas,59,1
RequestProject.Atlas,71,1
RequestProject.Atlas,113,1
RequestProject.Atlas,194,143
RequestProject.Atlas,32767,5
RequestProject.Atlas,32768,1
RequestProject.Moonshine,0,35
RequestProject.Moonshine,1,45
RequestProject.Moonshine,2,55
RequestProject.Moonshine,3,40
RequestProject.Moonshine,4,43
RequestProject.Moonshine,5,33
RequestProject.Moonshine,6,19
RequestProject.Moonshine,7,25
RequestProject.Moonshine,8,15
RequestProject.Moonshine,9,3
RequestProject.Moonshine,11,8
RequestProject.Moonshine,12,3
RequestProject.Moonshine,15,7
RequestProject.Moonshine,196883,1
RequestProject.Moonshine,196884,1
RequestProject.Moonshine,21493760,1
RequestProject.Moonshine,864299970,1
RequestProject.Moonshine,20245856256,1
RequestProject.Moonshine,333202640600,1
RequestProject.Moonshine,4252023300096,1
RequestProject.Moonshine,44656994071935,1
RequestProject.Moonshine,401490886656000,1
RequestProject.Shadows,0,7
RequestProject.Shadows,1,8
RequestProject.Shadows,2,11
RequestProject.Shadows,3,4
RequestProject.Shadows,4,1
RequestProject.Shadows,5,4
RequestProject.Shadows,6,2
RequestProject.Shadows,7,2
RequestProject.Shadows,8,4
RequestProject.Shadows,9,1
RequestProject.Shadows,10,1
RequestProject.Shadows,11,1
RequestProject.Shadows,12,1
RequestProject.Shadows,13,3
RequestProject.Shadows,15,2
RequestProject.Shadows,17,3
RequestProject.Shadows,18,1
RequestProject.Shadows,19,3
RequestProject.Shadows,20,1
RequestProject.Shadows,21,1
RequestProject.Shadows,23,3
RequestProject.Shadows,24,2
RequestProject.Shadows,25,1
RequestProject.Shadows,27,1
RequestProject.Shadows,29,2
RequestProject.Shadows,30,2
RequestProject.Shadows,31,2
RequestProject.Shadows,32,2
RequestProject.Shadows,35,1
RequestProject.Shadows,36,1
RequestProject.Shadows,38,1
RequestProject.Shadows,41,2
RequestProject.Shadows,43,1
RequestProject.Shadows,47,3
RequestProject.Shadows,49,1
RequestProject.Shadows,50,1
RequestProject.Shadows,52,1
RequestProject.Shadows,59,2
RequestProject.Shadows,66,1
RequestProject.Shadows,69,1
RequestProject.Shadows,71,2
RequestProject.Shadows,100,1
RequestProject.Shadows,118,1
RequestProject.Shadows,150,1
RequestProject.Shadows,160,1
RequestProject.Shadows,168,1
RequestProject.Shadows,194,1
RequestProject.LeechBridge,2,9
RequestProject.LeechBridge,3,5
RequestProject.LeechBridge,4,3
RequestProject.LeechBridge,5,4
RequestProject.LeechBridge,7,4
RequestProject.LeechBridge,9,2
RequestProject.LeechBridge,11,3
RequestProject.LeechBridge,13,4
RequestProject.LeechBridge,15,1
RequestProject.LeechBridge,17,1
RequestProject.LeechBridge,19,1
RequestProject.LeechBridge,22,2
RequestProject.LeechBridge,23,3
RequestProject.LeechBridge,24,1
RequestProject.LeechBridge,25,1
RequestProject.LeechBridge,26,1
RequestProject.LeechBridge,29,1
RequestProject.LeechBridge,31,1
RequestProject.LeechBridge,41,1
RequestProject.LeechBridge,47,1
RequestProject.LeechBridge,59,1
RequestProject.LeechBridge,70,1
RequestProject.LeechBridge,71,1
RequestProject.LeechBridge,196560,2
RequestProject.LeechBridge,8315553613086720000,1
RequestProject.SphereShadows,0,3
RequestProject.SphereShadows,1,3
RequestProject.SphereShadows,2,133
RequestProject.SphereShadows,6,2
RequestProject.SphereShadows,7,1
RequestProject.SphereShadows,12,2
RequestProject.SphereShadows,24,17
RequestProject.SphereShadows,25,1
RequestProject.SphereShadows,47,1
RequestProject.SphereShadows,59,1
RequestProject.SphereShadows,71,1
RequestProject.SphereShadows,300,3
RequestProject.SphereShadows,759,1
RequestProject.SphereShadows,1104,1
RequestProject.SphereShadows,8190,1
RequestProject.SphereShadows,97152,1
RequestProject.SphereShadows,98304,1
RequestProject.SphereShadows,196560,1
RequestProject.SphereShadows,196883,1
RequestProject.SphereShadows,196884,1
RequestProject.GaloisPairings,1,5
RequestProject.GaloisPairings,2,3
RequestProject.GaloisPairings,3,5
RequestProject.GaloisPairings,22,1
RequestProject.GaloisPairings,23,1
RequestProject.GaloisPairings,24,1
RequestProject.GaloisPairings,170,1
RequestProject.GaloisPairings,194,1
RequestProject.GaloisPairings,8980616927734375,1
RequestProject.GaloisPairings,3503434660075044981,1
RequestProject.GaloisPairings,172399434201593354756,1
RequestProject.GaloisPairings,286243267692724486144,1
RequestProject.GaloisPairings,640558364167263622626,1
RequestProject.GaloisPairings,691170144025469730622,1
RequestProject.GaloisPairings,1480279477146615234375,1
RequestProject.GaloisPairings,1768130802583126953125,1
RequestProject.GaloisPairings,4567199176912486400000,1
RequestProject.GaloisPairings,42940402913709544921875,1
RequestProject.GaloisPairings,70660346341309333984375,1
RequestProject.GaloisPairings,149614794149226010902528,1
RequestProject.GaloisPairings,161649111002260792968750,1
RequestProject.GaloisPairings,191259085113459945312500,1
RequestProject.GaloisPairings,260799524107083767968750,1
RequestProject.GaloisPairings,597787522207315571077947,1
RequestProject.GaloisPairings,626877403613887304040448,1
RequestProject.GaloisPairings,689763222744895005949242,1
RequestProject.GaloisPairings,689766726179555080994223,1
RequestProject.GaloisPairings,5514132424881463208443904,2
RequestProject.GaloisPairings,7567151576542452425781250,1
RequestProject.GaloisPairings,9592298143650890255171584,1
RequestProject.GaloisPairings,136574874874360806036041889,1
RequestProject.RingStabilizers,2,6
RequestProject.RingStabilizers,3,4
RequestProject.RingStabilizers,4,3
RequestProject.RingStabilizers,5,3
RequestProject.RingStabilizers,7,4
RequestProject.RingStabilizers,8,3
RequestProject.RingStabilizers,11,2
RequestProject.RingStabilizers,13,3
RequestProject.RingStabilizers,15,1
RequestProject.RingStabilizers,18,1
RequestProject.RingStabilizers,23,1
RequestProject.RingStabilizers,1104,1
RequestProject.RingStabilizers,97152,1
RequestProject.RingStabilizers,98304,1
RequestProject.RingStabilizers,84590185680000,1
RequestProject.RingStabilizers,85593231360000,1
RequestProject.RingStabilizers,7532204359680000,1
RequestProject.LiteralAtlas,0,909
RequestProject.LiteralAtlas,1,1501
RequestProject.LiteralAtlas,2,231
RequestProject.LiteralAtlas,3,145
RequestProject.LiteralAtlas,4,49
RequestProject.LiteralAtlas,5,42
RequestProject.LiteralAtlas,6,87
RequestProject.LiteralAtlas,7,42
RequestProject.LiteralAtlas,8,30
RequestProject.LiteralAtlas,9,46
RequestProject.LiteralAtlas,10,11
RequestProject.LiteralAtlas,11,9
RequestProject.LiteralAtlas,12,18
RequestProject.LiteralAtlas,13,16
RequestProject.LiteralAtlas,14,18
RequestProject.LiteralAtlas,15,14
RequestProject.LiteralAtlas,16,2
RequestProject.LiteralAtlas,17,20
RequestProject.LiteralAtlas,18,20
RequestProject.LiteralAtlas,19,16
RequestProject.LiteralAtlas,20,3
RequestProject.LiteralAtlas,21,1
RequestProject.LiteralAtlas,23,2
RequestProject.LiteralAtlas,24,2
RequestProject.LiteralAtlas,25,1
RequestProject.LiteralAtlas,26,11
RequestProject.LiteralAtlas,27,1
RequestProject.LiteralAtlas,28,1
RequestProject.LiteralAtlas,30,2
RequestProject.LiteralAtlas,31,2
RequestProject.LiteralAtlas,32,2
RequestProject.LiteralAtlas,42,4
RequestProject.LiteralAtlas,43,5
RequestProject.LiteralAtlas,44,1
RequestProject.LiteralAtlas,46,4
RequestProject.LiteralAtlas,47,2
RequestProject.LiteralAtlas,50,4
RequestProject.LiteralAtlas,54,2
RequestProject.LiteralAtlas,55,4
RequestProject.LiteralAtlas,56,5
RequestProject.LiteralAtlas,64,4
RequestProject.LiteralAtlas,70,2
RequestProject.LiteralAtlas,87,2
RequestProject.LiteralAtlas,88,2
RequestProject.LiteralAtlas,105,2
RequestProject.LiteralAtlas,116,4
RequestProject.LiteralAtlas,122,6
RequestProject.LiteralAtlas,123,2
RequestProject.LiteralAtlas,170,3
RequestProject.LiteralAtlas,189,2
RequestProject.LiteralAtlas,190,2
RequestProject.LiteralAtlas,193,9
RequestProject.LiteralAtlas,194,26
RequestProject.LiteralAtlas,320,6
RequestProject.LiteralAtlas,406,1
RequestProject.LiteralAtlas,442,1
RequestProject.LiteralAtlas,512,1
RequestProject.LiteralAtlas,752,2
RequestProject.LiteralAtlas,845,1
RequestProject.LiteralAtlas,852,2
RequestProject.LiteralAtlas,1022,2
RequestProject.LiteralAtlas,1295,2
RequestProject.LiteralAtlas,1455,1
RequestProject.LiteralAtlas,2147,2
RequestProject.LiteralAtlas,2300,1
RequestProject.LiteralAtlas,2910,1
RequestProject.LiteralAtlas,3371,2
RequestProject.LiteralAtlas,3552,1
RequestProject.LiteralAtlas,5237,6
