[Thread debugging using libthread_db enabled]
Using host libthread_db library "/lib/x86_64-linux-gnu/libthread_db.so.1".
0x000076932f118c07 in __GI___poll (fds=0x575d8ba91670, nfds=9, timeout=12742) at ../sysdeps/unix/sysv/linux/poll.c:29
29	../sysdeps/unix/sysv/linux/poll.c: No such file or directory.
0x575d8ba811b8
0x575d8ba811c8
0x575d8ba81518
0x575d8ba81748
0x575d8ba81948
0x575d8ba81a42
0x575d8ba81d30
0x575d8ba82100
0x575d8ba825e9
0x575d8ba82610
0x575d8ba826f0
0x575d8ba82890
0x575d8ba82988
0x575d8ba829c5
0x575d8ba829ef
0x575d8ba82a2c
0x575d8ba82ac9
0x575d8ba82b02
0x575d8ba82b38
0x575d8ba82c58
0x575d8ba82ec8
0x575d8ba82f8f
0x575d8ba82fc0
0x575d8ba82ff0
0x575d8ba82ff1
0x575d8ba82ff9
0x575d8ba830e0
0x575d8ba832f0
0x575d8ba833e6
0x575d8ba8397a
0x575d8ba83adb
0x575d8ba83ebd
0x575d8ba83ec5
0x575d8ba83ef8
0x575d8ba83f1f
0x575d8ba83f22
0x575d8ba83feb
0x575d8ba83fef
0x575d8ba84028
0x575d8ba84200
0x575d8ba84459
0x575d8ba844f0
0x575d8ba8455c
0x575d8ba84560
0x575d8ba84564
0x575d8ba846f0
0x575d8ba8481a
0x575d8ba8481d
0x575d8ba8485b
0x575d8ba8485c
0x575d8ba8485d
0x575d8ba84898
0x575d8ba849af
0x575d8ba849b2
0x575d8ba849ed
0x575d8ba84cdb
0x575d8ba84cdf
0x575d8ba84ce3
0x575d8ba84f68
0x575d8ba85026
0x575d8ba8502a
0x575d8ba8502e
0x575d8ba85280
0x575d8ba85315
0x575d8ba85316
0x575d8ba85317
0x575d8ba853d1
0x575d8ba85449
0x575d8ba855c8
0x575d8ba855d0
0x575d8ba856b0
0x575d8ba85898
0x575d8ba858e8
0x575d8ba85a10
0x575d8ba85af0
0x575d8ba85bb8
0x575d8ba85c58
0x575d8ba85cb0
0x575d8ba85f58
0x575d8ba86168
0x575d8ba86308
0x575d8ba863f8
0x575d8ba86530
0x575d8ba865d8
0x575d8ba866b8
0x575d8ba872fb
0x575d8ba872fc
0x575d8ba872fd
0x575d8ba87401
0x575d8ba885a0
0x575d8ba89300
0x575d8ba893f8
0x575d8ba894e8
0x575d8ba895d8
0x575d8ba896d8
0x575d8ba897d8
0x575d8ba899d8
0x575d8ba89b28
0x575d8ba89b38
0x575d8ba8a058
0x575d8ba8a148
0x575d8ba8a1f0
0x575d8ba8a330
0x575d8ba8ae68
0x575d8ba8b1b0
0x575d8ba8b3a1
0x575d8ba8b980
0x575d8ba8ba90
0x575d8ba8bda0
0x575d8ba8c4c8
0x575d8ba8c6c0
0x575d8ba8c748
0x575d8ba8d188
0x575d8ba8d2d0
0x575d8ba8d868
0x575d8ba8dcc8
0x575d8ba8e768
0x575d8ba8ebc8
0x575d8ba8f0d0
0x575d8ba8f668
0x575d8ba8fa31
0x575d8ba8fac8
0x575d8ba8fb21
0x575d8ba90568
0x575d8ba90700
0x575d8ba907f8
0x575d8ba90bf0
0x575d8ba90f00
0x575d8ba915a0
0x575d8ba92545
0x575d8ba92560
0x575d8ba925b9
0x575d8ba92620
0x575d8ba927e5
0x575d8ba92a85
0x575d8ba92b01
0x575d8ba92b61
0x575d8ba92d25
0x575d8ba92fc5
0x575d8ba93029
0x575d8ba93089
0x575d8ba930e9
0x575d8ba93265
0x575d8ba93391
0x575d8ba93505
0x575d8ba935e1
0x575d8ba937a5
0x575d8ba93843
0x575d8ba938a3
0x575d8ba93903
0x575d8ba93963
0x575d8ba939c3
0x575d8ba93a23
0x575d8ba93a45
0x575d8ba93a83
0x575d8ba93ac1
0x575d8ba93b11
0x575d8ba93ce5
0x575d8ba93f85
0x575d8ba94225
0x575d8ba944c5
0x575d8ba94765
0x575d8ba94a05
0x575d8ba94ca5
0x575d8ba94f45
0x575d8ba951e5
0x575d8ba95485
0x575d8ba95725
0x575d8ba959c5
0x575d8ba95c65
0x575d8ba96108
0x575d8ba96361
0x575d8ba9664d
0x575d8ba96901
0x575d8ba96d04
0x575d8ba96d80
0x575d8ba96ed0
0x575d8ba96fc2
0x575d8ba97199
0x575d8ba975e9
0x575d8ba97932
0x575d8ba97a50
0x575d8ba97ba0
0x575d8ba97d6d
0x575d8ba9810d
0x575d8ba981d0
0x575d8ba98370
0x575d8ba985b4
0x575d8ba985b8
0x575d8ba98698
0x575d8ba986c0
0x575d8ba98778
0x575d8ba987f0
0x575d8ba988b8
0x575d8ba98960
0x575d8ba98b00
0x575d8ba98b50
0x575d8ba98e39
0x575d8ba98ed0
0x575d8ba99040
0x575d8ba99108
0x575d8ba99178
0x575d8ba99180
0x575d8ba99352
0x575d8ba99940
0x575d8ba99a28
0x575d8ba99aa8
0x575d8ba99af8
0x575d8ba99c99
0x575d8ba99dc9
0x575d8ba99e50
0x575d8ba9a391
0x575d8ba9a484
0x575d8ba9a858
0x575d8ba9a881
0x575d8ba9a9b0
0x575d8ba9ad70
0x575d8ba9ad90
0x575d8ba9ae1d
0x575d8ba9ae70
0x575d8ba9aec0
0x575d8ba9aef0
0x575d8ba9aef8
0x575d8ba9b018
0x575d8ba9b350
0x575d8ba9b403
0x575d8ba9b718
0x575d8ba9b770
0x575d8ba9b80e
0x575d8ba9bf08
0x575d8ba9c317
0x575d8ba9c3e9
0x575d8ba9c478
0x575d8ba9c5b8
0x575d8ba9c5d8
0x575d8ba9c5f8
0x575d8ba9c810
0x575d8ba9c8a0
0x575d8ba9c950
0x575d8ba9ccd8
0x575d8ba9cf60
0x575d8ba9d138
0x575d8ba9d3c8
0x575d8ba9d3d0
0x575d8ba9de20
0x575d8ba9deb8
0x575d8ba9df50
0x575d8ba9e318
0x575d8ba9e321
0x575d8ba9e649
0x575d8ba9e959
0x575d8ba9eae0
0x575d8ba9ebc8
0x575d8ba9ebd9
0x575d8ba9ed73
0x575d8ba9f008
0x575d8ba9f079
0x575d8ba9f148
0x575d8ba9f32d
0x575d8ba9f330
0x575d8ba9f380
0x575d8ba9f590
0x575d8ba9f670
0x575d8ba9f97b
0x575d8ba9f97f
0x575d8ba9f983
0x575d8ba9fb30
0x575d8ba9fcc8
0x575d8ba9ff98
0x575d8baa05c0
0x575d8baa06f0
0x575d8baa09fd
0x575d8baa0d33
0x575d8baa106d
0x575d8baa1192
0x575d8baa1367
0x575d8baa1a81
0x575d8baa1a89
0x575d8baa1ac0
0x575d8baa1e2d
0x575d8baa1e9f
0x575d8baa20d0
0x575d8baa2348
0x575d8baa23ae
0x575d8baa23bd
0x575d8baa2599
0x575d8baa2647
0x575d8baa28f0
0x575d8baa2900
0x575d8baa2911
0x575d8baa2919
0x575d8baa2cd0
0x575d8baa2d3d
0x575d8baa31c0
0x575d8baa3679
0x575d8baa36a9
0x575d8baa3a58
0x575d8baa3c10
0x575d8baa3c28
0x575d8baa3e48
0x575d8baa3e78
0x575d8baa3f48
0x575d8baa3f98
0x575d8baa3fe0
0x575d8baa40b8
0x575d8baa4223
0x575d8baa458d
0x575d8baa47b0
0x575d8baa48c8
0x575d8baa4959
0x575d8baa4970
0x575d8baa4c6d
0x575d8baa4ca0
0x575d8baa4d80
0x575d8baa4e40
0x575d8baa5010
0x575d8baa5038
0x575d8baa50d0
0x575d8baa5168
0x575d8baa51a8
0x575d8baa56d9
0x575d8baa5711
0x575d8baa5b90
0x575d8baa5c30
0x575d8baa5c48
0x575d8baa5dd8
0x575d8baa5f60
0x575d8baa5f78
0x575d8baa6118
0x575d8baa6120
0x575d8baa61a0
0x575d8baa61e0
0x575d8baa6288
0x575d8baa6d90
0x575d8baa6e79
0x575d8baa6f40
0x575d8baa71b9
0x575d8baa7410
0x575d8baa75e3
0x575d8baa7980
0x575d8baa7bac
0x575d8baa7bb0
0x575d8baa7bb4
0x575d8baa7bc0
0x575d8baa852d
0x575d8baa8848
0x575d8baa8e89
0x575d8baa8ed4
0x575d8baa8ed5
0x575d8baa8ef0
0x575d8baa9028
0x575d8baa929b
0x575d8baa9305
0x575d8baa9306
0x575d8baa9307
0x575d8baa934b
0x575d8baa96b0
0x575d8baa9789
0x575d8baa98d0
0x575d8baa9ac0
0x575d8baa9af8
0x575d8baa9b10
0x575d8baa9db8
0x575d8baa9eed
0x575d8baa9fe0
0x575d8baaa031
0x575d8baaa0f8
0x575d8baaa108
0x575d8baaa3a8
0x575d8baaa559
0x575d8baaa7c9
0x575d8baaaa69
0x575d8baaaa99
0x575d8baaaac3
0x575d8baaab50
0x575d8baaab78
0x575d8baaae00
0x575d8baab1f8
0x575d8baab3b8
0x575d8baab651
0x575d8baab720
0x575d8baab8b0
0x575d8baabac8
0x575d8baabad0
0x575d8baabcd3
0x575d8baabef8
0x575d8baac0b0
0x575d8baac0f3
0x575d8baac2c0
0x575d8baac580
0x575d8baac5a0
0x575d8baac5f1
0x575d8baac600
0x575d8baac84d
0x575d8baac8b8
0x575d8baac940
0x575d8baacb10
0x575d8baacb43
0x575d8baacd00
0x575d8baacd31
0x575d8baace41
0x575d8baacf74
0x575d8baacf75
0x575d8baacf90
0x575d8baacfb3
0x575d8baad120
0x575d8baad173
0x575d8baad330
0x575d8baad3a1
0x575d8baad3d0
0x575d8baad4a0
0x575d8baad4b1
0x575d8baad528
0x575d8baad5d3
0x575d8baad640
0x575d8baad7c0
0x575d8baad7ed
0x575d8baad998
0x575d8baada11
0x575d8baadb63
0x575d8baadc63
0x575d8baadc83
0x575d8baaddb0
0x575d8baade80
0x575d8baae340
0x575d8baae360
0x575d8baae758
0x575d8baae958
0x575d8baaea19
0x575d8baaee60
0x575d8baaef19
0x575d8baaf4e8
0x575d8baaf6f0
0x575d8baaf9c8
0x575d8baafe10
0x575d8baaff00
0x575d8bab0120
0x575d8bab0220
0x575d8bab02e0
0x575d8bab0328
0x575d8bab0358
0x575d8bab04c8
0x575d8bab0670
0x575d8bab1350
0x575d8bab17a8
0x575d8bab17cd
0x575d8bab18bd
0x575d8bab1989
0x575d8bab1a78
0x575d8bab1fff
0x575d8bab2274
0x575d8bab24e0
0x575d8bab2530
0x575d8bab25c8
0x575d8bab26ff
0x575d8bab27c0
0x575d8bab27f0
0x575d8bab2900
0x575d8bab2990
0x575d8bab2bc8
0x575d8bab2c30
0x575d8bab2e04
0x575d8bab2e99
0x575d8bab2ee0
0x575d8bab2f98
0x575d8bab2fe0
0x575d8bab3168
0x575d8bab32d8
0x575d8bab3709
0x575d8bab3f38
0x575d8bab40f0
0x575d8bab4150
0x575d8bab4180
0x575d8bab41b8
0x575d8bab4210
0x575d8bab4258
0x575d8bab4260
0x575d8bab4428
0x575d8bab4770
0x575d8bab48c8
0x575d8bab490d
0x575d8bab4912
0x575d8bab4917
0x575d8bab4a78
0x575d8bab4cf8
0x575d8bab5148
0x575d8bab5210
0x575d8bab5559
0x575d8bab5565
0x575d8bab5568
0x575d8bab5581
0x575d8bab5589
0x575d8bab558d
0x575d8bab5a7a
0x575d8bab5a7f
0x575d8bab5be9
0x575d8bab5c19
0x575d8bab5e08
0x575d8bab5e19
0x575d8bab5e6f
0x575d8bab5ea0
0x575d8bab6309
0x575d8bab6339
0x575d8bab67f9
0x575d8bab6870
0x575d8bab6889
0x575d8bab69e7
0x575d8bab6b79
0x575d8bab6ca8
0x575d8bab6cc9
0x575d8bab6eb0
0x575d8bab6f48
0x575d8bab71e1
0x575d8bab73f8
0x575d8bab783d
0x575d8bab7ab9
0x575d8bab7fc0
0x575d8bab8220
0x575d8bab83de
0x575d8bab851d
0x575d8bab85a0
0x575d8bab85d8
0x575d8bab88c0
0x575d8bab8d50
0x575d8bab92cb
0x575d8bab96a0
0x575d8bab9d78
0x575d8bab9e98
0x575d8bab9f92
0x575d8bab9fd3
0x575d8baba298
0x575d8baba2d0
0x575d8baba31b
0x575d8baba5f2
0x575d8baba614
0x575d8baba61d
0x575d8baba61f
0x575d8baba630
0x575d8baba783
0x575d8bababb8
0x575d8babaea0
0x575d8babaf10
0x575d8babb050
0x575d8babb198
0x575d8babb6a0
0x575d8babb710
0x575d8babb99d
0x575d8babbc28
0x575d8babbd70
0x575d8babbf19
0x575d8babc040
0x575d8babc0c8
0x575d8babc170
0x575d8babc540
0x575d8babc669
0x575d8babc6c8
0x575d8babc820
0x575d8babc930
0x575d8babc960
0x575d8babcab8
0x575d8babcb50
0x575d8babcc3d
0x575d8babd088
0x575d8babd0b8
0x575d8babd180
0x575d8babd398
0x575d8babd518
0x575d8babd520
0x575d8babd552
0x575d8babd664
0x575d8babd678
0x575d8babd830
0x575d8babd9c0
0x575d8babdb67
0x575d8babdfb0
0x575d8babe0a0
0x575d8babe6d2
0x575d8babeb32
0x575d8babec50
0x575d8babff55
0x575d8bac08d8
0x575d8bac0aa0
0x575d8bac0be0
0x575d8bac13f2
0x575d8bac1bd9
0x575d8bac1dd2
0x575d8bac26e9
0x575d8bac2762
0x575d8bac2879
0x575d8bac28c6
0x575d8bac2be8
0x575d8bac3089
0x575d8bac34d9
0x575d8bac3509
0x575d8bac3668
0x575d8bac3700
0x575d8bac37b8
0x575d8bac3a25
0x575d8bac3a3c
0x575d8bac3a3e
0x575d8bac3a3f
0x575d8bac3a40
0x575d8bac3a41
0x575d8bac3a42
0x575d8bac3f78
0x575d8bac411b
0x575d8bac4260
0x575d8bac42b0
0x575d8bac440f
0x575d8bac49e6
0x575d8bac4c26
0x575d8bac4ee9
0x575d8bac4f19
0x575d8bac50f8
0x575d8bac5222
0x575d8bac5308
0x575d8bac5329
0x575d8bac55c4
0x575d8bac5a74
0x575d8bac5e78
0x575d8bac5f68
0x575d8bac5fa8
0x575d8bac6160
0x575d8bac63e9
0x575d8bac64d0
0x575d8bac64fd
0x575d8bac6cb0
0x575d8bac6e96
0x575d8bac71bd
0x575d8bac724d
0x575d8bac73e0
0x575d8bac77e0
0x575d8bac79a9
0x575d8bac7c10
0x575d8bac7c7d
0x575d8bac803d
0x575d8bac8348
0x575d8bac87e9
0x575d8bac8b48
0x575d8bac8ed8
0x575d8bac900d
0x575d8bac9080
0x575d8bac92c8
0x575d8bac949d
0x575d8bac9b80
0x575d8bac9d48
0x575d8baca3b8
0x575d8baca3e8
0x575d8baca440
0x575d8baca8e8
0x575d8baca8f8
0x575d8bacac44
0x575d8bacb008
0x575d8bacb350
0x575d8bacb411
0x575d8bacb6fd
0x575d8bacb7a8
0x575d8bacbc10
0x575d8bacbc98
0x575d8bacbd60
0x575d8bacbf08
0x575d8bacc198
0x575d8bacc358
0x575d8bacc468
0x575d8bacc872
0x575d8bacc877
0x575d8bacc970
0x575d8baccc60
0x575d8baccfe8
0x575d8bacd1f0
0x575d8bacd398
0x575d8bacd4c8
0x575d8bacd5a9
0x575d8bacd5b1
0x575d8bacd620
0x575d8bacd6cd
0x575d8bacda88
0x575d8bacdb50
0x575d8bacddc4
0x575d8bacddc5
0x575d8bacdde0
0x575d8bace004
0x575d8bace00d
0x575d8bace00f
0x575d8bace088
0x575d8bace1ad
0x575d8bace3e8
0x575d8bace569
0x575d8bace9a9
0x575d8bace9b1
0x575d8bacecb8
0x575d8bacee30
0x575d8bacee68
0x575d8bacf278
0x575d8bacf2c0
0x575d8bacf54a
0x575d8bacf553
0x575d8bacf555
0x575d8bacf699
0x575d8bacf6e0
0x575d8bacf770
0x575d8bacf944
0x575d8bacfbb0
0x575d8bacfcf8
0x575d8bacfd10
0x575d8bacfd32
0x575d8bacff40
0x575d8bad01f0
0x575d8bad0258
0x575d8bad0428
0x575d8bad0720
0x575d8bad0898
0x575d8bad09a0
0x575d8bad09c2
0x575d8bad0ff0
0x575d8bad15e8
0x575d8bad1680
0x575d8bad1b90
0x575d8bad1c60
0x575d8bad1e59
0x575d8bad1ec9
0x575d8bad1ed1
0x575d8bad2120
0x575d8bad2350
0x575d8bad2a48
0x575d8bad2b10
0x575d8bad2ba8
0x575d8bad2fa9
0x575d8bad3061
0x575d8bad30a1
0x575d8bad30f1
0x575d8bad31f8
0x575d8bad3270
0x575d8bad35d1
0x575d8bad3ef8
0x575d8bad3f28
0x575d8bad4198
0x575d8bad41fc
0x575d8bad4201
0x575d8bad4206
0x575d8bad42d0
0x575d8bad42e9
0x575d8bad4440
0x575d8bad4818
0x575d8bad4829
0x575d8bad4899
0x575d8bad48e8
0x575d8bad4c20
0x575d8bad4c60
0x575d8bad4c92
0x575d8bad4d70
0x575d8bad4f00
0x575d8bad5020
0x575d8bad5418
0x575d8bad5777
0x575d8bad58c5
0x575d8bad5999
0x575d8bad59d9
0x575d8bad5aed
0x575d8bad5eb8
0x575d8bad5f98
0x575d8bad61a0
0x575d8bad6369
0x575d8bad6393
0x575d8bad63b9
0x575d8bad646d
0x575d8bad6620
0x575d8bad6819
0x575d8bad69a0
0x575d8bad6bd0
0x575d8bad6fd8
0x575d8bad6fe0
0x575d8bad7041
0x575d8bad7080
0x575d8bad7150
0x575d8bad74a8
0x575d8bad74f8
0x575d8bad7dc0
0x575d8bad7dc1
0x575d8bad81a0
0x575d8bad8598
0x575d8bad8680
0x575d8bad87d0
0x575d8bad8903
0x575d8bad8998
0x575d8bad8c50
0x575d8bad8cd8
0x575d8bad8ce0
0x575d8bad9110
0x575d8bad9618
0x575d8bad9660
0x575d8bad9700
0x575d8bad9b08
0x575d8bad9ba0
0x575d8bad9bb0
0x575d8bad9bd8
0x575d8bada040
0x575d8bada0a0
0x575d8bada32d
0x575d8bada359
0x575d8bada38b
0x575d8bada410
0x575d8bada510
0x575d8bada5b0
0x575d8bada8e0
0x575d8badaa98
0x575d8badadb0
0x575d8badb0a0
0x575d8badb378
0x575d8badb3d8
0x575d8badb4a0
0x575d8badb510
0x575d8badb8f8
0x575d8badb9c2
0x575d8badbd24
0x575d8badbd2d
0x575d8badbd2f
0x575d8badbe76
0x575d8badc2f8
0x575d8badc300
0x575d8badc380
0x575d8badc3c8
0x575d8badc647
0x575d8badcd50
0x575d8badcf80
0x575d8badd340
0x575d8badd650
0x575d8baddd69
0x575d8bade0b0
0x575d8bade5b0
0x575d8bade7a0
0x575d8bade7d8
0x575d8bade888
0x575d8badee80
0x575d8badef09
0x575d8badf160
0x575d8badf510
0x575d8badf6fb
0x575d8badf6ff
0x575d8badfb80
0x575d8badfbd0
0x575d8badfe90
0x575d8bae0108
0x575d8bae04a0
0x575d8bae0702
0x575d8bae0820
0x575d8bae0c80
0x575d8bae0d59
0x575d8bae0f88
0x575d8bae101d
0x575d8bae1380
0x575d8bae176d
0x575d8bae1810
0x575d8bae19f8
0x575d8bae1bd0
0x575d8bae1ee8
0x575d8bae21e8
0x575d8bae2ab1
0x575d8bae2d08
0x575d8bae2d70
0x575d8bae3098
0x575d8bae3219
0x575d8bae32a9
0x575d8bae32f8
0x575d8bae35b8
0x575d8bae3668
0x575d8bae3702
0x575d8bae3989
0x575d8bae3a00
0x575d8bae3ac0
0x575d8bae3c20
0x575d8bae3df9
0x575d8bae3e29
0x575d8bae3e53
0x575d8bae3eb9
0x575d8bae40f3
0x575d8bae4366
0x575d8bae4438
0x575d8bae46d0
0x575d8bae49b8
0x575d8bae4ed8
0x575d8bae4fa0
0x575d8bae4fdd
0x575d8bae5290
0x575d8bae54e0
0x575d8bae5637
0x575d8bae5878
0x575d8bae5baa
0x575d8bae5bf9
0x575d8bae5c38
0x575d8bae5c9d
0x575d8bae5e00
0x575d8bae6099
0x575d8bae6108
0x575d8bae6574
0x575d8bae65b5
0x575d8bae65d3
0x575d8bae67b8
0x575d8bae7250
0x575d8bae7780
0x575d8bae78a2
0x575d8bae7e90
0x575d8bae8ae8
0x575d8bae8e4d
0x575d8bae90d0
0x575d8bae91a9
0x575d8bae93e0
0x575d8bae9778
0x575d8bae97b0
0x575d8bae9a88
0x575d8baea1b0
0x575d8baea534
0x575d8baea539
0x575d8baea53e
0x575d8baea57f
0x575d8baea584
0x575d8baeaad8
0x575d8baeaae9
0x575d8baeaca0
0x575d8baeb1d0
0x575d8baeb3c2
0x575d8baebbd9
0x575d8baebc12
0x575d8baebc30
0x575d8baebc60
0x575d8baebc77
0x575d8baec05d
0x575d8baec0b8
0x575d8baec0e8
0x575d8baec2b0
0x575d8baec400
0x575d8baec5b8
0x575d8baec5e8
0x575d8baec618
0x575d8baec919
0x575d8baeca18
0x575d8baecab8
0x575d8baecae8
0x575d8baecc40
0x575d8baecca0
0x575d8baecfb8
0x575d8baecfe8
0x575d8baed0f0
0x575d8baed45d
0x575d8baed4e8
0x575d8baed5bd
0x575d8baed712
0x575d8baed794
0x575d8baed9e8
0x575d8baedcb9
0x575d8baedd50
0x575d8baedeb8
0x575d8baedee8
0x575d8baedfa8
0x575d8baee3b8
0x575d8baee3e8
0x575d8baee41d
0x575d8baee428
0x575d8baee6b0
0x575d8baee7d0
0x575d8baee82d
0x575d8baeee60
0x575d8baeef50
0x575d8baeef79
0x575d8baef0e9
0x575d8baef158
0x575d8baef170
0x575d8baef180
0x575d8baef519
0x575d8baef738
0x575d8baef850
0x575d8baef960
0x575d8baefc44
0x575d8baefc45
0x575d8baefc60
0x575d8baefd60
0x575d8baefdb0
0x575d8baefe70
0x575d8baeff70
0x575d8baf01b8
0x575d8baf0250
0x575d8baf0564
0x575d8baf0686
0x575d8baf07d8
0x575d8baf0a69
0x575d8baf0a90
0x575d8baf0c0d
0x575d8baf0cf1
0x575d8baf0d58
0x575d8baf0d88
0x575d8baf0ee3
0x575d8baf0f08
0x575d8baf1179
0x575d8baf11c9
0x575d8baf1258
0x575d8baf1579
0x575d8baf15a9
0x575d8baf17f4
0x575d8baf1889
0x575d8baf18b9
0x575d8baf1b52
0x575d8baf1d40
0x575d8baf2019
0x575d8baf2078
0x575d8baf2158
0x575d8baf21e8
0x575d8baf22c8
0x575d8baf23a3
0x575d8baf2540
0x575d8baf2548
0x575d8baf2850
0x575d8baf29a0
0x575d8baf29c2
0x575d8baf2ccd
0x575d8baf2de9
0x575d8baf2fc9
0x575d8baf3229
0x575d8baf3336
0x575d8baf336d
0x575d8baf35e8
0x575d8baf37b7
0x575d8baf3870
0x575d8baf3ae0
0x575d8baf3b09
0x575d8baf3c50
0x575d8baf3ca0
0x575d8baf3d79
0x575d8baf4260
0x575d8baf474f
0x575d8baf4ac8
0x575d8baf4d90
0x575d8baf50a2
0x575d8baf5813
0x575d8baf61ad
0x575d8baf632e
0x575d8baf6508
0x575d8baf65c7
0x575d8baf65cc
0x575d8baf6730
0x575d8baf6925
0x575d8baf6926
0x575d8baf6b1f
0x575d8baf6c73
0x575d8baf6e7f
0x575d8baf6e80
0x575d8baf7006
0x575d8baf7066
0x575d8baf764d
0x575d8baf7732
0x575d8baf7ce2
0x575d8baf7e80
0x575d8baf7fbc
0x575d8baf7fd9
0x575d8baf80e9
0x575d8baf84ed
0x575d8baf84f2
0x575d8baf8922
0x575d8baf91ac
0x575d8baf91b7
0x575d8baf91b9
0x575d8baf93c0
0x575d8baf93fc
0x575d8baf9409
0x575d8baf964c
0x575d8baf9659
0x575d8baf989c
0x575d8baf98a9
0x575d8baf9aec
0x575d8baf9af9
0x575d8baf9d3c
0x575d8baf9d49
0x575d8baf9f8c
0x575d8baf9f99
0x575d8bb05328
0x575d8bb05364
0x575d8bb05369
0x575d8bb05c29
0x575d8bb05d41
0x575d8bb05ef1
0x575d8bb0637e
0x575d8bb06543
0x575d8bb0688a
0x575d8bb0688f
0x575d8bb06ad9
0x575d8bb06be0
0x575d8bb07379
0x575d8bb07480
0x575d8bb075e0
0x575d8bb0761d
0x575d8bb0767f
0x575d8bb0783b
0x575d8bb07a40
0x575d8bb07a45
0x575d8bb07a4a
0x575d8bb07c20
0x575d8bb08748
0x575d8bb087a0
0x575d8bb08900
0x575d8bb08930
0x575d8bb08b18
0x575d8bb08b1d
0x575d8bb08bb2
0x575d8bb08d30
0x575d8bb08d60
0x575d8bb08f60
0x575d8bb08f90
0x575d8bb094f2
0x575d8bb09b40
0x575d8bb09b70
0x575d8bb09d18
0x575d8bb0a270
0x575d8bb0a8b0
0x575d8bb0a8e0
0x575d8bb0aa88
0x575d8bb0aad0
0x575d8bb0ab12
0x575d8bb0b021
0x575d8bb0b035
0x575d8bb0b340
0x575d8bb0b524
0x575d8bb0b6a8
0x575d8bb0b764
0x575d8bb0b9b8
0x575d8bb0ba12
0x575d8bb0bcc9
0x575d8bb0bd59
0x575d8bb0bd88
0x575d8bb0c028
0x575d8bb0c2f9
0x575d8bb0c5b8
0x575d8bb0c5f9
0x575d8bb0c7f7
0x575d8bb0ce7c
0x575d8bb0d2e7
0x575d8bb0d346
0x575d8bb0d568
0x575d8bb0d6a0
0x575d8bb0d6d0
0x575d8bb0d878
0x575d8bb0d8c0
0x575d8bb0d910
0x575d8bb0d948
0x575d8bb0da60
0x575d8bb0da90
0x575d8bb0dc38
0x575d8bb0dc80
0x575d8bb0dcd0
0x575d8bb0dd08
0x575d8bb0de30
0x575d8bb0de60
0x575d8bb0e008
0x575d8bb0e050
0x575d8bb0e0a0
0x575d8bb0e0d8
0x575d8bb0e210
0x575d8bb0e240
0x575d8bb0e3e8
0x575d8bb0e430
0x575d8bb0e480
0x575d8bb0e4b8
0x575d8bb0e588
0x575d8bb0e600
0x575d8bb0e630
0x575d8bb0e7d8
0x575d8bb0e820
0x575d8bb0e870
0x575d8bb0e8a8
0x575d8bb0ea00
0x575d8bb0ea30
0x575d8bb0ebd8
0x575d8bb0ec20
0x575d8bb0ec70
0x575d8bb0eca8
0x575d8bb0ed88
0x575d8bb0ed90
0x575d8bb0ee10
0x575d8bb0ee40
0x575d8bb0efe8
0x575d8bb0f030
0x575d8bb0f080
0x575d8bb0f0b8
0x575d8bb0f41e
0x575d8bb0f493
0x575d8bb0f5a8
0x575d8bb0f879
0x575d8bb0f954
0x575d8bb0fa00
0x575d8bb0fa29
0x575d8bb0fd98
0x575d8bb0fe00
0x575d8bb105a8
0x575d8bb10839
0x575d8bb10869
0x575d8bb10899
0x575d8bb10908
0x575d8bb10d39
0x575d8bb10d69
0x575d8bb10df0
0x575d8bb10e79
0x575d8bb111f2
0x575d8bb11557
0x575d8bb11c70
0x575d8bb12988
0x575d8bb129ef
0x575d8bb12aa6
0x575d8bb12c3c
0x575d8bb13272
0x575d8bb136c8
0x575d8bb13848
0x575d8bb13869
0x575d8bb13898
0x575d8bb13a20
0x575d8bb13ac7
0x575d8bb13c70
0x575d8bb13d48
0x575d8bb13d59
0x575d8bb14198
0x575d8bb14481
0x575d8bb14498
0x575d8bb144f8
0x575d8bb14538
0x575d8bb14780
0x575d8bb148d2
0x575d8bb14ca8
0x575d8bb14daa
0x575d8bb14daf
0x575d8bb14db4
0x575d8bb14ff9
0x575d8bb15261
0x575d8bb155d9
0x575d8bb15609
0x575d8bb15678
0x575d8bb156d9
0x575d8bb15a70
0x575d8bb15d96
0x575d8bb16259
0x575d8bb16510
0x575d8bb168a9
0x575d8bb168d9
0x575d8bb169a9
0x575d8bb16ab0
0x575d8bb16da8
0x575d8bb16db9
0x575d8bb17188
0x575d8bb172ba
0x575d8bb172bf
0x575d8bb175b2
0x575d8bb177aa
0x575d8bb177af
0x575d8bb17f88
0x575d8bb18398
0x575d8bb186d8
0x575d8bb1879b
0x575d8bb187a0
0x575d8bb187fa
0x575d8bb187ff
0x575d8bb188c9
0x575d8bb188f9
0x575d8bb18a47
0x575d8bb190c9
0x575d8bb198e4
0x575d8bb19d79
0x575d8bb19e73
0x575d8bb19e87
0x575d8bb19eaf
0x575d8bb19ed2
0x575d8bb19ef5
0x575d8bb19f13
0x575d8bb19f1d
0x575d8bb19f31
0x575d8bb19f3b
0x575d8bb19f4f
0x575d8bb19f59
0x575d8bb19f5e
0x575d8bb19f68
0x575d8bb19f6d
0x575d8bb1a518
0x575d8bb1a819
0x575d8bb1ab99
0x575d8bb1ac98
0x575d8bb1aca9
0x575d8bb1adb9
0x575d8bb1b31c
0x575d8bb1b328
0x575d8bb1b329
0x575d8bb1b56c
0x575d8bb1b579
0x575d8bb1bc3e
0x575d8bb1bc4d
0x575d8bb1bf59
0x575d8bb1c0c9
0x575d8bb1c0ce
0x575d8bb1c208
0x575d8bb1c212
0x575d8bb1c3c8
0x575d8bb1cd67
0x575d8bb1cf12
0x575d8bb1d019
0x575d8bb1d8c8
0x575d8bb1d8d2
0x575d8bb1db03
0x575d8bb1dcc2
0x575d8bb1e1b8
0x575d8bb1e497
0x575d8bb1e889
0x575d8bb1e930
0x575d8bb1e992
0x575d8bb1ea3e
0x575d8bb1eac9
0x575d8bb1f359
0x575d8bb1f389
0x575d8bb1f3d3
0x575d8bb1fbb3
0x575d8bb1ff07
0x575d8bb202a9
0x575d8bb20a19
0x575d8bb20a98
0x575d8bb20c18
0x575d8bb20c30
0x575d8bb20c38
0x575d8bb20ec8
0x575d8bb21058
0x575d8bb21878
0x575d8bb218c8
0x575d8bb21a38
0x575d8bb21c9b
0x575d8bb21ca5
0x575d8bb21caf
0x575d8bb21e61
0x575d8bb224e3
0x575d8bb22897
0x575d8bb2296d
0x575d8bb22972
0x575d8bb22c52
0x575d8bb22d49
0x575d8bb24079
0x575d8bb242f8
0x575d8bb243b9
0x575d8bb24818
0x575d8bb24928
0x575d8bb24c17
0x575d8bb24d80
0x575d8bb24dd8
0x575d8bb24f84
0x575d8bb25100
0x575d8bb25bb9
0x575d8bb25c10
0x575d8bb25cd8
0x575d8bb26813
0x575d8bb268e9
0x575d8bb26ea9
0x575d8bb26fb9
0x575d8bb27000
0x575d8bb27100
0x575d8bb27948
0x575d8bb27b62
0x575d8bb27b67
0x575d8bb27b6c
0x575d8bb27b71
0x575d8bb27b76
0x575d8bb27b7b
0x575d8bb27b80
0x575d8bb27b85
0x575d8bb27b8a
0x575d8bb27b8f
0x575d8bb27b94
0x575d8bb27bad
0x575d8bb27d60
0x575d8bb28740
0x575d8bb28a98
0x575d8bb29179
0x575d8bb291d6
0x575d8bb29469
0x575d8bb29739
0x575d8bb29af3
0x575d8bb29cf0
0x575d8bb29e19
0x575d8bb2a278
0x575d8bb2a3e0
0x575d8bb2a563
0x575d8bb2a6a8
0x575d8bb2a742
0x575d8bb2a809
0x575d8bb2abc8
0x575d8bb2ad82
0x575d8bb2aec0
0x575d8bb2afa0
0x575d8bb2b060
0x575d8bb2b640
0x575d8bb2b760
0x575d8bb2ba80
0x575d8bb2cb26
0x575d8bb2cce9
0x575d8bb2cd19
0x575d8bb2ce30
0x575d8bb2d049
0x575d8bb2d1d0
0x575d8bb2d972
0x575d8bb2db18
0x575d8bb2db90
0x575d8bb2dbb0
0x575d8bb2e359
0x575d8bb2e978
0x575d8bb2ea30
0x575d8bb2ed78
0x575d8bb2ede9
0x575d8bb2f158
0x575d8bb2f15d
0x575d8bb2f162
0x575d8bb2f167
0x575d8bb2f180
0x575d8bb2f185
0x575d8bb2f18a
0x575d8bb2fc92
0x575d8bb30117
0x575d8bb301d9
0x575d8bb30216
0x575d8bb30220
0x575d8bb30928
0x575d8bb30f49
0x575d8bb31784
0x575d8bb317cf
0x575d8bb31d9f
0x575d8bb31db8
0x575d8bb31e62
0x575d8bb31e7b
0x575d8bb31ef8
0x575d8bb324d8
0x575d8bb325e0
0x575d8bb326b8
0x575d8bb326e0
0x575d8bb326f0
0x575d8bb32758
0x575d8bb32830
0x575d8bb32888
0x575d8bb328a0
0x575d8bb329c9
0x575d8bb32b98
0x575d8bb32fcb
0x575d8bb32fd0
0x575d8bb3302a
0x575d8bb3302f
0x575d8bb33034
0x575d8bb331e6
0x575d8bb33476
0x575d8bb33480
0x575d8bb33927
0x575d8bb339d8
0x575d8bb33b38
0x575d8bb3450f
0x575d8bb34698
0x575d8bb34738
0x575d8bb34dfc
0x575d8bb35178
0x575d8bb35583
0x575d8bb35597
0x575d8bb355bf
0x575d8bb355e2
0x575d8bb35605
0x575d8bb35623
0x575d8bb3562d
0x575d8bb35641
0x575d8bb3564b
0x575d8bb3565f
0x575d8bb35669
0x575d8bb3566e
0x575d8bb35ce8
0x575d8bb360a8
0x575d8bb366a0
0x575d8bb3689c
0x575d8bb36930
0x575d8bb36958
0x575d8bb36b41
0x575d8bb36ce0
0x575d8bb37372
0x575d8bb3761e
0x575d8bb37e50
0x575d8bb380a2
0x575d8bb38193
0x575d8bb382f9
0x575d8bb38719
0x575d8bb38939
0x575d8bb38cce
0x575d8bb38d07
0x575d8bb39432
0x575d8bb3a465
0x575d8bb3a8d0
0x575d8bb3ac48
0x575d8bb3ae50
0x575d8bb3b0d0
0x575d8bb3b222
0x575d8bb3b22c
0x575d8bb3b29a
0x575d8bb3b2bd
0x575d8bb3b2d1
0x575d8bb3b2d6
0x575d8bb3b2fe
0x575d8bb3b303
0x575d8bb3b308
0x575d8bb3b30d
0x575d8bb3b312
0x575d8bb3b317
0x575d8bb3b31c
0x575d8bb3b321
0x575d8bb3b326
0x575d8bb3bcd9
0x575d8bb3c332
0x575d8bb3c519
0x575d8bb3c5b1
0x575d8bb3cb30
0x575d8bb3cdc4
0x575d8bb3cf39
0x575d8bb3d58c
0x575d8bb3d6c0
0x575d8bb3db89
0x575d8bb3db9d
0x575d8bb3dbd9
0x575d8bb3dce9
0x575d8bb3dff4
0x575d8bb3e267
0x575d8bb3e529
0x575d8bb3e549
0x575d8bb3e551
0x575d8bb3e561
0x575d8bb3e66c
0x575d8bb3e679
0x575d8bb3e8bc
0x575d8bb3e8c9
0x575d8bb3ea38
0x575d8bb3eb0c
0x575d8bb3eb19
0x575d8bb3ed5c
0x575d8bb3ed69
0x575d8bb3ef68
0x575d8bb3efac
0x575d8bb3efb9
0x575d8bb3efd0
0x575d8bb4100c
0x575d8bb41016
0x575d8bb41019
0x575d8bb4125c
0x575d8bb41269
0x575d8bb41468
0x575d8bb414ac
0x575d8bb414b9
0x575d8bb414c1
0x575d8bb414d0
0x575d8bb415d1
0x575d8bb415e8
0x575d8bb42100
0x575d8bb423f1
0x575d8bb426c4
0x575d8bb42969
0x575d8bb42999
0x575d8bb43099
0x575d8bb434d9
0x575d8bb43f59
0x575d8bb44012
0x575d8bb44231
0x575d8bb442a8
0x575d8bb443ac
0x575d8bb443b9
0x575d8bb445c0
0x575d8bb445fc
0x575d8bb44609
0x575d8bb4484c
0x575d8bb44859
0x575d8bb44a9c
0x575d8bb44aa9
0x575d8bb44cec
0x575d8bb44cf9
0x575d8bb44f3c
0x575d8bb44f49
0x575d8bb461bc
0x575d8bb461c7
0x575d8bb461c9
0x575d8bb46338
0x575d8bb4640c
0x575d8bb46419
0x575d8bb4665c
0x575d8bb46669
0x575d8bb46868
0x575d8bb468ac
0x575d8bb468b9
0x575d8bb468d0
0x575d8bb46ac0
0x575d8bb46afc
0x575d8bb46b09
0x575d8bb46df8
0x575d8bb46e20
0x575d8bb46e30
0x575d8bb46e98
0x575d8bb46f70
0x575d8bb46fc8
0x575d8bb46fe0
0x575d8bb47128
0x575d8bb471b8
0x575d8bb471e0
0x575d8bb471f0
0x575d8bb47258
0x575d8bb47330
0x575d8bb47388
0x575d8bb473a0
0x575d8bb47588
0x575d8bb475b0
0x575d8bb475c0
0x575d8bb47628
0x575d8bb47700
0x575d8bb47758
0x575d8bb47770
0x575d8bb47968
0x575d8bb47990
0x575d8bb479a0
0x575d8bb47a08
0x575d8bb47ae0
0x575d8bb47b38
0x575d8bb47b50
0x575d8bb47d58
0x575d8bb47d80
0x575d8bb47d90
0x575d8bb47df8
0x575d8bb47ed0
0x575d8bb47f28
0x575d8bb47f40
0x575d8bb48158
0x575d8bb48180
0x575d8bb48190
0x575d8bb481f8
0x575d8bb482d0
0x575d8bb48328
0x575d8bb48340
0x575d8bb48568
0x575d8bb48590
0x575d8bb485a0
0x575d8bb48608
0x575d8bb486e0
0x575d8bb48738
0x575d8bb48750
0x575d8bb48988
0x575d8bb489b0
0x575d8bb489c0
0x575d8bb48a28
0x575d8bb48b00
0x575d8bb48b58
0x575d8bb48b70
0x575d8bb49009
0x575d8bb490c9
0x575d8bb490d8
0x575d8bb492f9
0x575d8bb49718
0x575d8bb49a02
0x575d8bb4a012
0x575d8bb4a378
0x575d8bb4a390
0x575d8bb4b418
0x575d8bb4b428
0x575d8bb4b449
0x575d8bb4b4f3
0x575d8bb4b5e9
0x575d8bb4b664
0x575d8bb4b66e
0x575d8bb4b83a
0x575d8bb4b83f
0x575d8bb4ba65
0x575d8bb4be0c
0x575d8bb4be15
0x575d8bb4be19
0x575d8bb4bfd9
0x575d8bb4c2e7
0x575d8bb4c3e8
0x575d8bb4cf58
0x575d8bb4cf69
0x575d8bb4d1e8
0x575d8bb4d624
0x575d8bb4d633
0x575d8bb4d6d9
0x575d8bb4d729
0x575d8bb4dc89
0x575d8bb4e2b0
0x575d8bb4e338
0x575d8bb4e340
0x575d8bb4e4d9
0x575d8bb4e509
0x575d8bb4e7e5
0x575d8bb4e871
0x575d8bb4f3f9
0x575d8bb4f479
0x575d8bb4f660
0x575d8bb4f907
0x575d8bb4f9b1
0x575d8bb500a9
0x575d8bb5014c
0x575d8bb50400
0x575d8bb50717
0x575d8bb50a58
0x575d8bb50f99
0x575d8bb50fc9
0x575d8bb51020
0x575d8bb51437
0x575d8bb51bf9
0x575d8bb51c8f
0x575d8bb51d0c
0x575d8bb520d8
0x575d8bb520e9
0x575d8bb521e9
0x575d8bb52939
0x575d8bb52b3a
0x575d8bb52b3f
0x575d8bb52d71
0x575d8bb53083
0x575d8bb53085
0x575d8bb530c1
0x575d8bb533ea
0x575d8bb53489
0x575d8bb53a10
0x575d8bb53be8
0x575d8bb53c58
0x575d8bb54bd7
0x575d8bb54cb2
0x575d8bb54ef4
0x575d8bb55078
0x575d8bb550a0
0x575d8bb555c9
0x575d8bb555f9
0x575d8bb55699
0x575d8bb55de4
0x575d8bb55e79
0x575d8bb56389
0x575d8bb56408
0x575d8bb56820
0x575d8bb56869
0x575d8bb56899
0x575d8bb5699d
0x575d8bb569ac
0x575d8bb56d1e
0x575d8bb56d23
0x575d8bb56fd8
0x575d8bb57491
0x575d8bb57949
0x575d8bb57e10
0x575d8bb58200
0x575d8bb58358
0x575d8bb587a2
0x575d8bb587cf
0x575d8bb58c59
0x575d8bb58d50
0x575d8bb59122
0x575d8bb59809
0x575d8bb598e8
0x575d8bb59c37
0x575d8bb59caf
0x575d8bb59cb9
0x575d8bb59ef8
0x575d8bb5a118
0x575d8bb5a1ec
0x575d8bb5a333
0x575d8bb5a610
0x575d8bb5ad10
0x575d8bb5af06
0x575d8bb5af15
0x575d8bb5af1f
0x575d8bb5af29
0x575d8bb5afb9
0x575d8bb5b040
0x575d8bb5b479
0x575d8bb5b567
0x575d8bb5b750
0x575d8bb5b789
0x575d8bb5b9a8
0x575d8bb5b9fa
0x575d8bb5ba05
0x575d8bb5ba06
0x575d8bb5ba07
0x575d8bb5ba0a
0x575d8bb5ba12
0x575d8bb5ba15
0x575d8bb5ba16
0x575d8bb5ba17
0x575d8bb5ba69
0x575d8bb5ba99
0x575d8bb5cac0
0x575d8bb5caf0
0x575d8bb5cb79
0x575d8bb5cbc0
0x575d8bb5d059
0x575d8bb5d5b8
0x575d8bb5d689
0x575d8bb5d720
0x575d8bb5db99
0x575d8bb5ed20
0x575d8bb5ed3d
0x575d8bb5efa7
0x575d8bb5f238
0x575d8bb5f5b8
0x575d8bb5f880
0x575d8bb5fb5c
0x575d8bb5fb69
0x575d8bb5fc53
0x575d8bb5fcd2
0x575d8bb5fcd7
0x575d8bb5ffa1
0x575d8bb60394
0x575d8bb603a3
0x575d8bb603ad
0x575d8bb603b7
0x575d8bb607a0
0x575d8bb607f8
0x575d8bb60b20
0x575d8bb60c98
0x575d8bb60e57
0x575d8bb61129
0x575d8bb615f9
0x575d8bb61669
0x575d8bb61699
0x575d8bb616e2
0x575d8bb616e7
0x575d8bb616ec
0x575d8bb616f1
0x575d8bb616f6
0x575d8bb616fb
0x575d8bb61723
0x575d8bb61732
0x575d8bb61737
0x575d8bb6173c
0x575d8bb6175f
0x575d8bb61764
0x575d8bb61769
0x575d8bb6176e
0x575d8bb61773
0x575d8bb61778
0x575d8bb6177d
0x575d8bb61782
0x575d8bb61791
0x575d8bb617a0
0x575d8bb617cd
0x575d8bb61af9
0x575d8bb62836
0x575d8bb62840
0x575d8bb62ac0
0x575d8bb62b18
0x575d8bb62e3a
0x575d8bb62e3f
0x575d8bb634d9
0x575d8bb63849
0x575d8bb638dd
0x575d8bb63999
0x575d8bb639d0
0x575d8bb639f0
0x575d8bb63a6d
0x575d8bb63f1b
0x575d8bb640c7
0x575d8bb642ef
0x575d8bb644f9
0x575d8bb64669
0x575d8bb64b4d
0x575d8bb64c80
0x575d8bb64fb8
0x575d8bb6500a
0x575d8bb6500f
0x575d8bb6511d
0x575d8bb651d1
0x575d8bb654c2
0x575d8bb65678
0x575d8bb656c3
0x575d8bb65728
0x575d8bb65ce0
0x575d8bb66a4d
0x575d8bb66baf
0x575d8bb66d19
0x575d8bb66d99
0x575d8bb66e46
0x575d8bb66e50
0x575d8bb67489
0x575d8bb67529
0x575d8bb67652
0x575d8bb67a12
0x575d8bb67e37
0x575d8bb68160
0x575d8bb68391
0x575d8bb68661
0x575d8bb68d88
0x575d8bb68e41
0x575d8bb68f88
0x575d8bb69379
0x575d8bb693d0
0x575d8bb698d9
0x575d8bb69930
0x575d8bb699aa
0x575d8bb699ce
0x575d8bb69a45
0x575d8bb69a48
0x575d8bb69c08
0x575d8bb6a389
0x575d8bb6a9d2
0x575d8bb6aa36
0x575d8bb6aa6d
0x575d8bb6aa72
0x575d8bb6aa77
0x575d8bb6aa86
0x575d8bb6aaae
0x575d8bb6aabd
0x575d8bb6aac2
0x575d8bb6aac7
0x575d8bb6ab68
0x575d8bb6aba2
0x575d8bb6af99
0x575d8bb6afc9
0x575d8bb6b439
0x575d8bb6b789
0x575d8bb6bd68
0x575d8bb6bd79
0x575d8bb6c3bd
0x575d8bb6c3d4
0x575d8bb6c3f7
0x575d8bb6c7d9
0x575d8bb6cad7
0x575d8bb6cbb8
0x575d8bb6ccef
0x575d8bb6d862
0x575d8bb6d988
0x575d8bb6d9a3
0x575d8bb6d9c3
0x575d8bb6d9de
0x575d8bb6da0d
0x575d8bb6da28
0x575d8bb6da78
0x575d8bb6da8c
0x575d8bb6da93
0x575d8bb700cc
0x575d8bb700d9
0x575d8bb701a0
0x575d8bb7031c
0x575d8bb70326
0x575d8bb70328
0x575d8bb70329
0x575d8bb7056c
0x575d8bb70576
0x575d8bb70579
0x575d8bb706bf
0x575d8bb706e3
0x575d8bb706f8
0x575d8bb7089c
0x575d8bb70923
0x575d8bb71fc9
0x575d8bb721e9
0x575d8bb723e9
0x575d8bb72b06
0x575d8bb72b3d
0x575d8bb72b42
0x575d8bb72b47
0x575d8bb72cb0
0x575d8bb72d38
0x575d8bb72d40
0x575d8bb73379
0x575d8bb733a9
0x575d8bb735e8
0x575d8bb735f4
0x575d8bb73774
0x575d8bb73ad9
0x575d8bb73b09
0x575d8bb73ee9
0x575d8bb74374
0x575d8bb744a8
0x575d8bb748c5
0x575d8bb74e72
0x575d8bb75084
0x575d8bb75208
0x575d8bb757fd
0x575d8bb75af0
0x575d8bb75b10
0x575d8bb75eb0
0x575d8bb764f3
0x575d8bb76681
0x575d8bb76979
0x575d8bb76e30
0x575d8bb76e77
0x575d8bb771a9
0x575d8bb77210
0x575d8bb77289
0x575d8bb772d0
0x575d8bb77517
0x575d8bb77ca3
0x575d8bb77cf8
0x575d8bb77d09
0x575d8bb78388
0x575d8bb78632
0x575d8bb78f68
0x575d8bb78fdb
0x575d8bb78fe5
0x575d8bb793ea
0x575d8bb799dc
0x575d8bb79afd
0x575d8bb79e79
0x575d8bb7a220
0x575d8bb7a23d
0x575d8bb7a880
0x575d8bb7abd8
0x575d8bb7ae90
0x575d8bb7b4d0
0x575d8bb7b4df
0x575d8bb7b5b6
0x575d8bb7b7a2
0x575d8bb7bbd9
0x575d8bb7bc54
0x575d8bb7bc63
0x575d8bb7bde8
0x575d8bb7c220
0x575d8bb7ca97
0x575d8bb7cc52
0x575d8bb7cd93
0x575d8bb7d129
0x575d8bb7d219
0x575d8bb7d7e9
0x575d8bb7d7f5
0x575d8bb7d7f8
0x575d8bb7d819
0x575d8bb7d81d
0x575d8bb7d8c9
0x575d8bb7d8f9
0x575d8bb7d929
0x575d8bb7e169
0x575d8bb7e1b2
0x575d8bb7e292
0x575d8bb7e450
0x575d8bb7ebe0
0x575d8bb7efad
0x575d8bb7efb2
0x575d8bb7f224
0x575d8bb7f238
0x575d8bb7f967
0x575d8bb7fa59
0x575d8bb7fcf9
0x575d8bb802f9
0x575d8bb80754
0x575d8bb80b82
0x575d8bb80d39
0x575d8bb81371
0x575d8bb81de3
0x575d8bb82168
0x575d8bb82179
0x575d8bb822e0
0x575d8bb82398
0x575d8bb823d8
0x575d8bb82408
0x575d8bb82450
0x575d8bb82480
0x575d8bb824e8
0x575d8bb82570
0x575d8bb82580
0x575d8bb826e8
0x575d8bb82798
0x575d8bb827a0
0x575d8bb827f0
0x575d8bb82838
0x575d8bb82a00
0x575d8bb82a59
0x575d8bb82aa0
0x575d8bb82e38
0x575d8bb831e9
0x575d8bb83809
0x575d8bb83839
0x575d8bb83a57
0x575d8bb83b20
0x575d8bb83e1e
0x575d8bb83e57
0x575d8bb84000
0x575d8bb84414
0x575d8bb84478
0x575d8bb8448c
0x575d8bb844c3
0x575d8bb844c8
0x575d8bb844cd
0x575d8bb844d2
0x575d8bb844d7
0x575d8bb844dc
0x575d8bb844e1
0x575d8bb844e6
0x575d8bb844eb
0x575d8bb844f0
0x575d8bb844f5
0x575d8bb844fa
0x575d8bb844ff
0x575d8bb84504
0x575d8bb84509
0x575d8bb8450e
0x575d8bb84629
0x575d8bb8487a
0x575d8bb848a7
0x575d8bb84d60
0x575d8bb85102
0x575d8bb8561d
0x575d8bb85659
0x575d8bb85719
0x575d8bb85749
0x575d8bb8590d
0x575d8bb85e2c
0x575d8bb85e31
0x575d8bb85e36
0x575d8bb85f79
0x575d8bb85f80
0x575d8bb85f99
0x575d8bb8618d
0x575d8bb8630c
0x575d8bb863e7
0x575d8bb86473
0x575d8bb865a9
0x575d8bb866d0
0x575d8bb866e9
0x575d8bb86ae4
0x575d8bb86aee
0x575d8bb86c8a
0x575d8bb86c8f
0x575d8bb86ee8
0x575d8bb87168
0x575d8bb871c9
0x575d8bb871f9
0x575d8bb87358
0x575d8bb873b9
0x575d8bb878e9
0x575d8bb8793c
0x575d8bb87b56
0x575d8bb87fbd
0x575d8bb87feb
0x575d8bb87fec
0x575d8bb87fed
0x575d8bb88400
0x575d8bb88472
0x575d8bb88627
0x575d8bb887d8
0x575d8bb88a64
0x575d8bb89324
0x575d8bb89410
0x575d8bb89440
0x575d8bb89460
0x575d8bb897a8
0x575d8bb89808
0x575d8bb899f0
0x575d8bb89a18
0x575d8bb89c38
0x575d8bb89e27
0x575d8bb8a4e9
0x575d8bb8a559
0x575d8bb8a580
0x575d8bb8a5c9
0x575d8bb8a9f0
0x575d8bb8aa50
0x575d8bb8aab2
0x575d8bb8ac3e
0x575d8bb8aca9
0x575d8bb8ad7d
0x575d8bb8baf8
0x575d8bb8bf89
0x575d8bb8c019
0x575d8bb8c218
0x575d8bb8c227
0x575d8bb8c359
0x575d8bb8c389
0x575d8bb8c56d
0x575d8bb8c572
0x575d8bb8c577
0x575d8bb8c5e9
0x575d8bb8c61d
0x575d8bb8c700
0x575d8bb8cbba
0x575d8bb8cbc3
0x575d8bb8cbc5
0x575d8bb8cbd0
0x575d8bb8d089
0x575d8bb8d0b9
0x575d8bb8d3b2
0x575d8bb8d3b7
0x575d8bb8d78a
0x575d8bb8d863
0x575d8bb8d8f9
0x575d8bb8dbd8
0x575d8bb8dbe9
0x575d8bb8dfa0
0x575d8bb8e020
0x575d8bb8e028
0x575d8bb8e20e
0x575d8bb8e25b
0x575d8bb8e2a6
0x575d8bb8e3fc
0x575d8bb8e401
0x575d8bb8e5ac
0x575d8bb8e861
0x575d8bb8e86b
0x575d8bb8f030
0x575d8bb8fadb
0x575d8bb8fae5
0x575d8bb8faf4
0x575d8bb8fb59
0x575d8bb8fcbc
0x575d8bb8fcc9
0x575d8bb8fe6c
0x575d8bb8fe79
0x575d8bb90211
0x575d8bb90559
0x575d8bb90c96
0x575d8bb90c9b
0x575d8bb90ca0
0x575d8bb90ca5
0x575d8bb90cbe
0x575d8bb90cc3
0x575d8bb90cc8
0x575d8bb90e89
0x575d8bb91209
0x575d8bb91239
0x575d8bb913f4
0x575d8bb913f5
0x575d8bb91403
0x575d8bb91414
0x575d8bb91415
0x575d8bb91430
0x575d8bb91859
0x575d8bb91889
0x575d8bb91d2a
0x575d8bb91d33
0x575d8bb91d35
0x575d8bb91d40
0x575d8bb92010
0x575d8bb92858
0x575d8bb92c38
0x575d8bb92cd2
0x575d8bb92e79
0x575d8bb92f30
0x575d8bb92f68
0x575d8bb93160
0x575d8bb93353
0x575d8bb93f96
0x575d8bb94307
0x575d8bb943c9
0x575d8bb9441d
0x575d8bb94420
0x575d8bb949c4
0x575d8bb94d39
0x575d8bb94d69
0x575d8bb94d99
0x575d8bb94f99
0x575d8bb94fe9
0x575d8bb951aa
0x575d8bb951f9
0x575d8bb9553b
0x575d8bb9554a
0x575d8bb955cb
0x575d8bb95a89
0x575d8bb962d9
0x575d8bb96339
0x575d8bb963f7
0x575d8bb96401
0x575d8bb96406
0x575d8bb96518
0x575d8bb9699e
0x575d8bb97302
0x575d8bb973dd
0x575d8bb97459
0x575d8bb974c0
0x575d8bb97618
0x575d8bb97738
0x575d8bb97770
0x575d8bb97d20
0x575d8bb97ea8
0x575d8bb981d0
0x575d8bb98e89
0x575d8bb99499
0x575d8bb994a8
0x575d8bb9977d
0x575d8bb997af
0x575d8bb9a2f8
0x575d8bb9a5ce
0x575d8bb9a8b0
0x575d8bb9a8bf
0x575d8bb9aecf
0x575d8bb9b293
0x575d8bb9b2d9
0x575d8bb9b847
0x575d8bb9bba7
0x575d8bb9c33a
0x575d8bb9cfd9
0x575d8bb9d022
0x575d8bb9d2a9
0x575d8bb9d829
0x575d8bb9d879
0x575d8bb9db39
0x575d8bb9dba9
0x575d8bb9dc09
0x575d8bb9df13
0x575d8bb9e449
0x575d8bb9e7c9
0x575d8bb9ebe4
0x575d8bb9ec2f
0x575d8bb9f300
0x575d8bb9f579
0x575d8bb9f5a9
0x575d8bb9f769
0x575d8bb9f922
0x575d8bb9ffc5
0x575d8bba0210
0x575d8bba0318
0x575d8bba03b8
0x575d8bba0510
0x575d8bba0518
0x575d8bba0c14
0x575d8bba0c1e
0x575d8bba0dd8
0x575d8bba0de9
0x575d8bba0e50
0x575d8bba10b9
0x575d8bba10e9
0x575d8bba1880
0x575d8bba20d9
0x575d8bba21a6
0x575d8bba2246
0x575d8bba2559
0x575d8bba2665
0x575d8bba2674
0x575d8bba2849
0x575d8bba29d8
0x575d8bba2a10
0x575d8bba2b30
0x575d8bba3069
0x575d8bba30c0
0x575d8bba3179
0x575d8bba3292
0x575d8bba3519
0x575d8bba3929
0x575d8bba3959
0x575d8bba3989
0x575d8bba4082
0x575d8bba4087
0x575d8bba4b97
0x575d8bba4c14
0x575d8bba4edb
0x575d8bba50a9
0x575d8bba52a8
0x575d8bba5380
0x575d8bba5419
0x575d8bba5449
0x575d8bba5479
0x575d8bba5a29
0x575d8bba6089
0x575d8bba6211
0x575d8bba6379
0x575d8bba64d9
0x575d8bba6558
0x575d8bba664d
0x575d8bba66e9
0x575d8bba66f5
0x575d8bba66f8
0x575d8bba671d
0x575d8bba6750
0x575d8bba6770
0x575d8bba6778
0x575d8bba6818
0x575d8bba6820
0x575d8bba6953
0x575d8bba6a64
0x575d8bba6cf1
0x575d8bba6d98
0x575d8bba6e58
0x575d8bba7a99
0x575d8bba7af0
0x575d8bba7b00
0x575d8bba7b99
0x575d8bba7d59
0x575d8bba8107
0x575d8bba8298
0x575d8bba8694
0x575d8bba869e
0x575d8bba8988
0x575d8bba8a5a
0x575d8bba8a5f
0x575d8bba8b49
0x575d8bba8f09
0x575d8bba9422
0x575d8bba9427
0x575d8bba98e0
0x575d8bba98f9
0x575d8bba9e29
0x575d8bba9f49
0x575d8bba9f4e
0x575d8bba9f53
0x575d8bba9f58
0x575d8bba9f71
0x575d8bba9f76
0x575d8bba9f7b
0x575d8bbaa149
0x575d8bbaa390
0x575d8bbaa872
0x575d8bbaa9c9
0x575d8bbaaba7
0x575d8bbaadf7
0x575d8bbab22d
0x575d8bbab344
0x575d8bbab767
0x575d8bbab77b
0x575d8bbab799
0x575d8bbab7a8
0x575d8bbab7bc
0x575d8bbab7da
0x575d8bbab7f8
0x575d8bbab7fd
0x575d8bbab807
0x575d8bbab80c
0x575d8bbab939
0x575d8bbab9e0
0x575d8bbabe19
0x575d8bbabe49
0x575d8bbac150
0x575d8bbac169
0x575d8bbac4c8
0x575d8bbac50b
0x575d8bbac551
0x575d8bbac7d0
0x575d8bbad1b9
0x575d8bbad240
0x575d8bbae139
0x575d8bbae48b
0x575d8bbae4ce
0x575d8bbae5c9
0x575d8bbae619
0x575d8bbae868
0x575d8bbae8f2
0x575d8bbaec59
0x575d8bbaed64
0x575d8bbb0039
0x575d8bbb0045
0x575d8bbb0048
0x575d8bbb0061
0x575d8bbb006d
0x575d8bbb0196
0x575d8bbb01b2
0x575d8bbb01bb
0x575d8bbb01c6
0x575d8bbb021a
0x575d8bbb026e
0x575d8bbb02c2
0x575d8bbb0316
0x575d8bbb0326
0x575d8bbb0347
0x575d8bbb0d87
0x575d8bbb0f13
0x575d8bbb1449
0x575d8bbb19d9
0x575d8bbb1b34
0x575d8bbb1c3c
0x575d8bbb1c41
0x575d8bbb1db0
0x575d8bbb1fb7
0x575d8bbb2020
0x575d8bbb226d
0x575d8bbb227a
0x575d8bbb227f
0x575d8bbb249a
0x575d8bbb24a9
0x575d8bbb2539
0x575d8bbb2719
0x575d8bbb2760
0x575d8bbb28a5
0x575d8bbb28af
0x575d8bbb28b4
0x575d8bbb2aa9
0x575d8bbb2b10
0x575d8bbb2fae
0x575d8bbb33b8
0x575d8bbb33c1
0x575d8bbb344a
0x575d8bbb344f
0x575d8bbb39f1
0x575d8bbb3c24
0x575d8bbb3e81
0x575d8bbb4770
0x575d8bbb4b49
0x575d8bbb4c1d
0x575d8bbb4e4a
0x575d8bbb5229
0x575d8bbb5283
0x575d8bbb5450
0x575d8bbb54f5
0x575d8bbb54fa
0x575d8bbb54ff
0x575d8bbb556d
0x575d8bbb5572
0x575d8bbb55db
0x575d8bbb55e0
0x575d8bbb58e8
0x575d8bbb58f9
0x575d8bbb5940
0x575d8bbb5f10
0x575d8bbb618a
0x575d8bbb618f
0x575d8bbb6809
0x575d8bbb69a8
0x575d8bbb69b9
0x575d8bbb6b53
0x575d8bbb6b67
0x575d8bbb6b8f
0x575d8bbb6bb2
0x575d8bbb6bd5
0x575d8bbb6bf3
0x575d8bbb6bfd
0x575d8bbb6c11
0x575d8bbb6c1b
0x575d8bbb6c2f
0x575d8bbb6c39
0x575d8bbb6c3e
0x575d8bbb6c48
0x575d8bbb6c4d
0x575d8bbb7bc9
0x575d8bbb7fa9
0x575d8bbb81e4
0x575d8bbb81e5
0x575d8bbb81f3
0x575d8bbb8204
0x575d8bbb8205
0x575d8bbb8220
0x575d8bbb8258
0x575d8bbb8672
0x575d8bbb8d06
0x575d8bbb8e07
0x575d8bbb90a0
0x575d8bbb9119
0x575d8bbb95c2
0x575d8bbb9848
0x575d8bbba139
0x575d8bbba1cd
0x575d8bbba22c
0x575d8bbba231
0x575d8bbbaa28
0x575d8bbbaa39
0x575d8bbbaa69
0x575d8bbbaaff
0x575d8bbbab7c
0x575d8bbbabe9
0x575d8bbbafd8
0x575d8bbbaff9
0x575d8bbbb828
0x575d8bbbb839
0x575d8bbbba29
0x575d8bbbba99
0x575d8bbbbce8
0x575d8bbbbf59
0x575d8bbbc039
0x575d8bbbc4e9
0x575d8bbbcec1
0x575d8bbbd1e6
0x575d8bbbd1eb
0x575d8bbbd739
0x575d8bbbd7d0
0x575d8bbbd7f9
0x575d8bbbe090
0x575d8bbbe288
0x575d8bbbe440
0x575d8bbbe469
0x575d8bbbe677
0x575d8bbbe799
0x575d8bbbe859
0x575d8bbbe943
0x575d8bbbe9cf
0x575d8bbbe9f7
0x575d8bbbeaa6
0x575d8bbbef1e
0x575d8bbbf447
0x575d8bbbfd78
0x575d8bbbfe2c
0x575d8bbc0560
0x575d8bbc0579
0x575d8bbc0e70
0x575d8bbc0eb1
0x575d8bbc0fa4
0x575d8bbc12e0
0x575d8bbc130b
0x575d8bbc1329
0x575d8bbc1fe8
0x575d8bbc2067
0x575d8bbc2509
0x575d8bbc2578
0x575d8bbc257d
0x575d8bbc2582
0x575d8bbc27f8
0x575d8bbc28a8
0x575d8bbc28b9
0x575d8bbc2af2
0x575d8bbc2b33
0x575d8bbc3082
0x575d8bbc3189
0x575d8bbc3272
0x575d8bbc3281
0x575d8bbc331b
0x575d8bbc34d8
0x575d8bbc38c8
0x575d8bbc3bf0
0x575d8bbc3e59
0x575d8bbc3f4e
0x575d8bbc4ac0
0x575d8bbc4b56
0x575d8bbc5298
0x575d8bbc55c3
0x575d8bbc5710
0x575d8bbc57d0
0x575d8bbc5938
0x575d8bbc5aa8
0x575d8bbc5ab8
0x575d8bbc5bb8
0x575d8bbc5c08
0x575d8bbc5c38
0x575d8bbc5dc8
0x575d8bbc5e08
0x575d8bbc5e99
0x575d8bbc5ea9
0x575d8bbc5f38
0x575d8bbc6018
0x575d8bbc6078
0x575d8bbc6098
0x575d8bbc61c8
0x575d8bbc61e8
0x575d8bbc6308
0x575d8bbc6438
0x575d8bbc6458
0x575d8bbc6578
0x575d8bbc6668
0x575d8bbc66e0
0x575d8bbc6743
0x575d8bbc6850
0x575d8bbc6af8
0x575d8bbc6b09
0x575d8bbc6ee8
0x575d8bbc74e5
0x575d8bbc80c9
0x575d8bbc8808
0x575d8bbc88a8
0x575d8bbc8a79
0x575d8bbc8ae8
0x575d8bbc8af9
0x575d8bbc8b48
0x575d8bbc9272
0x575d8bbc9e48
0x575d8bbca520
0x575d8bbca64a
0x575d8bbca64f
0x575d8bbca654
0x575d8bbca7ba
0x575d8bbca7bf
0x575d8bbcaaf9
0x575d8bbcaef2
0x575d8bbcb089
0x575d8bbcb0e9
0x575d8bbcb5f9
0x575d8bbcb659
0x575d8bbcb6e3
0x575d8bbcb6f7
0x575d8bbcb715
0x575d8bbcb765
0x575d8bbcb783
0x575d8bbcb7a1
0x575d8bbcb7ab
0x575d8bbcbce9
0x575d8bbcc0b7
0x575d8bbcc189
0x575d8bbcc487
0x575d8bbcc4cd
0x575d8bbcc4e1
0x575d8bbcc4f5
0x575d8bbcc573
0x575d8bbcc5c8
0x575d8bbcc5d9
0x575d8bbcd3aa
0x575d8bbcd3af
0x575d8bbcd564
0x575d8bbcd609
0x575d8bbcdc72
0x575d8bbcddf8
0x575d8bbcde09
0x575d8bbce074
0x575d8bbce140
0x575d8bbce168
0x575d8bbce43e
0x575d8bbce828
0x575d8bbce888
0x575d8bbce8a8
0x575d8bbcf111
0x575d8bbcf749
0x575d8bbcf755
0x575d8bbcf758
0x575d8bbcf77d
0x575d8bbcfa9b
0x575d8bbcfea9
0x575d8bbcff99
0x575d8bbcffe0
0x575d8bbd04a9
0x575d8bbd0634
0x575d8bbd0897
0x575d8bbd0ec0
0x575d8bbd1282
0x575d8bbd1705
0x575d8bbd1e42
0x575d8bbd1f69
0x575d8bbd3100
0x575d8bbd317a
0x575d8bbd319e
0x575d8bbd3215
0x575d8bbd321f
0x575d8bbd3d6b
0x575d8bbd4439
0x575d8bbd4469
0x575d8bbd4499
0x575d8bbd44e2
0x575d8bbd4f50
0x575d8bbd4f69
0x575d8bbd4f99
0x575d8bbd5259
0x575d8bbd52b8
0x575d8bbd5807
0x575d8bbd5d7b
0x575d8bbd5d80
0x575d8bbd6106
0x575d8bbd6156
0x575d8bbd6bb9
0x575d8bbd6c59
0x575d8bbd6c83
0x575d8bbd6ca9
0x575d8bbd7579
0x575d8bbd79e9
0x575d8bbd7e39
0x575d8bbd7e69
0x575d8bbd7e99
0x575d8bbd7ee9
0x575d8bbd8994
0x575d8bbd89a8
0x575d8bbd8a0e
0x575d8bbd8b27
0x575d8bbd8ce0
0x575d8bbd9111
0x575d8bbd9152
0x575d8bbd91c9
0x575d8bbd9382
0x575d8bbd9969
0x575d8bbd9a18
0x575d8bbd9b8d
0x575d8bbd9e48
0x575d8bbd9e68
0x575d8bbda5e0
0x575d8bbdaa19
0x575d8bbdab02
0x575d8bbdb171
0x575d8bbdb257
0x575d8bbdb2cf
0x575d8bbdb2d9
0x575d8bbdb3f0
0x575d8bbdb479
0x575d8bbdb4aa
0x575d8bbdb4b3
0x575d8bbdb4b5
0x575d8bbdb689
0x575d8bbdb9e8
0x575d8bbdbf49
0x575d8bbdc129
0x575d8bbdc159
0x575d8bbdcaad
0x575d8bbdccb6
0x575d8bbdce89
0x575d8bbdd3f9
0x575d8bbdd638
0x575d8bbdda88
0x575d8bbddb92
0x575d8bbddd57
0x575d8bbddfb2
0x575d8bbddfb7
0x575d8bbddfbc
0x575d8bbddfc1
0x575d8bbddfc6
0x575d8bbddfcb
0x575d8bbddfd0
0x575d8bbddfd5
0x575d8bbddfda
0x575d8bbddfdf
0x575d8bbddfe4
0x575d8bbddff3
0x575d8bbde327
0x575d8bbdeaf7
0x575d8bbdee62
0x575d8bbdf012
0x575d8bbdf470
0x575d8bbdf560
0x575d8bbdf75f
0x575d8bbdf869
0x575d8bbe00aa
0x575d8bbe00af
0x575d8bbe04dc
0x575d8bbe09e4
0x575d8bbe0b59
0x575d8bbe0b89
0x575d8bbe0d00
0x575d8bbe0d20
0x575d8bbe0e61
0x575d8bbe0e62
0x575d8bbe12f0
0x575d8bbe15c4
0x575d8bbe1800
0x575d8bbe1819
0x575d8bbe1937
0x575d8bbe19f9
0x575d8bbe1a29
0x575d8bbe1a70
0x575d8bbe1dd0
0x575d8bbe2319
0x575d8bbe239e
0x575d8bbe25a9
0x575d8bbe2678
0x575d8bbe28f7
0x575d8bbe2ce3
0x575d8bbe2cf7
0x575d8bbe2d10
0x575d8bbe2d60
0x575d8bbe2d83
0x575d8bbe2d8d
0x575d8bbe2da1
0x575d8bbe2dab
0x575d8bbe3279
0x575d8bbe3789
0x575d8bbe3812
0x575d8bbe3c18
0x575d8bbe3dd8
0x575d8bbe3fb3
0x575d8bbe3fd1
0x575d8bbe4180
0x575d8bbe4bc8
0x575d8bbe509f
0x575d8bbe52b8
0x575d8bbe52e0
0x575d8bbe5963
0x575d8bbe5a57
0x575d8bbe5ce7
0x575d8bbe6409
0x575d8bbe6415
0x575d8bbe6418
0x575d8bbe6437
0x575d8bbe643d
0x575d8bbe68b0
0x575d8bbe6948
0x575d8bbe6959
0x575d8bbe6989
0x575d8bbe69b9
0x575d8bbe7008
0x575d8bbe7020
0x575d8bbe73ef
0x575d8bbe7599
0x575d8bbe7999
0x575d8bbe81b8
0x575d8bbe82ad
0x575d8bbe8458
0x575d8bbe8469
0x575d8bbe8548
0x575d8bbe8552
0x575d8bbe8667
0x575d8bbe8a28
0x575d8bbe8a39
0x575d8bbe8a80
0x575d8bbe8a88
0x575d8bbe8d1c
0x575d8bbe9062
0x575d8bbe9071
0x575d8bbe91a4
0x575d8bbe9312
0x575d8bbe9317
0x575d8bbe931c
0x575d8bbe9843
0x575d8bbe9a67
0x575d8bbeaae7
0x575d8bbeb052
0x575d8bbeb970
0x575d8bbebc94
0x575d8bbebe94
0x575d8bbecb43
0x575d8bbecb88
0x575d8bbecbc9
0x575d8bbecc3a
0x575d8bbecdb9
0x575d8bbed280
0x575d8bbed630
0x575d8bbed974
0x575d8bbedba2
0x575d8bbee170
0x575d8bbee178
0x575d8bbee970
0x575d8bbeedc8
0x575d8bbeedcd
0x575d8bbeedd2
0x575d8bbeeea0
0x575d8bbeeeb9
0x575d8bbeeee9
0x575d8bbeef38
0x575d8bbeef50
0x575d8bbef029
0x575d8bbefd20
0x575d8bbf019c
0x575d8bbf0519
0x575d8bbf12d8
0x575d8bbf1919
0x575d8bbf19a3
0x575d8bbf19b7
0x575d8bbf19ee
0x575d8bbf1a20
0x575d8bbf1a43
0x575d8bbf1a61
0x575d8bbf1a9d
0x575d8bbf1acf
0x575d8bbf1ad9
0x575d8bbf1ae8
0x575d8bbf242c
0x575d8bbf2439
0x575d8bbf2643
0x575d8bbf2887
0x575d8bbf2a29
0x575d8bbf2ed8
0x575d8bbf2eed
0x575d8bbf2ef8
0x575d8bbf2f8c
0x575d8bbf2ffa
0x575d8bbf3009
0x575d8bbf3ada
0x575d8bbf3b78
0x575d8bbf4582
0x575d8bbf4729
0x575d8bbf4982
0x575d8bbf4a49
0x575d8bbf4a98
0x575d8bbf4b27
0x575d8bbf4c49
0x575d8bbf4da0
0x575d8bbf51c0
0x575d8bbf5608
0x575d8bbf56e9
0x575d8bbf5719
0x575d8bbf5788
0x575d8bbf58f3
0x575d8bbf5902
0x575d8bbf590c
0x575d8bbf5916
0x575d8bbf5a43
0x575d8bbf5bb0
0x575d8bbf5e06
0x575d8bbf5e15
0x575d8bbf5e1f
0x575d8bbf5e29
0x575d8bbf60b2
0x575d8bbf6179
0x575d8bbf61a9
0x575d8bbf6ca4
0x575d8bbf70ad
0x575d8bbf7248
0x575d8bbf7268
0x575d8bbf7278
0x575d8bbf72f8
0x575d8bbf73e8
0x575d8bbf7548
0x575d8bbf7658
0x575d8bbf7778
0x575d8bbf7799
0x575d8bbf77b8
0x575d8bbf7858
0x575d8bbf78a8
0x575d8bbf78e8
0x575d8bbf7b79
0x575d8bbf7ce8
0x575d8bbf7e48
0x575d8bbf7e88
0x575d8bbf7fd2
0x575d8bbf822d
0x575d8bbf823c
0x575d8bbf8862
0x575d8bbf8989
0x575d8bbf89b9
0x575d8bbf8d39
0x575d8bbf9619
0x575d8bbf9679
0x575d8bbfa840
0x575d8bbfa939
0x575d8bbfa969
0x575d8bbfaef9
0x575d8bbfb13c
0x575d8bbfb4d8
0x575d8bbfb4e9
0x575d8bbfb869
0x575d8bbfb86e
0x575d8bbfbaf9
0x575d8bbfbbd9
0x575d8bbfbc29
0x575d8bbfbc78
0x575d8bbfbec4
0x575d8bbfbece
0x575d8bbfbfd8
0x575d8bbfc060
0x575d8bbfc1a9
0x575d8bbfc310
0x575d8bbfc45c
0x575d8bbfc469
0x575d8bbfc4b9
0x575d8bbfc54a
0x575d8bbfc54f
0x575d8bbfc6d7
0x575d8bbfca77
0x575d8bbfd739
0x575d8bbfde28
0x575d8bbfdea9
0x575d8bbfdef7
0x575d8bbfdf0b
0x575d8bbfdf1f
0x575d8bbfdf38
0x575d8bbfdf4c
0x575d8bbfdf56
0x575d8bbfdf65
0x575d8bbfdf6a
0x575d8bbfe52b
0x575d8bbfe9f0
0x575d8bbff003
0x575d8bbff0ca
0x575d8bbff0cf
0x575d8bbff284
0x575d8bbff293
0x575d8bbff720
0x575d8bbff937
0x575d8bbffad9
0x575d8bc00548
0x575d8bc00bfd
0x575d8bc00c11
0x575d8bc00c25
0x575d8bc00d8d
0x575d8bc00dd8
0x575d8bc00e09
0x575d8bc00f10
0x575d8bc00f79
0x575d8bc01a69
0x575d8bc02ab9
0x575d8bc02c21
0x575d8bc035d9
0x575d8bc03609
0x575d8bc03a8a
0x575d8bc03b83
0x575d8bc04908
0x575d8bc04919
0x575d8bc04c8f
0x575d8bc04ee6
0x575d8bc05893
0x575d8bc058a7
0x575d8bc05be9
0x575d8bc05d4c
0x575d8bc05d55
0x575d8bc05d59
0x575d8bc05f9c
0x575d8bc05fa5
0x575d8bc05fa9
0x575d8bc0b08c
0x575d8bc0b095
0x575d8bc0b099
0x575d8bc0b2dc
0x575d8bc0b2e5
0x575d8bc0b2e9
0x575d8bc0b648
0x575d8bc0b659
0x575d8bc0b843
0x575d8bc0ba19
0x575d8bc0ba62
0x575d8bc0bb65
0x575d8bc0c1e8
0x575d8bc0c7fc
0x575d8bc0ced7
0x575d8bc0d344
0x575d8bc0d5a9
0x575d8bc0d638
0x575d8bc0d9d9
0x575d8bc0da49
0x575d8bc0df49
0x575d8bc0e592
0x575d8bc0e7e9
0x575d8bc0e8c4
0x575d8bc0e8cd
0x575d8bc0e8cf
0x575d8bc0e910
0x575d8bc0ea50
0x575d8bc0f159
0x575d8bc0f1c9
0x575d8bc0f288
0x575d8bc0f2c5
0x575d8bc0f2ef
0x575d8bc0f32c
0x575d8bc0f3c0
0x575d8bc0f3d0
0x575d8bc0f3f8
0x575d8bc0f45c
0x575d8bc0f550
0x575d8bc0f77e
0x575d8bc0f792
0x575d8bc0f7bf
0x575d8bc0f7ce
0x575d8bc0f7d3
0x575d8bc0f951
0x575d8bc0fb19
0x575d8bc0fb98
0x575d8bc0fc6a
0x575d8bc102e7
0x575d8bc10760
0x575d8bc107e8
0x575d8bc10fc9
0x575d8bc110f2
0x575d8bc11629
0x575d8bc11c44
0x575d8bc11fcb
0x575d8bc123e2
0x575d8bc12922
0x575d8bc12b68
0x575d8bc12d38
0x575d8bc133e9
0x575d8bc13419
0x575d8bc13460
0x575d8bc13489
0x575d8bc13669
0x575d8bc13699
0x575d8bc137a9
0x575d8bc13824
0x575d8bc13a47
0x575d8bc13b22
0x575d8bc13b27
0x575d8bc140c0
0x575d8bc140e0
0x575d8bc14b47
0x575d8bc16a43
0x575d8bc16b08
0x575d8bc16b18
0x575d8bc16ef9
0x575d8bc175e3
0x575d8bc17649
0x575d8bc17655
0x575d8bc17658
0x575d8bc1767d
0x575d8bc17a37
0x575d8bc18608
0x575d8bc19ce7
0x575d8bc19e79
0x575d8bc1a018
0x575d8bc1a029
0x575d8bc1a079
0x575d8bc1a1b7
0x575d8bc1a272
0x575d8bc1aaa8
0x575d8bc1abb0
0x575d8bc1b1e2
0x575d8bc1b409
0x575d8bc1b439
0x575d8bc1b4d7
0x575d8bc1bb39
0x575d8bc1bda2
0x575d8bc1c029
0x575d8bc1c139
0x575d8bc1c672
0x575d8bc1c677
0x575d8bc1c67c
0x575d8bc1c681
0x575d8bc1c69a
0x575d8bc1c69f
0x575d8bc1c6a4
0x575d8bc1c7be
0x575d8bc1c7c8
0x575d8bc1c7cd
0x575d8bc1c82e
0x575d8bc1cbb0
0x575d8bc1cc30
0x575d8bc1cc6a
0x575d8bc1cc99
0x575d8bc1d539
0x575d8bc1d593
0x575d8bc1d5b9
0x575d8bc1d6d3
0x575d8bc1d6f9
0x575d8bc1d729
0x575d8bc1dca6
0x575d8bc1dcb0
0x575d8bc1dd14
0x575d8bc1e3a9
0x575d8bc1e4f9
0x575d8bc1e716
0x575d8bc1e74d
0x575d8bc1e752
0x575d8bc1e757
0x575d8bc1e75c
0x575d8bc1e819
0x575d8bc1e937
0x575d8bc1eac9
0x575d8bc1ec7c
0x575d8bc1ec86
0x575d8bc1ed9d
0x575d8bc1ee39
0x575d8bc1efb8
0x575d8bc1f058
0x575d8bc1f098
0x575d8bc1f1d8
0x575d8bc1f264
0x575d8bc1f324
0x575d8bc1f3b8
0x575d8bc1f824
0x575d8bc1fdb8
0x575d8bc1fe64
0x575d8bc20098
0x575d8bc20138
0x575d8bc205f8
0x575d8bc206d8
0x575d8bc20778
0x575d8bc20a64
0x575d8bc20b38
0x575d8bc20b98
0x575d8bc20d10
0x575d8bc20dd8
0x575d8bc20e38
0x575d8bc20f58
0x575d8bc20fe4
0x575d8bc21398
0x575d8bc21718
0x575d8bc21758
0x575d8bc217f0
0x575d8bc21858
0x575d8bc21c38
0x575d8bc21d38
0x575d8bc21df8
0x575d8bc21ef0
0x575d8bc21f44
0x575d8bc22010
0x575d8bc22118
0x575d8bc224b8
0x575d8bc22519
0x575d8bc22818
0x575d8bc22898
0x575d8bc228d0
0x575d8bc22924
0x575d8bc22938
0x575d8bc229d0
0x575d8bc22ae4
0x575d8bc22d58
0x575d8bc22da4
0x575d8bc22f64
0x575d8bc23124
0x575d8bc231d0
0x575d8bc231e4
0x575d8bc232b8
0x575d8bc23598
0x575d8bc23638
0x575d8bc236d8
0x575d8bc237d8
0x575d8bc23818
0x575d8bc23878
0x575d8bc23898
0x575d8bc239b8
0x575d8bc23ab0
0x575d8bc23ab8
0x575d8bc23e78
0x575d8bc240b8
0x575d8bc24398
0x575d8bc244b0
0x575d8bc244f8
0x575d8bc24518
0x575d8bc246b0
0x575d8bc246e4
0x575d8bc24838
0x575d8bc24938
0x575d8bc24958
0x575d8bc24998
0x575d8bc24a98
0x575d8bc24cb8
0x575d8bc25010
0x575d8bc252b8
0x575d8bc25310
0x575d8bc25404
0x575d8bc25438
0x575d8bc25450
0x575d8bc25458
0x575d8bc25544
0x575d8bc25624
0x575d8bc25978
0x575d8bc25ef8
0x575d8bc261e4
0x575d8bc26358
0x575d8bc26578
0x575d8bc26738
0x575d8bc26a78
0x575d8bc26ae4
0x575d8bc26b04
0x575d8bc26b78
0x575d8bc26e38
0x575d8bc26ef8
0x575d8bc27098
0x575d8bc27178
0x575d8bc271b0
0x575d8bc271f8
0x575d8bc27398
0x575d8bc273c4
0x575d8bc27538
0x575d8bc27618
0x575d8bc276d8
0x575d8bc27838
0x575d8bc27ab8
0x575d8bc27b38
0x575d8bc27cd8
0x575d8bc27f44
0x575d8bc27ff8
0x575d8bc28018
0x575d8bc280f8
0x575d8bc28410
0x575d8bc284d8
0x575d8bc28818
0x575d8bc28958
0x575d8bc28a18
0x575d8bc28d58
0x575d8bc28dd0
0x575d8bc28f78
0x575d8bc29198
0x575d8bc29564
0x575d8bc29a38
0x575d8bc29bd8
0x575d8bc29ff8
0x575d8bc2a1d8
0x575d8bc2a218
0x575d8bc2a5d8
0x575d8bc2aa10
0x575d8bc2ab78
0x575d8bc2ac58
0x575d8bc2adb8
0x575d8bc2af44
0x575d8bc2b218
0x575d8bc2b584
0x575d8bc2b604
0x575d8bc2b618
0x575d8bc2b738
0x575d8bc2b7d8
0x575d8bc2bdf8
0x575d8bc2bef0
0x575d8bc2bef8
0x575d8bc2bfb8
0x575d8bc2c118
0x575d8bc2c144
0x575d8bc2c1e4
0x575d8bc2c298
0x575d8bc2c3d8
0x575d8bc2c5f8
0x575d8bc2c6a4
0x575d8bc2c7f8
0x575d8bc2ca04
0x575d8bc2cab8
0x575d8bc2cb98
0x575d8bc2cc64
0x575d8bc2ce38
0x575d8bc2d378
0x575d8bc2d3c4
0x575d8bc2d638
0x575d8bc2dc51
0x575d8bc2dc83
0x575d8bc2dec7
0x575d8bc2e083
0x575d8bc2eba0
0x575d8bc2ec22
0x575d8bc2ef90
0x575d8bc2f107
0x575d8bc2f10c
0x575d8bc2f111
0x575d8bc2f116
0x575d8bc2f11b
0x575d8bc2f152
0x575d8bc2f157
0x575d8bc2f15c
0x575d8bc2f17f
0x575d8bc2f184
0x575d8bc2f189
0x575d8bc2f18e
0x575d8bc2f193
0x575d8bc2f198
0x575d8bc2f19d
0x575d8bc2f1a2
0x575d8bc2f1b1
0x575d8bc2f1c0
0x575d8bc2f461
0x575d8bc2f466
0x575d8bc2f46b
0x575d8bc2f4a2
0x575d8bc2f4a7
0x575d8bc2f4ac
0x575d8bc2f4cf
0x575d8bc2f4d4
0x575d8bc2f4e8
0x575d8bc2f4ed
0x575d8bc2f4f2
0x575d8bc2f501
0x575d8bc2f510
0x575d8bc2f53d
0x575d8bc2fb28
0x575d8bc2fb3c
0x575d8bc2fb41
0x575d8bc2fb55
0x575d8bc2fb5a
0x575d8bc2fb73
0x575d8bc2fb87
0x575d8bc2fd81
0x575d8bc30112
0x575d8bc30717
0x575d8bc309a2
0x575d8bc30a82
0x575d8bc30fa9
0x575d8bc30fb3
0x575d8bc3114d
0x575d8bc3116b
0x575d8bc31175
0x575d8bc3120d
0x575d8bc31249
0x575d8bc3128d
0x575d8bc314b9
0x575d8bc31543
0x575d8bc31548
0x575d8bc3154d
0x575d8bc31561
0x575d8bc31566
0x575d8bc3156b
0x575d8bc31ae9
0x575d8bc31b37
0x575d8bc31b4b
0x575d8bc31b5f
0x575d8bc31b8c
0x575d8bc31b96
0x575d8bc31ba5
0x575d8bc31baa
0x575d8bc32059
0x575d8bc327ae
0x575d8bc32879
0x575d8bc329c0
0x575d8bc329cf
0x575d8bc32a99
0x575d8bc32af9
0x575d8bc32b40
0x575d8bc32d39
0x575d8bc337bb
0x575d8bc33932
0x575d8bc339f9
0x575d8bc33db0
0x575d8bc33df0
0x575d8bc34509
0x575d8bc34560
0x575d8bc345c0
0x575d8bc34622
0x575d8bc347d2
0x575d8bc347d7
0x575d8bc34bd8
0x575d8bc35009
0x575d8bc35059
0x575d8bc351c0
0x575d8bc35478
0x575d8bc35840
0x575d8bc35c99
0x575d8bc35f59
0x575d8bc36010
0x575d8bc36060
0x575d8bc361c2
0x575d8bc36549
0x575d8bc36579
0x575d8bc367d7
0x575d8bc36a79
0x575d8bc3701f
0x575d8bc37699
0x575d8bc376e2
0x575d8bc37981
0x575d8bc37995
0x575d8bc37d62
0x575d8bc37ee8
0x575d8bc38037
0x575d8bc381a3
0x575d8bc381a8
0x575d8bc389f0
0x575d8bc38db2
0x575d8bc38e72
0x575d8bc38ff4
0x575d8bc39089
0x575d8bc390b9
0x575d8bc394ee
0x575d8bc39738
0x575d8bc39f8f
0x575d8bc3a119
0x575d8bc3a149
0x575d8bc3a249
0x575d8bc3a297
0x575d8bc3a5e8
0x575d8bc3a7c9
0x575d8bc3a937
0x575d8bc3a9b9
0x575d8bc3a9be
0x575d8bc3adaa
0x575d8bc3b9a7
0x575d8bc3bb51
0x575d8bc3be38
0x575d8bc3c0d8
0x575d8bc3c0e9
0x575d8bc3c119
0x575d8bc3c5c3
0x575d8bc3ca89
0x575d8bc3cab1
0x575d8bc3d022
0x575d8bc3d170
0x575d8bc3d649
0x575d8bc3d6d2
0x575d8bc3d7a9
0x575d8bc3d7b8
0x575d8bc3d7c2
0x575d8bc3d7cc
0x575d8bc3dc28
0x575d8bc3def4
0x575d8bc3e237
0x575d8bc3e2f8
0x575d8bc3eac9
0x575d8bc3fc38
0x575d8bc3fd3e
0x575d8bc3fe23
0x575d8bc3fe50
0x575d8bc40020
0x575d8bc40240
0x575d8bc40b19
0x575d8bc40b58
0x575d8bc40b69
0x575d8bc40b99
0x575d8bc410c9
0x575d8bc411d9
0x575d8bc4187f
0x575d8bc418c0
0x575d8bc418f3
0x575d8bc41928
0x575d8bc41b47
0x575d8bc41c30
0x575d8bc41d11
0x575d8bc420d7
0x575d8bc42290
0x575d8bc42358
0x575d8bc42a67
0x575d8bc4380b
0x575d8bc43810
0x575d8bc43ba2
0x575d8bc43d9c
0x575d8bc43ef3
0x575d8bc43fc2
0x575d8bc44150
0x575d8bc44182
0x575d8bc445c0
0x575d8bc44649
0x575d8bc447d9
0x575d8bc449e4
0x575d8bc452b1
0x575d8bc45577
0x575d8bc4583e
0x575d8bc45930
0x575d8bc459f4
0x575d8bc45ce9
0x575d8bc45d19
0x575d8bc45d62
0x575d8bc45e42
0x575d8bc45f22
0x575d8bc46100
0x575d8bc469b9
0x575d8bc46a47
0x575d8bc46b69
0x575d8bc46bd0
0x575d8bc47341
0x575d8bc474e9
0x575d8bc47519
0x575d8bc47549
0x575d8bc47726
0x575d8bc4772b
0x575d8bc47871
0x575d8bc47f80
0x575d8bc48169
0x575d8bc48989
0x575d8bc489d8
0x575d8bc48a09
0x575d8bc491d6
0x575d8bc491ea
0x575d8bc494b3
0x575d8bc49e12
0x575d8bc4a3ee
0x575d8bc4aca9
0x575d8bc4b690
0x575d8bc4b742
0x575d8bc4be28
0x575d8bc4be53
0x575d8bc4bf8a
0x575d8bc4bf8f
0x575d8bc4c5b4
0x575d8bc4ca70
0x575d8bc4cd79
0x575d8bc4d147
0x575d8bc4d2f0
0x575d8bc4d7a9
0x575d8bc4ddb9
0x575d8bc4dde1
0x575d8bc4e329
0x575d8bc4e359
0x575d8bc4e47d
0x575d8bc4e619
0x575d8bc4e667
0x575d8bc4e809
0x575d8bc4e993
0x575d8bc4f588
0x575d8bc4f7a8
0x575d8bc5013a
0x575d8bc504b8
0x575d8bc50529
0x575d8bc50559
0x575d8bc507b9
0x575d8bc507e9
0x575d8bc50bdc
0x575d8bc50be6
0x575d8bc50be9
0x575d8bc50e2c
0x575d8bc50e36
0x575d8bc50e39
0x575d8bc54038
0x575d8bc5410c
0x575d8bc54119
0x575d8bc5435c
0x575d8bc54369
0x575d8bc54568
0x575d8bc54570
0x575d8bc545ac
0x575d8bc545b9
0x575d8bc545d0
0x575d8bc5469c
0x575d8bc546a9
0x575d8bc546b8
0x575d8bc546e0
0x575d8bc548b9
0x575d8bc54949
0x575d8bc54f28
0x575d8bc55080
0x575d8bc55119
0x575d8bc55428
0x575d8bc55d68
0x575d8bc55d79
0x575d8bc55da0
0x575d8bc55dc0
0x575d8bc55de9
0x575d8bc56029
0x575d8bc56038
0x575d8bc5632b
0x575d8bc5635d
0x575d8bc563e4
0x575d8bc564b9
0x575d8bc56578
0x575d8bc56588
0x575d8bc5668c
0x575d8bc56699
0x575d8bc5682c
0x575d8bc56839
0x575d8bc56a7c
0x575d8bc56a89
0x575d8bc56ccc
0x575d8bc56cd9
0x575d8bc56f1c
0x575d8bc56f28
0x575d8bc56f29
0x575d8bc5c00c
0x575d8bc5c019
0x575d8bc5c25c
0x575d8bc5c269
0x575d8bc5c468
0x575d8bc5c4ac
0x575d8bc5c4b9
0x575d8bc5c4d0
0x575d8bc5c6c0
0x575d8bc5c6fc
0x575d8bc5c709
0x575d8bc5c94c
0x575d8bc5c959
0x575d8bc5ca90
0x575d8bc5d363
0x575d8bc5ecc8
0x575d8bc5ef08
0x575d8bc5f160
0x575d8bc5f358
0x575d8bc5f368
0x575d8bc5fb88
0x575d8bc5fb99
0x575d8bc5fdab
0x575d8bc60198
0x575d8bc601a9
0x575d8bc60361
0x575d8bc605b9
0x575d8bc607cd
0x575d8bc6084f
0x575d8bc6085e
0x575d8bc60906
0x575d8bc6092e
0x575d8bc60955
0x575d8bc6096b
0x575d8bc60994
0x575d8bc60a22
0x575d8bc60a2a
0x575d8bc60a35
0x575d8bc60a83
0x575d8bc60adc
0x575d8bc60af5
0x575d8bc60c51
0x575d8bc619d8
0x575d8bc619e9
0x575d8bc62153
0x575d8bc62199
0x575d8bc62377
0x575d8bc62484
0x575d8bc62569
0x575d8bc625a8
0x575d8bc628e0
0x575d8bc62ccc
0x575d8bc630e9
0x575d8bc63178
0x575d8bc637de
0x575d8bc639a9
0x575d8bc63da0
0x575d8bc63f32
0x575d8bc64789
0x575d8bc64b99
0x575d8bc64be9
0x575d8bc64cf9
0x575d8bc65249
0x575d8bc653a9
0x575d8bc65589
0x575d8bc65639
0x575d8bc657c8
0x575d8bc6581b
0x575d8bc65ab6
0x575d8bc65ac0
0x575d8bc65c09
0x575d8bc65f4a
0x575d8bc66119
0x575d8bc66400
0x575d8bc66458
0x575d8bc66469
0x575d8bc66509
0x575d8bc665b2
0x575d8bc66a0f
0x575d8bc66cd9
0x575d8bc66d18
0x575d8bc66d39
0x575d8bc66f99
0x575d8bc66ffd
0x575d8bc67069
0x575d8bc675af
0x575d8bc67789
0x575d8bc679d9
0x575d8bc67b29
0x575d8bc67bbd
0x575d8bc67c60
0x575d8bc67c92
0x575d8bc6804c
0x575d8bc68120
0x575d8bc68880
0x575d8bc688e8
0x575d8bc68c59
0x575d8bc68ca0
0x575d8bc68cb9
0x575d8bc68df7
0x575d8bc68dfc
0x575d8bc68eb9
0x575d8bc68f49
0x575d8bc693de
0x575d8bc69525
0x575d8bc6952f
0x575d8bc69534
0x575d8bc69759
0x575d8bc69789
0x575d8bc69a3a
0x575d8bc69a3f
0x575d8bc6a0b9
0x575d8bc6a0c5
0x575d8bc6a0c8
0x575d8bc6a0ed
0x575d8bc6a148
0x575d8bc6a159
0x575d8bc6a289
0x575d8bc6aa90
0x575d8bc6adc0
0x575d8bc6b292
0x575d8bc6b5a9
0x575d8bc6b5d9
0x575d8bc6b6e9
0x575d8bc6b932
0x575d8bc6bdb9
0x575d8bc6bde9
0x575d8bc6c103
0x575d8bc6c2f9
0x575d8bc6c329
0x575d8bc6c5a0
0x575d8bc6c848
0x575d8bc6c873
0x575d8bc6cb3e
0x575d8bc6cd19
0x575d8bc6ce20
0x575d8bc6ce98
0x575d8bc6cf9a
0x575d8bc6cf9b
0x575d8bc6cff9
0x575d8bc6d1d1
0x575d8bc6d1d3
0x575d8bc6d211
0x575d8bc6d214
0x575d8bc6d21a
0x575d8bc6d24b
0x575d8bc6d295
0x575d8bc6d2ab
0x575d8bc6d2eb
0x575d8bc6d2ee
0x575d8bc6d2f4
0x575d8bc6d33e
0x575d8bc6d344
0x575d8bc6d345
0x575d8bc6d346
0x575d8bc6d347
0x575d8bc6d348
0x575d8bc6d349
0x575d8bc6d34a
0x575d8bc6d34b
0x575d8bc6d34c
0x575d8bc6d34d
0x575d8bc6d34e
0x575d8bc6d34f
0x575d8bc6d350
0x575d8bc6d469
0x575d8bc6d510
0x575d8bc6d543
0x575d8bc6d549
0x575d8bc6d7a4
0x575d8bc6daae
0x575d8bc6dc6e
0x575d8bc6dd46
0x575d8bc6dfbe
0x575d8bc6e001
0x575d8bc6e073
0x575d8bc6e0a8
0x575d8bc6e0a9
0x575d8bc6e5be
0x575d8bc6e5e2
0x575d8bc6e5e8
0x575d8bc6e5ee
0x575d8bc6e5f4
0x575d8bc6e5fa
0x575d8bc6e600
0x575d8bc6e606
0x575d8bc6e60c
0x575d8bc6e687
0x575d8bc6e6cf
0x575d8bc6e701
0x575d8bc6e745
0x575d8bc6e775
0x575d8bc6e8f5
0x575d8bc6e917
0x575d8bc6e995
0x575d8bc6ea68
0x575d8bc6eb05
0x575d8bc6eb9d
0x575d8bc6edc3
0x575d8bc6edd4
0x575d8bc6ef38
0x575d8bc6f0f5
0x575d8bc6f1b6
0x575d8bc6f2bf
0x575d8bc6f439
0x575d8bc6f565
0x575d8bc6f5d1
0x575d8bc6f5d6
0x575d8bc6f5d8
0x575d8bc6f617
0x575d8bc6f61c
0x575d8bc6f61f
0x575d8bc6f625
0x575d8bc6f62e
0x575d8bc6f62f
0x575d8bc6f638
0x575d8bc6f663
0x575d8bc6f69f
0x575d8bc6f6c8
0x575d8bc6f6cd
0x575d8bc6f6d0
0x575d8bc6f6d6
0x575d8bc6f6df
0x575d8bc6f6f7
0x575d8bc6f701
0x575d8bc6f73e
0x575d8bc6f764
0x575d8bc6f77f
0x575d8bc6f7b9
0x575d8bc6f7c4
0x575d8bc6f89d
0x575d8bc6f990
0x575d8bc6fa68
0x575d8bc6fb2d
0x575d8bc6fbaf
0x575d8bc6fc6f
0x575d8bc6fcd7
0x575d8bc6fdb3
0x575d8bc6fe71
0x575d8bc6ff63
0x575d8bc6ffab
0x575d8bc7000c
0x575d8bc7019a
0x575d8bc701a7
0x575d8bc701cd
0x575d8bc701d2
0x575d8bc701d4
0x575d8bc702f4
0x575d8bc70301
0x575d8bc70327
0x575d8bc7032c
0x575d8bc7032e
0x575d8bc70524
0x575d8bc7055a
0x575d8bc70575
0x575d8bc705af
0x575d8bc705ca
0x575d8bc70605
0x575d8bc70650
0x575d8bc70aee
0x575d8bc70e47
0x575d8bc70e50
0x575d8bc70e52
0x575d8bc70e53
0x575d8bc70e58
0x575d8bc70e9e
0x575d8bc70f65
0x575d8bc7111c
0x575d8bc7111d
0x575d8bc7111e
0x575d8bc71139
0x575d8bc71166
0x575d8bc71167
0x575d8bc71168
0x575d8bc713a8
0x575d8bc71460
0x575d8bc714c4
0x575d8bc7154a
0x575d8bc715fe
0x575d8bc71651
0x575d8bc716ae
0x575d8bc71716
0x575d8bc71771
0x575d8bc717cf
0x575d8bc7182f
0x575d8bc7188d
0x575d8bc718eb
0x575d8bc7194e
0x575d8bc719b0
0x575d8bc71a0f
0x575d8bc71a6c
0x575d8bc71ac8
0x575d8bc71b2c
0x575d8bc71b83
0x575d8bc71bdc
0x575d8bc71c43
0x575d8bc71c71
0x575d8bc71cde
0x575d8bc71e95
0x575d8bc71eea
0x575d8bc71f14
0x575d8bc71f15
0x575d8bc71ffe
0x575d8bc72027
0x575d8bc7207b
0x575d8bc720a7
0x575d8bc72190
0x575d8bc721b9
0x575d8bc721bb
0x575d8bc72625
0x575d8bc727f3
0x575d8bc7290f
0x575d8bc72929
0x575d8bc7292a
0x575d8bc72ab5
0x575d8bc72c82
0x575d8bc72dc6
0x575d8bc72e83
0x575d8bc7303c
0x575d8bc731fc
0x575d8bc733d6
0x575d8bc73588
0x575d8bc735d5
0x575d8bc73602
0x575d8bc73648
0x575d8bc7364a
0x575d8bc7370e
0x575d8bc73758
0x575d8bc73759
0x575d8bc73760
0x575d8bc73795
0x575d8bc73797
0x575d8bc737ac
0x575d8bc737ad
0x575d8bc7381d
0x575d8bc7389f
0x575d8bc738a1
0x575d8bc73915
0x575d8bc73919
0x575d8bc7393c
0x575d8bc739df
0x575d8bc739fa
0x575d8bc73a2d
0x575d8bc73a31
0x575d8bc73a3f
0x575d8bc73a55
0x575d8bc73a8e
0x575d8bc73aae
0x575d8bc73adc
0x575d8bc73bb3
0x575d8bc73bb9
0x575d8bc73bbd
0x575d8bc73bca
0x575d8bc73c1b
0x575d8bc73c80
0x575d8bc73c82
0x575d8bc73d7c
0x575d8bc73dc0
0x575d8bc73f5d
0x575d8bc73fd8
0x575d8bc74064
0x575d8bc7414a
0x575d8bc743f2
0x575d8bc7449c
0x575d8bc74869
0x575d8bc74956
0x575d8bc7495a
0x575d8bc74b91
0x575d8bc74c85
0x575d8bc74de6
0x575d8bc74de9
0x575d8bc75335
0x575d8bc75339
0x575d8bc755de
0x575d8bc756f1
0x575d8bc7584d
0x575d8bc75b2b
0x575d8bc75f40
0x575d8bc76210
0x575d8bc76216
0x575d8bc76706
0x575d8bc76707
0x575d8bc768ac
0x575d8bc79a65
0x575d8bc7b2b2
0x575d8bc7bb84
0x575d8bc7c12b
0x575d8bc7c46c
0x575d8bc7c474
0x575d8bc7c4e9
0x575d8bc7c4f1
0x575d8bc7c4f9
0x575d8bc7c5d5
0x575d8bc7c668
0x575d8bc7c6a3
0x575d8bc7c986
0x575d8bc7c98c
0x575d8bc7d23f
0x575d8bc7d245
0x575d8bc7d3b6
0x575d8bc7ed5a
0x575d8bc7f01e
0x575d8bc7f026
0x575d8bc7f098
0x575d8bc7f0a0
0x575d8bc7f0a8
0x575d8bc7f50d
0x575d8bc7f69a
0x575d8bc7f6a0
0x575d8bc7f730
0x575d8bc7f731
0x575d8bc7f9fb
0x575d8bc80cfd
0x575d8bc81739
0x575d8bc8173a
0x575d8bc8173b
0x575d8bc819d0
0x575d8bc81ef8
0x575d8bc81efe
0x575d8bc827af
0x575d8bc827b5
0x575d8bc832f6
0x575d8bc838b5
0x575d8bc83a64
0x575d8bc83a65
0x575d8bc8466b
0x575d8bc84673
0x575d8bc846ec
0x575d8bc846f4
0x575d8bc846fc
0x575d8bc84841
0x575d8bc84849
0x575d8bc848a8
0x575d8bc848b0
0x575d8bc848b8
0x575d8bc84913
0x575d8bc84914
0x575d8bc8491b
0x575d8bc8491c
0x575d8bc84986
0x575d8bc84987
0x575d8bc8498e
0x575d8bc8498f
0x575d8bc84996
0x575d8bc84997
0x575d8bc84ca9
0x575d8bc84f51
0x575d8bc84f57
0x575d8bc84f86
0x575d8bc84f87
0x575d8bc855d7
0x575d8bc855dd
0x575d8bc8567c
0x575d8bc85685
0x575d8bc86599
0x575d8bc865a0
0x575d8bc86771
0x575d8bc867e7
0x575d8bc86b51
0x575d8bc86dff
0x575d8bc86e07
0x575d8bc86f31
0x575d8bc86f44
0x575d8bc86f46
0x575d8bc86f59
0x575d8bc86f5d
0x575d8bc86f67
0x575d8bc87032
0x575d8bc8707d
0x575d8bc8707e
0x575d8bc8707f
0x575d8bc87232
0x575d8bc873d0
0x575d8bc873d4
0x575d8bc87431
0x575d8bc87432
0x575d8bc87567
0x575d8bc87764
0x575d8bc878d5
0x575d8bc87b1a
0x575d8bc87ca4
0x575d8bc87eb4
0x575d8bc87efd
0x575d8bc87f71
0x575d8bc87f72
0x575d8bc87f73
0x575d8bc87f74
0x575d8bc88077
0x575d8bc8812d
0x575d8bc8813f
0x575d8bc88302
0x575d8bc8839a
0x575d8bc88540
0x575d8bc886ce
0x575d8bc88710
0x575d8bc88711
0x575d8bc88712
0x575d8bc88713
0x575d8bc887da
0x575d8bc8887b
0x575d8bc8887e
0x575d8bc8889d
0x575d8bc8889e
0x575d8bc8889f
0x575d8bc888a0
0x575d8bc8896b
0x575d8bc8896c
0x575d8bc8896d
0x575d8bc8896e
0x575d8bc88a0b
0x575d8bc88a0c
0x575d8bc88a0d
0x575d8bc88a0e
0x575d8bc88a50
0x575d8bc88e70
0x575d8bc89701
0x575d8bc89b29
0x575d8bc89b51
0x575d8bc89cde
0x575d8bc89d01
0x575d8bc8a169
0x575d8bc8a819
0x575d8bc8ab53
0x575d8bc8af1c
0x575d8bc8b000
0x575d8bc8b0e7
0x575d8bc8b4b2
0x575d8bc8b662
0x575d8bc8b742
0x575d8bc8b822
0x575d8bc8b8ae
0x575d8bc8b902
0x575d8bc8c2b8
0x575d8bc8c2c9
0x575d8bc8c317
0x575d8bc8c86d
0x575d8bc8ca8c
0x575d8bc8ca99
0x575d8bc8cbcc
0x575d8bc8cbd9
0x575d8bc8ce1c
0x575d8bc8ce28
0x575d8bc8ce29
0x575d8bc8f0cc
0x575d8bc8f0d9
0x575d8bc8f31c
0x575d8bc8f328
0x575d8bc8f329
0x575d8bc8f56c
0x575d8bc8f579
0x575d8bc8f781
0x575d8bc8f7bc
0x575d8bc8f7c9
0x575d8bc8fc77
0x575d8bc90ad2
0x575d8bc90bb2
0x575d8bc90e09
0x575d8bc90ff0
0x575d8bc91b28
0x575d8bc91b82
0x575d8bc91bdf
0x575d8bc91c7d
0x575d8bc91c9c
0x575d8bc91cab
0x575d8bc91e3d
0x575d8bc91e89
0x575d8bc91f37
0x575d8bc926b4
0x575d8bc92cd1
0x575d8bc92d99
0x575d8bc92edc
0x575d8bc92ee9
0x575d8bc92f83
0x575d8bc93267
0x575d8bc932fd
0x575d8bc93302
0x575d8bc9350d
0x575d8bc93559
0x575d8bc938f9
0x575d8bc93929
0x575d8bc93ea7
0x575d8bc941b1
0x575d8bc94333
0x575d8bc94947
0x575d8bc94d98
0x575d8bc95188
0x575d8bc95959
0x575d8bc959a9
0x575d8bc95ca9
0x575d8bc96118
0x575d8bc96290
0x575d8bc96508
0x575d8bc96a36
0x575d8bc96ab2
0x575d8bc971aa
0x575d8bc982a7
0x575d8bc982bb
0x575d8bc982cf
0x575d8bc98306
0x575d8bc98315
0x575d8bc9831a
0x575d8bc98911
0x575d8bc98f49
0x575d8bc99639
0x575d8bc99669
0x575d8bc996b0
0x575d8bc99b20
0x575d8bc99bf9
0x575d8bc99d10
0x575d8bc9a078
0x575d8bc9a088
0x575d8bc9a18c
0x575d8bc9a197
0x575d8bc9a199
0x575d8bc9a1b8
0x575d8bc9a3dc
0x575d8bc9a3e9
0x575d8bc9a408
0x575d8bc9a62c
0x575d8bc9a639
0x575d8bc9a658
0x575d8bc9a87c
0x575d8bc9a889
0x575d8bc9a8a8
0x575d8bc9aacc
0x575d8bc9aad9
0x575d8bc9aaf8
0x575d8bc9ad1c
0x575d8bc9ad28
0x575d8bc9ad29
0x575d8bc9ad48
0x575d8bc9af6c
0x575d8bc9af79
0x575d8bc9af98
0x575d8bc9e009
0x575d8bc9e028
0x575d8bc9e24c
0x575d8bc9e259
0x575d8bc9e33c
0x575d8bc9e349
0x575d8bc9e3b8
0x575d8bc9e684
0x575d8bc9e8a8
0x575d8bc9ee20
0x575d8bc9ee40
0x575d8bc9f080
0x575d8bc9f0e2
0x575d8bc9f38d
0x575d8bc9f5c9
0x575d8bc9f659
0x575d8bc9fd69
0x575d8bca0111
0x575d8bca011e
0x575d8bca0556
0x575d8bca0560
0x575d8bca0cb2
0x575d8bca1009
0x575d8bca107a
0x575d8bca107f
0x575d8bca1fc5
0x575d8bca21b0
0x575d8bca2560
0x575d8bca2574
0x575d8bca2588
0x575d8bca2719
0x575d8bca2b49
0x575d8bca33e9
0x575d8bca3419
0x575d8bca375c
0x575d8bca3a29
0x575d8bca439c
0x575d8bca43a6
0x575d8bca43b0
0x575d8bca49c0
0x575d8bca4a09
0x575d8bca4bec
0x575d8bca4c96
0x575d8bca4e2b
0x575d8bca4f88
0x575d8bca4f89
0x575d8bca4fc2
0x575d8bca500a
0x575d8bca5025
0x575d8bca6282
0x575d8bca6291
0x575d8bca6296
0x575d8bca629b
0x575d8bca62d2
0x575d8bca62d7
0x575d8bca62dc
0x575d8bca62ff
0x575d8bca6304
0x575d8bca6309
0x575d8bca6318
0x575d8bca631d
0x575d8bca6322
0x575d8bca6331
0x575d8bca6340
0x575d8bca636d
0x575d8bca6b61
0x575d8bca7404
0x575d8bca7dc0
0x575d8bca83b2
0x575d8bca87d9
0x575d8bca8b77
0x575d8bca8ba4
0x575d8bca8e01
0x575d8bca8ec0
0x575d8bca8fc9
0x575d8bca9428
0x575d8bca952e
0x575d8bca9698
0x575d8bca96f9
0x575d8bca9759
0x575d8bca9833
0x575d8bca9838
0x575d8bca983d
0x575d8bca9842
0x575d8bca9847
0x575d8bca984c
0x575d8bca9851
0x575d8bca9856
0x575d8bca985b
0x575d8bca9860
0x575d8bca9865
0x575d8bca9874
0x575d8bca9d52
0x575d8bcaa0a9
0x575d8bcaa0d9
0x575d8bcaa115
0x575d8bcaa116
0x575d8bcaa117
0x575d8bcaa139
0x575d8bcaa280
0x575d8bcaa37f
0x575d8bcaa384
0x575d8bcaa7c1
0x575d8bcaacf9
0x575d8bcaad98
0x575d8bcaada9
0x575d8bcab850
0x575d8bcaba19
0x575d8bcabff8
0x575d8bcac14c
0x575d8bcac157
0x575d8bcac159
0x575d8bcac279
0x575d8bcac39c
0x575d8bcac3a9
0x575d8bcac5ec
0x575d8bcac5f9
0x575d8bcac83c
0x575d8bcac849
0x575d8bcaca8c
0x575d8bcaca99
0x575d8bcaccdc
0x575d8bcacce9
0x575d8bcacf2c
0x575d8bcacf39
0x575d8bcaf1dc
0x575d8bcaf1e7
0x575d8bcaf1e9
0x575d8bcaf3e8
0x575d8bcaf497
0x575d8bcaf6e9
0x575d8bcaf9be
0x575d8bcaff77
0x575d8bcb0079
0x575d8bcb0120
0x575d8bcb01b9
0x575d8bcb01ba
0x575d8bcb01bd
0x575d8bcb01be
0x575d8bcb027d
0x575d8bcb027e
0x575d8bcb0441
0x575d8bcb05d1
0x575d8bcb0607
0x575d8bcb0608
0x575d8bcb0643
0x575d8bcb0644
0x575d8bcb067f
0x575d8bcb06bb
0x575d8bcb06c5
0x575d8bcb0954
0x575d8bcb0955
0x575d8bcb0993
0x575d8bcb0994
0x575d8bcb09d2
0x575d8bcb0a11
0x575d8bcb0a1b
0x575d8bcb0d11
0x575d8bcb0d68
0x575d8bcb2891
0x575d8bcb28a0
0x575d8bcb2930
0x575d8bcb3683
0x575d8bcb37b0
0x575d8bcb3939
0x575d8bcb3b00
0x575d8bcb3b19
0x575d8bcb3dd3
0x575d8bcb4189
0x575d8bcb4721
0x575d8bcb48fd
0x575d8bcb4f20
0x575d8bcb4f60
0x575d8bcb543d
0x575d8bcb54b4
0x575d8bcb5898
0x575d8bcb5909
0x575d8bcb6418
0x575d8bcb6439
0x575d8bcb67e3
0x575d8bcb6989
0x575d8bcb69d2
0x575d8bcb6f65
0x575d8bcb7378
0x575d8bcb748c
0x575d8bcb7499
0x575d8bcb7589
0x575d8bcb7b88
0x575d8bcb7bb3
0x575d8bcb80c7
0x575d8bcb8290
0x575d8bcb8349
0x575d8bcb8373
0x575d8bcb8909
0x575d8bcb89a9
0x575d8bcb89d9
0x575d8bcb8ef2
0x575d8bcb915e
0x575d8bcb9673
0x575d8bcb9678
0x575d8bcb967d
0x575d8bcb9682
0x575d8bcb9687
0x575d8bcb968c
0x575d8bcb9691
0x575d8bcb9696
0x575d8bcb969b
0x575d8bcb96a0
0x575d8bcb96a5
0x575d8bcb9f29
0x575d8bcb9fb7
0x575d8bcba426
0x575d8bcba699
0x575d8bcba6c9
0x575d8bcba878
0x575d8bcba950
0x575d8bcbafc9
0x575d8bcbb519
0x575d8bcbb549
0x575d8bcbb977
0x575d8bcbba64
0x575d8bcbbb12
0x575d8bcbc202
0x575d8bcbc567
0x575d8bcbc681
0x575d8bcbc6f9
0x575d8bcbc949
0x575d8bcbd2d3
0x575d8bcbd308
0x575d8bcbd957
0x575d8bcbdb5d
0x575d8bcbdb62
0x575d8bcbdb67
0x575d8bcbdb6c
0x575d8bcbddf9
0x575d8bcbde29
0x575d8bcbdeb9
0x575d8bcbdfb2
0x575d8bcbfbf9
0x575d8bcc062c
0x575d8bcc0636
0x575d8bcc0639
0x575d8bcc0760
0x575d8bcc087c
0x575d8bcc0886
0x575d8bcc0889
0x575d8bcc0950
0x575d8bcc09b0
0x575d8bcc09e0
0x575d8bcc0acc
0x575d8bcc0ad6
0x575d8bcc0ad9
0x575d8bcc0c00
0x575d8bcc0d1c
0x575d8bcc0d26
0x575d8bcc0d28
0x575d8bcc0d29
0x575d8bcc0e50
0x575d8bcc0f50
0x575d8bcc0f6c
0x575d8bcc0f76
0x575d8bcc0f79
0x575d8bcc31d9
0x575d8bcc3329
0x575d8bcc3365
0x575d8bcc35a9
0x575d8bcc36b0
0x575d8bcc3b08
0x575d8bcc3ce9
0x575d8bcc3df9
0x575d8bcc3f20
0x575d8bcc3fa8
0x575d8bcc3fc9
0x575d8bcc40d9
0x575d8bcc4109
0x575d8bcc44b9
0x575d8bcc4920
0x575d8bcc49d8
0x575d8bcc49e9
0x575d8bcc4b10
0x575d8bcc4cc2
0x575d8bcc5077
0x575d8bcc510d
0x575d8bcc5157
0x575d8bcc5219
0x575d8bcc52c0
0x575d8bcc54b9
0x575d8bcc6182
0x575d8bcc6273
0x575d8bcc6330
0x575d8bcc6367
0x575d8bcc636c
0x575d8bcc6371
0x575d8bcc6376
0x575d8bcc6448
0x575d8bcc6459
0x575d8bcc6a0e
0x575d8bcc70f9
0x575d8bcc72a9
0x575d8bcc7598
0x575d8bcc776c
0x575d8bcc7779
0x575d8bcc7899
0x575d8bcc79bc
0x575d8bcc79c9
0x575d8bcc7b38
0x575d8bcc7c0c
0x575d8bcc7c19
0x575d8bcc7e5c
0x575d8bcc7e69
0x575d8bcca038
0x575d8bcca10c
0x575d8bcca119
0x575d8bcca35c
0x575d8bcca369
0x575d8bcca568
0x575d8bcca5ac
0x575d8bcca5b9
0x575d8bcca5d0
0x575d8bcca6e8
0x575d8bcca7c0
0x575d8bcca7fc
0x575d8bcca809
0x575d8bcca8ec
0x575d8bcca8f9
0x575d8bcca948
0x575d8bccac17
0x575d8bccb127
0x575d8bccb12c
0x575d8bccb14a
0x575d8bccb5c9
0x575d8bccbc2c
0x575d8bccbc3b
0x575d8bccbccc
0x575d8bccbcf9
0x575d8bccbd17
0x575d8bccbd1c
0x575d8bccbd53
0x575d8bccbd58
0x575d8bccbd5d
0x575d8bccbd67
0x575d8bccbd6c
0x575d8bccbd71
0x575d8bccbd7b
0x575d8bccbd80
0x575d8bccbd85
0x575d8bccbea0
0x575d8bccc5c0
0x575d8bccc6a5
0x575d8bccc6b4
0x575d8bccc7e0
0x575d8bccc8b9
0x575d8bccca38
0x575d8bccce2c
0x575d8bccce34
0x575d8bccce39
0x575d8bccd0f9
0x575d8bccd49f
0x575d8bccd4a0
0x575d8bccd4f9
0x575d8bccd6f8
0x575d8bccda69
0x575d8bccdec9
0x575d8bccdf7a
0x575d8bccdf7f
0x575d8bcce0fd
0x575d8bcce2e9
0x575d8bcce7d9
0x575d8bccef9c
0x575d8bccf820
0x575d8bccf850
0x575d8bccf972
0x575d8bccfec9
0x575d8bccff78
0x575d8bccffb8
0x575d8bcd0030
0x575d8bcd00b3
0x575d8bcd00c7
0x575d8bcd00ef
0x575d8bcd0112
0x575d8bcd0135
0x575d8bcd0153
0x575d8bcd0171
0x575d8bcd017b
0x575d8bcd018f
0x575d8bcd0199
0x575d8bcd019e
0x575d8bcd0413
0x575d8bcd0427
0x575d8bcd044f
0x575d8bcd0472
0x575d8bcd0495
0x575d8bcd04b3
0x575d8bcd04bd
0x575d8bcd04d1
0x575d8bcd04db
0x575d8bcd04ef
0x575d8bcd04f9
0x575d8bcd04fe
0x575d8bcd0508
0x575d8bcd050d
0x575d8bcd0f0e
0x575d8bcd14e1
0x575d8bcd16b6
0x575d8bcd183b
0x575d8bcd1d02
0x575d8bcd1f83
0x575d8bcd2838
0x575d8bcd2843
0x575d8bcd2860
0x575d8bcd2aec
0x575d8bcd2bc0
0x575d8bcd3336
0x575d8bcd333b
0x575d8bcd3340
0x575d8bcd3489
0x575d8bcd34d0
0x575d8bcd36f3
0x575d8bcd3748
0x575d8bcd38b0
0x575d8bcd38ba
0x575d8bcd3928
0x575d8bcd394b
0x575d8bcd395f
0x575d8bcd3964
0x575d8bcd398c
0x575d8bcd3991
0x575d8bcd3996
0x575d8bcd399b
0x575d8bcd39a0
0x575d8bcd39a5
0x575d8bcd39aa
0x575d8bcd39af
0x575d8bcd39b4
0x575d8bcd4379
0x575d8bcd46fd
0x575d8bcd4738
0x575d8bcd4789
0x575d8bcd4ab7
0x575d8bcd512e
0x575d8bcd5142
0x575d8bcd516f
0x575d8bcd517e
0x575d8bcd543e
0x575d8bcd5550
0x575d8bcd55b7
0x575d8bcd5d27
0x575d8bcd69a3
0x575d8bcd69f8
0x575d8bcd6a09
0x575d8bcd6c18
0x575d8bcd6df0
0x575d8bcd6fc3
0x575d8bcd7027
0x575d8bcd703b
0x575d8bcd7072
0x575d8bcd7077
0x575d8bcd707c
0x575d8bcd7081
0x575d8bcd7086
0x575d8bcd708b
0x575d8bcd7090
0x575d8bcd7095
0x575d8bcd709a
0x575d8bcd709f
0x575d8bcd70a4
0x575d8bcd70a9
0x575d8bcd70ae
0x575d8bcd70b3
0x575d8bcd70b8
0x575d8bcd70bd
0x575d8bcd7318
0x575d8bcd79b8
0x575d8bcd7a25
0x575d8bcd7a26
0x575d8bcd7a51
0x575d8bcd7a78
0x575d8bcd7a9e
0x575d8bcd7ad7
0x575d8bcd7b3b
0x575d8bcd7b85
0x575d8bcd7bcc
0x575d8bcd7c13
0x575d8bcd7c52
0x575d8bcd7ce7
0x575d8bcd7d70
0x575d8bcd7dab
0x575d8bcd7ea0
0x575d8bcd7ea2
0x575d8bcd7ea3
0x575d8bcd7ea4
0x575d8bcd7f53
0x575d8bcd8399
0x575d8bcd8840
0x575d8bcd8d70
0x575d8bcd8d80
0x575d8bcda1d9
0x575d8bcda8f9
0x575d8bcdad49
0x575d8bcdb0f9
0x575d8bcdbc2e
0x575d8bcdbd99
0x575d8bcdbe32
0x575d8bcdc329
0x575d8bcdc638
0x575d8bcdc663
0x575d8bcde001
0x575d8bcde015
0x575d8bcde051
0x575d8bcde169
0x575d8bcde1d9
0x575d8bcde32c
0x575d8bcde39f
0x575d8bcde3a9
0x575d8bcde90a
0x575d8bcdeb98
0x575d8bcdf2ff
0x575d8bcdf304
0x575d8bcdf559
0x575d8bcdfbd2
0x575d8bce0129
0x575d8bce03f0
0x575d8bce0d3f
0x575d8bce0fce
0x575d8bce11b9
0x575d8bce11e9
0x575d8bce17f9
0x575d8bce1844
0x575d8bce1972
0x575d8bce1a84
0x575d8bce1d86
0x575d8bce2040
0x575d8bce24b4
0x575d8bce2cf8
0x575d8bce2d39
0x575d8bce2e67
0x575d8bce3095
0x575d8bce30be
0x575d8bce317f
0x575d8bce31a8
0x575d8bce3929
0x575d8bce40d9
0x575d8bce47fa
0x575d8bce4920
0x575d8bce49e2
0x575d8bce49ec
0x575d8bce49f1
0x575d8bce4dc0
0x575d8bce4fe9
0x575d8bce5c4a
0x575d8bce5ca0
0x575d8bce5cd0
0x575d8bce5dac
0x575d8bce5ebf
0x575d8bce6015
0x575d8bce6024
0x575d8bce6030
0x575d8bce603b
0x575d8bce606d
0x575d8bce607c
0x575d8bce6088
0x575d8bce6093
0x575d8bce60c8
0x575d8bce60d7
0x575d8bce60e3
0x575d8bce60ee
0x575d8bce611d
0x575d8bce612c
0x575d8bce6135
0x575d8bce6138
0x575d8bce6143
0x575d8bce6171
0x575d8bce6180
0x575d8bce618c
0x575d8bce6197
0x575d8bce61c0
0x575d8bce61cf
0x575d8bce61db
0x575d8bce61e6
0x575d8bce620d
0x575d8bce621c
0x575d8bce6228
0x575d8bce6233
0x575d8bce623f
0x575d8bce624e
0x575d8bce625a
0x575d8bce6265
0x575d8bce627d
0x575d8bce628c
0x575d8bce6298
0x575d8bce62a3
0x575d8bce62ca
0x575d8bce62d9
0x575d8bce62e5
0x575d8bce62f0
0x575d8bce6329
0x575d8bce6338
0x575d8bce6344
0x575d8bce634f
0x575d8bce635b
0x575d8bce636a
0x575d8bce6376
0x575d8bce6381
0x575d8bce6398
0x575d8bce63a7
0x575d8bce63b3
0x575d8bce63be
0x575d8bce6402
0x575d8bce6411
0x575d8bce641a
0x575d8bce641d
0x575d8bce6428
0x575d8bce646d
0x575d8bce647c
0x575d8bce6488
0x575d8bce6493
0x575d8bce64ca
0x575d8bce64d9
0x575d8bce64e5
0x575d8bce64f0
0x575d8bce64fc
0x575d8bce650b
0x575d8bce6517
0x575d8bce6522
0x575d8bce6536
0x575d8bce6545
0x575d8bce6551
0x575d8bce655c
0x575d8bce656a
0x575d8bce6579
0x575d8bce6585
0x575d8bce6590
0x575d8bce659c
0x575d8bce65ab
0x575d8bce65b7
0x575d8bce65c2
0x575d8bce65f0
0x575d8bce65ff
0x575d8bce660b
0x575d8bce6616
0x575d8bce6640
0x575d8bce664f
0x575d8bce665b
0x575d8bce6666
0x575d8bce669c
0x575d8bce6766
0x575d8bce676a
0x575d8bce676e
0x575d8bce6774
0x575d8bce6775
0x575d8bce678b
0x575d8bce679b
0x575d8bce6851
0x575d8bce691e
0x575d8bce6922
0x575d8bce6926
0x575d8bce6a48
0x575d8bce6a58
0x575d8bce6f58
0x575d8bce6f69
0x575d8bce6fb0
0x575d8bce7047
0x575d8bce73b2
0x575d8bce7891
0x575d8bce7896
0x575d8bce789b
0x575d8bce7968
0x575d8bce7979
0x575d8bce7a0d
0x575d8bce7ba4
0x575d8bce7c98
0x575d8bce8118
0x575d8bce8159
0x575d8bce8189
0x575d8bce81e3
0x575d8bce9350
0x575d8bce9358
0x575d8bce93e4
0x575d8bce9411
0x575d8bce9594
0x575d8bce95c1
0x575d8bce96e0
0x575d8bce973f
0x575d8bce974e
0x575d8bce9771
0x575d8bce9a1f
0x575d8bce9b73
0x575d8bce9bd2
0x575d8bce9ff9
0x575d8bcea60d
0x575d8bcea61f
0x575d8bcea639
0x575d8bcea689
0x575d8bcebbd7
0x575d8bcec574
0x575d8bcec604
0x575d8bcec60e
0x575d8bcec969
0x575d8bcecb88
0x575d8bcecc58
0x575d8bcecc69
0x575d8bced1a9
0x575d8bced2e1
0x575d8bced830
0x575d8bceddc8
0x575d8bcedf14
0x575d8bcee100
0x575d8bcee120
0x575d8bcee229
0x575d8bcee250
0x575d8bceea0e
0x575d8bceeb00
0x575d8bceed90
0x575d8bceeda9
0x575d8bcef3a5
0x575d8bcef5dd
0x575d8bcef5fb
0x575d8bcefad9
0x575d8bcefcb9
0x575d8bcf0298
0x575d8bcf08b8
0x575d8bcf0968
0x575d8bcf0979
0x575d8bcf0aa9
0x575d8bcf0bb9
0x575d8bcf0c07
0x575d8bcf0de4
0x575d8bcf0e88
0x575d8bcf0e99
0x575d8bcf0ec9
0x575d8bcf0fa0
0x575d8bcf0ff8
0x575d8bcf1409
0x575d8bcf14b9
0x575d8bcf17f9
0x575d8bcf194a
0x575d8bcf2571
0x575d8bcf2f09
0x575d8bcf2fc0
0x575d8bcf3000
0x575d8bcf3057
0x575d8bcf37ec
0x575d8bcf37f9
0x575d8bcf3a3c
0x575d8bcf3a49
0x575d8bcf3c8c
0x575d8bcf3c99
0x575d8bcf3edc
0x575d8bcf3ee9
0x575d8bcf618c
0x575d8bcf6197
0x575d8bcf6199
0x575d8bcf64ac
0x575d8bcf64b9
0x575d8bcf6559
0x575d8bcf6717
0x575d8bcf6989
0x575d8bcf6ce9
0x575d8bcf6e17
0x575d8bcf7090
0x575d8bcf71b9
0x575d8bcf7459
0x575d8bcf7699
0x575d8bcf7950
0x575d8bcf7b23
0x575d8bcf7b53
0x575d8bcf7b67
0x575d8bcf84d9
0x575d8bcf87e2
0x575d8bcf88c2
0x575d8bcf8a28
0x575d8bcf9263
0x575d8bcf9678
0x575d8bcf9eb8
0x575d8bcfaba8
0x575d8bcfbb12
0x575d8bcfbcf8
0x575d8bcfbd60
0x575d8bcfd339
0x575d8bcfd514
0x575d8bcfd7ba
0x575d8bcfd7bb
0x575d8bcfd819
0x575d8bcfd9f1
0x575d8bcfd9f3
0x575d8bcfda31
0x575d8bcfda34
0x575d8bcfda3a
0x575d8bcfda6b
0x575d8bcfdab5
0x575d8bcfdacb
0x575d8bcfdb0b
0x575d8bcfdb0e
0x575d8bcfdb14
0x575d8bcfdb5e
0x575d8bcfdb64
0x575d8bcfdb65
0x575d8bcfdb66
0x575d8bcfdb67
0x575d8bcfdb68
0x575d8bcfdb69
0x575d8bcfdb6a
0x575d8bcfdb6b
0x575d8bcfdb6c
0x575d8bcfdb6d
0x575d8bcfdb6e
0x575d8bcfdb6f
0x575d8bcfdb70
0x575d8bcfdc89
0x575d8bcfdd30
0x575d8bcfdd63
0x575d8bcfdd69
0x575d8bcfdfc4
0x575d8bcfe2ce
0x575d8bcfe48e
0x575d8bcfe566
0x575d8bcfe7de
0x575d8bcfe821
0x575d8bcfe893
0x575d8bcfe8c8
0x575d8bcfe8c9
0x575d8bcfedde
0x575d8bcfee02
0x575d8bcfee08
0x575d8bcfee0e
0x575d8bcfee14
0x575d8bcfee1a
0x575d8bcfee20
0x575d8bcfee26
0x575d8bcfee2c
0x575d8bcfeea7
0x575d8bcfeeef
0x575d8bcfef21
0x575d8bcfef65
0x575d8bcfef95
0x575d8bcff115
0x575d8bcff137
0x575d8bcff1b5
0x575d8bcff288
0x575d8bcff325
0x575d8bcff3bd
0x575d8bcff5e3
0x575d8bcff5f4
0x575d8bcff758
0x575d8bcff915
0x575d8bcff9d6
0x575d8bcffadf
0x575d8bcffc59
0x575d8bcffd85
0x575d8bcffdf1
0x575d8bcffdf6
0x575d8bcffdf8
0x575d8bcffe37
0x575d8bcffe3c
0x575d8bcffe3f
0x575d8bcffe45
0x575d8bcffe4e
0x575d8bcffe4f
0x575d8bcffe58
0x575d8bcffe83
0x575d8bcffebf
0x575d8bcffee8
0x575d8bcffeed
0x575d8bcffef0
0x575d8bcffef6
0x575d8bcffeff
0x575d8bcfff17
0x575d8bcfff21
0x575d8bcfff5e
0x575d8bcfff84
0x575d8bcfff9f
0x575d8bcfffd9
0x575d8bcfffe4
0x575d8bd000bd
0x575d8bd001b0
0x575d8bd00288
0x575d8bd0034d
0x575d8bd003cf
0x575d8bd0048f
0x575d8bd004f7
0x575d8bd005d3
0x575d8bd00691
0x575d8bd00783
0x575d8bd007cb
0x575d8bd0082c
0x575d8bd009ba
0x575d8bd009c7
0x575d8bd009ed
0x575d8bd009f2
0x575d8bd009f4
0x575d8bd00b14
0x575d8bd00b21
0x575d8bd00b47
0x575d8bd00b4c
0x575d8bd00b4e
0x575d8bd00d44
0x575d8bd00d7a
0x575d8bd00d95
0x575d8bd00dcf
0x575d8bd00dea
0x575d8bd00e25
0x575d8bd00e70
0x575d8bd0130e
0x575d8bd01667
0x575d8bd01670
0x575d8bd01672
0x575d8bd01673
0x575d8bd01678
0x575d8bd016be
0x575d8bd01785
0x575d8bd0193c
0x575d8bd0193d
0x575d8bd0193e
0x575d8bd01959
0x575d8bd01986
0x575d8bd01987
0x575d8bd01988
0x575d8bd01bc8
0x575d8bd01c80
0x575d8bd01ce4
0x575d8bd01d6a
0x575d8bd01e1e
0x575d8bd01e71
0x575d8bd01ece
0x575d8bd01f36
0x575d8bd01f91
0x575d8bd01fef
0x575d8bd0204f
0x575d8bd020ad
0x575d8bd0210b
0x575d8bd0216e
0x575d8bd021d0
0x575d8bd0222f
0x575d8bd0228c
0x575d8bd022e8
0x575d8bd0234c
0x575d8bd023a3
0x575d8bd023fc
0x575d8bd02463
0x575d8bd02491
0x575d8bd024fe
0x575d8bd026b5
0x575d8bd0270a
0x575d8bd02734
0x575d8bd02735
0x575d8bd0281e
0x575d8bd02847
0x575d8bd0289b
0x575d8bd028c7
0x575d8bd029b0
0x575d8bd029d9
0x575d8bd029db
0x575d8bd02e45
0x575d8bd03013
0x575d8bd0312f
0x575d8bd03149
0x575d8bd0314a
0x575d8bd032d5
0x575d8bd034a2
0x575d8bd035e6
0x575d8bd036a3
0x575d8bd0385c
0x575d8bd03a1c
0x575d8bd03bf6
0x575d8bd03da8
0x575d8bd03df5
0x575d8bd03e22
0x575d8bd03e68
0x575d8bd03e6a
0x575d8bd03f2e
0x575d8bd03f78
0x575d8bd03f79
0x575d8bd03f80
0x575d8bd03fb5
0x575d8bd03fb7
0x575d8bd03fcc
0x575d8bd03fcd
0x575d8bd0403d
0x575d8bd040bf
0x575d8bd040c1
0x575d8bd04135
0x575d8bd04139
0x575d8bd0415c
0x575d8bd041ff
0x575d8bd0421a
0x575d8bd0424d
0x575d8bd04251
0x575d8bd0425f
0x575d8bd04275
0x575d8bd042ae
0x575d8bd042ce
0x575d8bd042fc
0x575d8bd043d3
0x575d8bd043d9
0x575d8bd043dd
0x575d8bd043ea
0x575d8bd0443b
0x575d8bd044a0
0x575d8bd044a2
0x575d8bd0459c
0x575d8bd045e0
0x575d8bd0477d
0x575d8bd047f8
0x575d8bd04884
0x575d8bd0496a
0x575d8bd04c12
0x575d8bd04cbc
0x575d8bd05089
0x575d8bd05176
0x575d8bd0517a
0x575d8bd053b1
0x575d8bd054a5
0x575d8bd05606
0x575d8bd05609
0x575d8bd05b55
0x575d8bd05b59
0x575d8bd05dfe
0x575d8bd05f11
0x575d8bd0606d
0x575d8bd0634b
0x575d8bd06760
0x575d8bd06a30
0x575d8bd06a36
0x575d8bd06f26
0x575d8bd06f27
0x575d8bd070cc
0x575d8bd0a285
0x575d8bd0bad2
0x575d8bd0c3a4
0x575d8bd0c94b
0x575d8bd0cc8c
0x575d8bd0cc94
0x575d8bd0cd09
0x575d8bd0cd11
0x575d8bd0cd19
0x575d8bd0cdf5
0x575d8bd0ce88
0x575d8bd0cec3
0x575d8bd0d1a6
0x575d8bd0d1ac
0x575d8bd0da5f
0x575d8bd0da65
0x575d8bd0dbd6
0x575d8bd0f57a
0x575d8bd0f83e
0x575d8bd0f846
0x575d8bd0f8b8
0x575d8bd0f8c0
0x575d8bd0f8c8
0x575d8bd0fd2d
0x575d8bd0feba
0x575d8bd0fec0
0x575d8bd0ff50
0x575d8bd0ff51
0x575d8bd1021b
0x575d8bd1151d
0x575d8bd11f59
0x575d8bd11f5a
0x575d8bd11f5b
0x575d8bd121f0
0x575d8bd12718
0x575d8bd1271e
0x575d8bd12fcf
0x575d8bd12fd5
0x575d8bd13b16
0x575d8bd140d5
0x575d8bd14284
0x575d8bd14285
0x575d8bd14e8b
0x575d8bd14e93
0x575d8bd14f0c
0x575d8bd14f14
0x575d8bd14f1c
0x575d8bd15061
0x575d8bd15069
0x575d8bd150c8
0x575d8bd150d0
0x575d8bd150d8
0x575d8bd15133
0x575d8bd15134
0x575d8bd1513b
0x575d8bd1513c
0x575d8bd151a6
0x575d8bd151a7
0x575d8bd151ae
0x575d8bd151af
0x575d8bd151b6
0x575d8bd151b7
0x575d8bd154c9
0x575d8bd15771
0x575d8bd15777
0x575d8bd157a6
0x575d8bd157a7
0x575d8bd15df7
0x575d8bd15dfd
0x575d8bd15e9c
0x575d8bd15ea5
0x575d8bd16db9
0x575d8bd16dc0
0x575d8bd16f91
0x575d8bd17007
0x575d8bd17371
0x575d8bd1761f
0x575d8bd17627
0x575d8bd17751
0x575d8bd17764
0x575d8bd17766
0x575d8bd17779
0x575d8bd1777d
0x575d8bd17787
0x575d8bd17852
0x575d8bd1789d
0x575d8bd1789e
0x575d8bd1789f
0x575d8bd17a52
0x575d8bd17bf0
0x575d8bd17bf4
0x575d8bd17c51
0x575d8bd17c52
0x575d8bd17d87
0x575d8bd17f84
0x575d8bd180f5
0x575d8bd1833a
0x575d8bd184c4
0x575d8bd186d4
0x575d8bd1871d
0x575d8bd18791
0x575d8bd18792
0x575d8bd18793
0x575d8bd18794
0x575d8bd18897
0x575d8bd1894d
0x575d8bd1895f
0x575d8bd18b22
0x575d8bd18bba
0x575d8bd18d60
0x575d8bd18eee
0x575d8bd18f30
0x575d8bd18f31
0x575d8bd18f32
0x575d8bd18f33
0x575d8bd18ffa
0x575d8bd1909b
0x575d8bd1909e
0x575d8bd190bd
0x575d8bd190be
0x575d8bd190bf
0x575d8bd190c0
0x575d8bd1918b
0x575d8bd1918c
0x575d8bd1918d
0x575d8bd1918e
0x575d8bd1969d
0x575d8bd19ac1
0x575d8bd19dc0
0x575d8bd19e10
0x575d8bd19e78
0x575d8bd1a239
0x575d8bd1a6f9
0x575d8bd1a9af
0x575d8bd1a9b4
0x575d8bd1ab89
0x575d8bd1ac99
0x575d8bd1b139
0x575d8bd1b199
0x575d8bd1b677
0x575d8bd1bdf2
0x575d8bd1cc29
0x575d8bd1cda8
0x575d8bd1ceb1
0x575d8bd1ceb6
0x575d8bd1ced4
0x575d8bd1d20e
0x575d8bd1d245
0x575d8bd1d2bd
0x575d8bd1d2fe
0x575d8bd1da8c
0x575d8bd1da99
0x575d8bd1dab8
0x575d8bd1dcdc
0x575d8bd1dce9
0x575d8bd1dd08
0x575d8bd1df2c
0x575d8bd1df39
0x575d8bd1df58
0x575d8bd200e8
0x575d8bd20183
0x575d8bd204c7
0x575d8bd206af
0x575d8bd20c39
0x575d8bd21190
0x575d8bd211b1
0x575d8bd211b8
0x575d8bd21589
0x575d8bd21674
0x575d8bd21d1d
0x575d8bd21d22
0x575d8bd21d27
0x575d8bd21d2c
0x575d8bd21d99
0x575d8bd21ed2
0x575d8bd21ed7
0x575d8bd21edc
0x575d8bd21ee1
0x575d8bd21ee6
0x575d8bd21eeb
0x575d8bd21ef0
0x575d8bd21ef5
0x575d8bd21efa
0x575d8bd21eff
0x575d8bd21f04
0x575d8bd220a9
0x575d8bd221d8
0x575d8bd22244
0x575d8bd222d8
0x575d8bd22938
0x575d8bd22b99
0x575d8bd22c10
0x575d8bd22c39
0x575d8bd22c89
0x575d8bd23987
0x575d8bd23b52
0x575d8bd23d09
0x575d8bd24152
0x575d8bd24157
0x575d8bd244b9
0x575d8bd245ba
0x575d8bd245bf
0x575d8bd24b08
0x575d8bd24b23
0x575d8bd24b60
0x575d8bd24e57
0x575d8bd253f1
0x575d8bd253f6
0x575d8bd253fb
0x575d8bd25432
0x575d8bd25437
0x575d8bd2543c
0x575d8bd2545f
0x575d8bd25464
0x575d8bd25478
0x575d8bd2547d
0x575d8bd25482
0x575d8bd25491
0x575d8bd254a0
0x575d8bd254cd
0x575d8bd258d0
0x575d8bd258d5
0x575d8bd258da
0x575d8bd258e4
0x575d8bd25c7b
0x575d8bd25daf
0x575d8bd25fb2
0x575d8bd26289
0x575d8bd26319
0x575d8bd26326
0x575d8bd26337
0x575d8bd263c5
0x575d8bd263c7
0x575d8bd26406
0x575d8bd26734
0x575d8bd26a50
0x575d8bd26a58
0x575d8bd270d2
0x575d8bd270d7
0x575d8bd27472
0x575d8bd28050
0x575d8bd28393
0x575d8bd287b8
0x575d8bd287c9
0x575d8bd28919
0x575d8bd28925
0x575d8bd28928
0x575d8bd28941
0x575d8bd2894d
0x575d8bd28a33
0x575d8bd28b02
0x575d8bd29750
0x575d8bd29758
0x575d8bd29e98
0x575d8bd29ef7
0x575d8bd2a071
0x575d8bd2a080
0x575d8bd2a208
0x575d8bd2a372
0x575d8bd2a377
0x575d8bd2a37c
0x575d8bd2a8ff
0x575d8bd2b452
0x575d8bd2b5e7
0x575d8bd2b7ce
0x575d8bd2b7d3
0x575d8bd2b7d8
0x575d8bd2b870
0x575d8bd2b969
0x575d8bd2bbbf
0x575d8bd2bbc4
0x575d8bd2bc00
0x575d8bd2bc08
0x575d8bd2bc27
0x575d8bd2c154
0x575d8bd2c163
0x575d8bd2c21d
0x575d8bd2c2f7
0x575d8bd2c9c7
0x575d8bd2ce77
0x575d8bd2d198
0x575d8bd2d1a9
0x575d8bd2d2d8
0x575d8bd2d637
0x575d8bd2ddd9
0x575d8bd2df78
0x575d8bd2dff0
0x575d8bd2e080
0x575d8bd2f7e8
0x575d8bd2f7f9
0x575d8bd2f8fb
0x575d8bd2fd84
0x575d8bd2ff17
0x575d8bd30168
0x575d8bd301db
0x575d8bd301e5
0x575d8bd3023a
0x575d8bd3023f
0x575d8bd30244
0x575d8bd30249
0x575d8bd3024e
0x575d8bd30253
0x575d8bd30258
0x575d8bd3025d
0x575d8bd30267
0x575d8bd30276
0x575d8bd3027b
0x575d8bd30285
0x575d8bd304b3
0x575d8bd30fae
0x575d8bd31488
0x575d8bd31499
0x575d8bd31d97
0x575d8bd32199
0x575d8bd32258
0x575d8bd32381
0x575d8bd32395
0x575d8bd327f8
0x575d8bd329e9
0x575d8bd32b6a
0x575d8bd32ea8
0x575d8bd32eb9
0x575d8bd32f07
0x575d8bd344f6
0x575d8bd348f0
0x575d8bd34b59
0x575d8bd35020
0x575d8bd3503e
0x575d8bd35052
0x575d8bd36740
0x575d8bd367e2
0x575d8bd36f77
0x575d8bd37549
0x575d8bd37c7d
0x575d8bd37cde
0x575d8bd37d44
0x575d8bd37d53
0x575d8bd38999
0x575d8bd389fd
0x575d8bd38a29
0x575d8bd38a59
0x575d8bd38b38
0x575d8bd38c0c
0x575d8bd38c19
0x575d8bd38dc0
0x575d8bd38dfc
0x575d8bd38e09
0x575d8bd3c0dc
0x575d8bd3c0e9
0x575d8bd3cad9
0x575d8bd3cb39
0x575d8bd3cd60
0x575d8bd3cdc9
0x575d8bd3cdf9
0x575d8bd3ce29
0x575d8bd3d030
0x575d8bd3d0a9
0x575d8bd3d0ae
0x575d8bd3d0b3
0x575d8bd3d408
0x575d8bd3d40d
0x575d8bd3d412
0x575d8bd3d760
0x575d8bd3d7a8
0x575d8bd3da77
0x575d8bd3dd38
0x575d8bd3e080
0x575d8bd3e0a9
0x575d8bd3e219
0x575d8bd3e578
0x575d8bd3f629
0x575d8bd3f62b
0x575d8bd3f632
0x575d8bd3f640
0x575d8bd3f650
0x575d8bd3f653
0x575d8bd3f655
0x575d8bd3f658
0x575d8bd3f65a
0x575d8bd3f66d
0x575d8bd3f67f
0x575d8bd3f681
0x575d8bd3f682
0x575d8bd3f6a3
0x575d8bd3f6a5
0x575d8bd3f6a8
0x575d8bd3f6aa
0x575d8bd3f6b7
0x575d8bd3f6c7
0x575d8bd3f6cf
0x575d8bd3f6d1
0x575d8bd3f6d2
0x575d8bd3f6f8
0x575d8bd3f6fd
0x575d8bd3f6ff
0x575d8bd3f70a
0x575d8bd3f9c4
0x575d8bd3fc98
0x575d8bd40118
0x575d8bd40159
0x575d8bd40189
0x575d8bd40402
0x575d8bd4058e
0x575d8bd40a37
0x575d8bd412c7
0x575d8bd41472
0x575d8bd41552
0x575d8bd415fe
0x575d8bd41637
0x575d8bd41760
0x575d8bd418d8
0x575d8bd41a60
0x575d8bd41b79
0x575d8bd41ba9
0x575d8bd41e9d
0x575d8bd42754
0x575d8bd427e8
0x575d8bd42a12
0x575d8bd431c4
0x575d8bd431d3
0x575d8bd431d8
0x575d8bd43250
0x575d8bd43291
0x575d8bd43567
0x575d8bd43720
0x575d8bd43778
0x575d8bd43789
0x575d8bd439f0
0x575d8bd43b33
0x575d8bd43bba
0x575d8bd43ef7
0x575d8bd43f00
0x575d8bd43f64
0x575d8bd4404f
0x575d8bd4405a
0x575d8bd4405b
0x575d8bd4405c
0x575d8bd4405e
0x575d8bd44066
0x575d8bd44069
0x575d8bd4406a
0x575d8bd4406b
0x575d8bd440b9
0x575d8bd440c4
0x575d8bd440c5
0x575d8bd440c6
0x575d8bd440c8
0x575d8bd440d3
0x575d8bd440d4
0x575d8bd440d5
0x575d8bd440f8
0x575d8bd44122
0x575d8bd4412d
0x575d8bd4412e
0x575d8bd4412f
0x575d8bd44131
0x575d8bd4413b
0x575d8bd4413c
0x575d8bd4413d
0x575d8bd4413e
0x575d8bd44142
0x575d8bd443a6
0x575d8bd44482
0x575d8bd44681
0x575d8bd4468c
0x575d8bd44697
0x575d8bd446a4
0x575d8bd446b3
0x575d8bd446be
0x575d8bd446c9
0x575d8bd446d5
0x575d8bd446e4
0x575d8bd446ef
0x575d8bd446fa
0x575d8bd44732
0x575d8bd44741
0x575d8bd4474c
0x575d8bd44757
0x575d8bd44779
0x575d8bd44788
0x575d8bd44790
0x575d8bd44793
0x575d8bd4479e
0x575d8bd447bd
0x575d8bd447cc
0x575d8bd447d7
0x575d8bd447e2
0x575d8bd44803
0x575d8bd44822
0x575d8bd44831
0x575d8bd4483d
0x575d8bd44848
0x575d8bd4485e
0x575d8bd44867
0x575d8bd44876
0x575d8bd44882
0x575d8bd4488d
0x575d8bd448ae
0x575d8bd448bd
0x575d8bd448c9
0x575d8bd448d4
0x575d8bd448f6
0x575d8bd44905
0x575d8bd44911
0x575d8bd4491c
0x575d8bd44928
0x575d8bd44937
0x575d8bd44943
0x575d8bd4494e
0x575d8bd44961
0x575d8bd4498d
0x575d8bd4499c
0x575d8bd449a8
0x575d8bd449b3
0x575d8bd449eb
0x575d8bd449fa
0x575d8bd44a06
0x575d8bd44a11
0x575d8bd44a51
0x575d8bd44a60
0x575d8bd44a6c
0x575d8bd44a77
0x575d8bd44a96
0x575d8bd44aa5
0x575d8bd44aae
0x575d8bd44ab1
0x575d8bd44abc
0x575d8bd44adc
0x575d8bd44aeb
0x575d8bd44af7
0x575d8bd44b02
0x575d8bd44b24
0x575d8bd44b33
0x575d8bd44b3f
0x575d8bd44b4a
0x575d8bd44b56
0x575d8bd44b65
0x575d8bd44b71
0x575d8bd44b7c
0x575d8bd44b99
0x575d8bd44bac
0x575d8bd44bbb
0x575d8bd44bc7
0x575d8bd44bd2
0x575d8bd44c04
0x575d8bd44c13
0x575d8bd44c1f
0x575d8bd44c2a
0x575d8bd44c41
0x575d8bd44c4b
0x575d8bd44c5a
0x575d8bd44c66
0x575d8bd44c71
0x575d8bd44d13
0x575d8bd44d17
0x575d8bd44d1b
0x575d8bd44d21
0x575d8bd44d22
0x575d8bd44d38
0x575d8bd44d48
0x575d8bd44d8e
0x575d8bd44d90
0x575d8bd44d91
0x575d8bd44d92
0x575d8bd45007
0x575d8bd45061
0x575d8bd45066
0x575d8bd451c0
0x575d8bd451fc
0x575d8bd45207
0x575d8bd45209
0x575d8bd45221
0x575d8bd4544c
0x575d8bd45459
0x575d8bd4569c
0x575d8bd456a9
0x575d8bd458ec
0x575d8bd458f9
0x575d8bd45b3c
0x575d8bd45b49
0x575d8bd45d8c
0x575d8bd45d99
0x575d8bd45fdc
0x575d8bd45fe9
0x575d8bd4700c
0x575d8bd47019
0x575d8bd4725c
0x575d8bd47269
0x575d8bd47468
0x575d8bd474ac
0x575d8bd474b9
0x575d8bd474d0
0x575d8bd476c0
0x575d8bd476fc
0x575d8bd47709
0x575d8bd4794c
0x575d8bd47959
0x575d8bd47b9c
0x575d8bd47ba9
0x575d8bd47dec
0x575d8bd47df9
0x575d8bd47e00
0x575d8bd47e2c
0x575d8bd47e38
0x575d8bd47e39
0x575d8bd48179
0x575d8bd48209
0x575d8bd48920
0x575d8bd48c6a
0x575d8bd48c6f
0x575d8bd48d39
0x575d8bd48dd9
0x575d8bd48ea0
0x575d8bd499a3
0x575d8bd499a8
0x575d8bd499ad
0x575d8bd49a59
0x575d8bd49a89
0x575d8bd49ab9
0x575d8bd49cda
0x575d8bd49cdf
0x575d8bd49dc4
0x575d8bd4a0c9
0x575d8bd4a578
0x575d8bd4a599
0x575d8bd4a6a9
0x575d8bd4aac9
0x575d8bd4aad8
0x575d8bd4ad59
0x575d8bd4ae88
0x575d8bd4ae99
0x575d8bd4b092
0x575d8bd4bc48
0x575d8bd4bc57
0x575d8bd4c170
0x575d8bd4c4b0
0x575d8bd4c4c8
0x575d8bd4c4e9
0x575d8bd4c55f
0x575d8bd4c7e7
0x575d8bd4ce06
0x575d8bd4d102
0x575d8bd4d107
0x575d8bd4d10c
0x575d8bd4d111
0x575d8bd4d116
0x575d8bd4d319
0x575d8bd4d349
0x575d8bd4d459
0x575d8bd4d489
0x575d8bd4d708
0x575d8bd4d7e0
0x575d8bd4d859
0x575d8bd4db69
0x575d8bd4dbb9
0x575d8bd4de69
0x575d8bd4e8d7
0x575d8bd4ec10
0x575d8bd4ec18
0x575d8bd4ed21
0x575d8bd4ef22
0x575d8bd502ef
0x575d8bd50dd0
0x575d8bd51728
0x575d8bd51750
0x575d8bd51bf9
0x575d8bd52457
0x575d8bd52824
0x575d8bd5282e
0x575d8bd53b00
0x575d8bd53b60
0x575d8bd53ef3
0x575d8bd54010
0x575d8bd5415f
0x575d8bd544be
0x575d8bd54642
0x575d8bd54c90
0x575d8bd55252
0x575d8bd5556d
0x575d8bd55860
0x575d8bd55c4a
0x575d8bd55c99
0x575d8bd56369
0x575d8bd5646c
0x575d8bd56479
0x575d8bd566bc
0x575d8bd566c9
0x575d8bd56838
0x575d8bd5690c
0x575d8bd56919
0x575d8bd56b5c
0x575d8bd56b69
0x575d8bd56d68
0x575d8bd56dac
0x575d8bd56db9
0x575d8bd56dd0
0x575d8bd56fc0
0x575d8bd56ffc
0x575d8bd5a08c
0x575d8bd5a099
0x575d8bd5a208
0x575d8bd5a2dc
0x575d8bd5a2e9
0x575d8bd5a31c
0x575d8bd5a329
0x575d8bd5a569
0x575d8bd5a7c9
0x575d8bd5ad89
0x575d8bd5adb9
0x575d8bd5adf8
0x575d8bd5ae80
0x575d8bd5af88
0x575d8bd5b0bd
0x575d8bd5b108
0x575d8bd5bb58
0x575d8bd5bc6d
0x575d8bd5bc72
0x575d8bd5bf99
0x575d8bd5bfd8
0x575d8bd5cac3
0x575d8bd5cb89
0x575d8bd5cc33
0x575d8bd5cc60
0x575d8bd5cd45
0x575d8bd5cd81
0x575d8bd5cf49
0x575d8bd5cf79
0x575d8bd5d110
0x575d8bd5d190
0x575d8bd5d200
0x575d8bd5d423
0x575d8bd5d437
0x575d8bd5d43c
0x575d8bd5d450
0x575d8bd5d455
0x575d8bd5d46e
0x575d8bd5d482
0x575d8bd5d601
0x575d8bd5d729
0x575d8bd5d759
0x575d8bd5dd94
0x575d8bd5df39
0x575d8bd5e182
0x575d8bd5e9e9
0x575d8bd5eb98
0x575d8bd5eba9
0x575d8bd5f5a8
0x575d8bd5f5b8
0x575d8bd5f5d2
0x575d8bd5f5e1
0x575d8bd5f5ed
0x575d8bd5f5f8
0x575d8bd5f623
0x575d8bd5f632
0x575d8bd5f63e
0x575d8bd5f649
0x575d8bd5f67a
0x575d8bd5f689
0x575d8bd5f695
0x575d8bd5f6a0
0x575d8bd5f6d3
0x575d8bd5f6e2
0x575d8bd5f6ee
0x575d8bd5f6f9
0x575d8bd5f70c
0x575d8bd5f71b
0x575d8bd5f724
0x575d8bd5f727
0x575d8bd5f732
0x575d8bd5f73e
0x575d8bd5f74d
0x575d8bd5f759
0x575d8bd5f764
0x575d8bd5f794
0x575d8bd5f7a3
0x575d8bd5f7af
0x575d8bd5f7ba
0x575d8bd5f7f8
0x575d8bd5f807
0x575d8bd5f813
0x575d8bd5f81e
0x575d8bd5f83d
0x575d8bd5f84c
0x575d8bd5f858
0x575d8bd5f863
0x575d8bd5f88e
0x575d8bd5f89d
0x575d8bd5f8a9
0x575d8bd5f8b4
0x575d8bd5f8e2
0x575d8bd5f8f1
0x575d8bd5f8fd
0x575d8bd5f908
0x575d8bd5f91b
0x575d8bd5f92a
0x575d8bd5f936
0x575d8bd5f941
0x575d8bd5f94d
0x575d8bd5f95c
0x575d8bd5f968
0x575d8bd5f973
0x575d8bd5f9a2
0x575d8bd5f9b1
0x575d8bd5f9bd
0x575d8bd5f9c8
0x575d8bd5fa04
0x575d8bd5fa13
0x575d8bd5fa1c
0x575d8bd5fa1f
0x575d8bd5fa2a
0x575d8bd5fa7e
0x575d8bd5fa8d
0x575d8bd5fa99
0x575d8bd5faa4
0x575d8bd5fafa
0x575d8bd5fb09
0x575d8bd5fb15
0x575d8bd5fb20
0x575d8bd5fb33
0x575d8bd5fb42
0x575d8bd5fb4e
0x575d8bd5fb59
0x575d8bd5fb65
0x575d8bd5fb74
0x575d8bd5fb80
0x575d8bd5fb8b
0x575d8bd5fbcd
0x575d8bd5fbdc
0x575d8bd5fbe8
0x575d8bd5fbf3
0x575d8bd5fc1f
0x575d8bd5fc2e
0x575d8bd5fc3a
0x575d8bd5fc45
0x575d8bd5fc6f
0x575d8bd5fc7e
0x575d8bd5fc8a
0x575d8bd5fc95
0x575d8bd5fcbb
0x575d8bd5fcca
0x575d8bd5fcd6
0x575d8bd5fce1
0x575d8bd5fd08
0x575d8bd5fd17
0x575d8bd5fd23
0x575d8bd5fd2e
0x575d8bd5fd67
0x575d8bd5fd76
0x575d8bd5fd7f
0x575d8bd5fd82
0x575d8bd5fd8d
0x575d8bd5fdde
0x575d8bd5fded
0x575d8bd5fdf9
0x575d8bd5fe04
0x575d8bd5fe2d
0x575d8bd5fe3c
0x575d8bd5fe48
0x575d8bd5fe53
0x575d8bd5fea8
0x575d8bd5feb7
0x575d8bd5fec3
0x575d8bd5fece
0x575d8bd5ff1e
0x575d8bd5ff2d
0x575d8bd5ff39
0x575d8bd5ff44
0x575d8bd5ff92
0x575d8bd5ffa1
0x575d8bd5ffad
0x575d8bd5ffb8
0x575d8bd5ffcb
0x575d8bd5ffda
0x575d8bd5ffe6
0x575d8bd5fff1
0x575d8bd5fffd
0x575d8bd6000c
0x575d8bd60018
0x575d8bd60023
0x575d8bd60031
0x575d8bd60040
0x575d8bd6004c
0x575d8bd60057
0x575d8bd60089
0x575d8bd60098
0x575d8bd600a4
0x575d8bd600af
0x575d8bd600bb
0x575d8bd600ca
0x575d8bd600d3
0x575d8bd600d6
0x575d8bd600e1
0x575d8bd600f4
0x575d8bd60103
0x575d8bd6010f
0x575d8bd6011a
0x575d8bd60164
0x575d8bd60173
0x575d8bd6017f
0x575d8bd6018a
0x575d8bd601cb
0x575d8bd601da
0x575d8bd601e6
0x575d8bd601f1
0x575d8bd60228
0x575d8bd60237
0x575d8bd60243
0x575d8bd6024e
0x575d8bd60289
0x575d8bd60298
0x575d8bd602a4
0x575d8bd602af
0x575d8bd602e7
0x575d8bd602f6
0x575d8bd60302
0x575d8bd6030d
0x575d8bd60341
0x575d8bd60350
0x575d8bd6035c
0x575d8bd60367
0x575d8bd60373
0x575d8bd60382
0x575d8bd6038e
0x575d8bd60399
0x575d8bd603b7
0x575d8bd603c6
0x575d8bd603d2
0x575d8bd603dd
0x575d8bd60401
0x575d8bd60410
0x575d8bd60419
0x575d8bd6041c
0x575d8bd60427
0x575d8bd60449
0x575d8bd60458
0x575d8bd60464
0x575d8bd6046f
0x575d8bd6048a
0x575d8bd6048d
0x575d8bd60493
0x575d8bd604a2
0x575d8bd604ae
0x575d8bd604b9
0x575d8bd604d3
0x575d8bd604db
0x575d8bd604ea
0x575d8bd604f6
0x575d8bd60501
0x575d8bd60520
0x575d8bd6052f
0x575d8bd6053b
0x575d8bd60546
0x575d8bd60566
0x575d8bd60575
0x575d8bd60581
0x575d8bd6058c
0x575d8bd605ad
0x575d8bd605bc
0x575d8bd605c8
0x575d8bd61280
0x575d8bd616b0
0x575d8bd61707
0x575d8bd61879
0x575d8bd61885
0x575d8bd61888
0x575d8bd618ad
0x575d8bd61919
0x575d8bd61a8d
0x575d8bd61c87
0x575d8bd61ceb
0x575d8bd61cff
0x575d8bd61d04
0x575d8bd61d09
0x575d8bd62219
0x575d8bd62d99
0x575d8bd630ad
0x575d8bd63317
0x575d8bd63400
0x575d8bd63890
0x575d8bd63a97
0x575d8bd63ee6
0x575d8bd641d2
0x575d8bd64369
0x575d8bd643da
0x575d8bd643df
0x575d8bd651c9
0x575d8bd653ec
0x575d8bd653f9
0x575d8bd6563c
0x575d8bd65649
0x575d8bd6588c
0x575d8bd65899
0x575d8bd65adc
0x575d8bd65ae9
0x575d8bd65d2c
0x575d8bd65d39
0x575d8bd65f7c
0x575d8bd65f89
0x575d8bd6a03c
0x575d8bd6a049
0x575d8bd6a250
0x575d8bd6a28c
0x575d8bd6a299
0x575d8bd6a4f3
0x575d8bd6a997
0x575d8bd6acd8
0x575d8bd6ae2c
0x575d8bd6ae39
0x575d8bd721cc
0x575d8bd721d7
0x575d8bd721d9
0x575d8bd7241c
0x575d8bd72428
0x575d8bd72429
0x575d8bd72630
0x575d8bd7266c
0x575d8bd72679
0x575d8bd72a19
0x575d8bd72a69
0x575d8bd7355f
0x575d8bd735dc
0x575d8bd73d60
0x575d8bd73e28
0x575d8bd73e39
0x575d8bd740b9
0x575d8bd74859
0x575d8bd74889
0x575d8bd74ed9
0x575d8bd74f09
0x575d8bd74f48
0x575d8bd750e8
0x575d8bd750f8
0x575d8bd751c0
0x575d8bd7540a
0x575d8bd75554
0x575d8bd75559
0x575d8bd75960
0x575d8bd76740
0x575d8bd76ed8
0x575d8bd76ee9
0x575d8bd76f19
0x575d8bd77160
0x575d8bd77193
0x575d8bd775c5
0x575d8bd77872
0x575d8bd77939
0x575d8bd77969
0x575d8bd779b0
0x575d8bd779c9
0x575d8bd77cf9
0x575d8bd77d50
0x575d8bd77d79
0x575d8bd77d98
0x575d8bd77df9
0x575d8bd77e80
0x575d8bd780e8
0x575d8bd788e8
0x575d8bd78bf7
0x575d8bd78cd7
0x575d8bd78d36
0x575d8bd78f64
0x575d8bd79a32
0x575d8bd79a37
0x575d8bd7a633
0x575d8bd7a940
0x575d8bd7a950
0x575d8bd7a962
0x575d8bd7ac60
0x575d8bd7b9e0
0x575d8bd7bc70
0x575d8bd7bd18
0x575d8bd7bd5c
0x575d8bd7bd69
0x575d8bd7bf68
0x575d8bd7bfac
0x575d8bd7bfb9
0x575d8bd7bfd0
0x575d8bd820cc
0x575d8bd820d9
0x575d8bd8231c
0x575d8bd82328
0x575d8bd82329
0x575d8bd8256c
0x575d8bd82579
0x575d8bd82788
0x575d8bd82ab9
0x575d8bd83098
0x575d8bd830f8
0x575d8bd83469
0x575d8bd83900
0x575d8bd83d38
0x575d8bd83d3d
0x575d8bd84150
0x575d8bd8430c
0x575d8bd84319
0x575d8bd84468
0x575d8bd844ac
0x575d8bd844b9
0x575d8bd846c0
0x575d8bd846fc
0x575d8bd84709
0x575d8bd8494c
0x575d8bd84959
0x575d8bd84a79
0x575d8bd84b9c
0x575d8bd84ba9
0x575d8bd84dec
0x575d8bd84df9
0x575d8bd8709c
0x575d8bd870a9
0x575d8bd872ec
0x575d8bd872f9
0x575d8bd8753c
0x575d8bd87549
0x575d8bd8778c
0x575d8bd87799
0x575d8bd879dc
0x575d8bd879e9
0x575d8bd87c18
0x575d8bd87d29
0x575d8bd87f70
0x575d8bd88399
0x575d8bd886f9
0x575d8bd8889c
0x575d8bd888a9
0x575d8bd88aec
0x575d8bd88af9
0x575d8bd88d3c
0x575d8bd88d49
0x575d8bd88f71
0x575d8bd88f8c
0x575d8bd88f99
0x575d8bd8d04c
0x575d8bd8d059
0x575d8bd8d29c
0x575d8bd8d2a9
0x575d8bd8d381
0x575d8bd8d398
0x575d8bd8d3a9
0x575d8bd8da49
0x575d8bd8da80
0x575d8bd8db20
0x575d8bd8df12
0x575d8bd8e289
0x575d8bd8e449
0x575d8bd8e580
0x575d8bd8e5fa
0x575d8bd8e61e
0x575d8bd8e695
0x575d8bd8e69f
0x575d8bd8e758
0x575d8bd8e769
0x575d8bd8e989
0x575d8bd8e9b9
0x575d8bd8ea09
0x575d8bd8ea39
0x575d8bd8ea89
0x575d8bd8ed9b
0x575d8bd8eda0
0x575d8bd8eee6
0x575d8bd8eef0
0x575d8bd8f2a2
0x575d8bd8fd99
0x575d8bd900f9
0x575d8bd90951
0x575d8bd917e2
0x575d8bd917e7
0x575d8bd91a70
0x575d8bd91c19
0x575d8bd920f8
0x575d8bd92123
0x575d8bd92158
0x575d8bd92169
0x575d8bd92258
0x575d8bd923ac
0x575d8bd923b9
0x575d8bd925c0
0x575d8bd925fc
0x575d8bd92609
0x575d8bd9284c
0x575d8bd92859
0x575d8bd92a9c
0x575d8bd92aa9
0x575d8bd92cec
0x575d8bd92cf9
0x575d8bd92f01
0x575d8bd92f3c
0x575d8bd92f49
0x575d8bd951ec
0x575d8bd951f7
0x575d8bd951f9
0x575d8bd9543c
0x575d8bd95449
0x575d8bd9568c
0x575d8bd95699
0x575d8bd958dc
0x575d8bd958e9
0x575d8bd95ab0
0x575d8bd95ab8
0x575d8bd95c2c
0x575d8bd96560
0x575d8bd96648
0x575d8bd969c8
0x575d8bd969f0
0x575d8bd96b55
0x575d8bd96b69
0x575d8bd970d9
0x575d8bd97779
0x575d8bd977a9
0x575d8bd9791d
0x575d8bd97bdf
0x575d8bd994c0
0x575d8bd99758
0x575d8bd99897
0x575d8bd999e0
0x575d8bd99f00
0x575d8bd9a26d
0x575d8bd9aa14
0x575d8bd9aaf4
0x575d8bd9af27
0x575d8bd9afd7
0x575d8bd9b4c9
0x575d8bd9b5f9
0x575d8bd9b640
0x575d8bd9b74a
0x575d8bd9b837
0x575d8bd9b8f9
0x575d8bd9b929
0x575d8bd9ba77
0x575d8bd9bc19
0x575d8bd9bcb0
0x575d8bd9bcc0
0x575d8bd9bfdc
0x575d8bd9bfe9
0x575d8bda20c0
0x575d8bda20fc
0x575d8bda2109
0x575d8bda234c
0x575d8bda2359
0x575d8bda259c
0x575d8bda25a9
0x575d8bda27ec
0x575d8bda27f9
0x575d8bda2ab9
0x575d8bda2c39
0x575d8bda2c6c
0x575d8bda2c79
0x575d8bda2cc0
0x575d8bda364d
0x575d8bda36fc
0x575d8bda3801
0x575d8bda3b61
0x575d8bda3c53
0x575d8bda3d89
0x575d8bda3e77
0x575d8bda3e7c
0x575d8bda3ea4
0x575d8bda3ea9
0x575d8bda4027
0x575d8bda402c
0x575d8bda4054
0x575d8bda4059
0x575d8bda405e
0x575d8bda41d7
0x575d8bda41dc
0x575d8bda41e1
0x575d8bda43b8
0x575d8bda43f0
0x575d8bda44fc
0x575d8bda4509
0x575d8bda46ec
0x575d8bda46f9
0x575d8bda493c
0x575d8bda4949
0x575d8bda4b8c
0x575d8bda4b99
0x575d8bda4ddc
0x575d8bda4de9
0x575d8bdad1dc
0x575d8bdad1e7
0x575d8bdad1e9
0x575d8bdad42c
0x575d8bdad439
0x575d8bdad67c
0x575d8bdad689
0x575d8bdad8cc
0x575d8bdad8d9
0x575d8bdae862
0x575d8bdae871
0x575d8bdaeb1c
0x575d8bdaeb76
0x575d8bdaecff
0x575d8bdaedbf
0x575d8bdaeeb6
0x575d8bdaef15
0x575d8bdb0258
0x575d8bdb0c00
0x575d8bdb0c05
0x575d8bdb10d7
0x575d8bdb11b2
0x575d8bdb16fb
0x575d8bdb1749
0x575d8bdb1f70
0x575d8bdb20b9
0x575d8bdb213b
0x575d8bdb28f7
0x575d8bdb2f4c
0x575d8bdb2f5b
0x575d8bdb3142
0x575d8bdb318d
0x575d8bdb3260
0x575d8bdb3413
0x575d8bdb4313
0x575d8bdb4348
0x575d8bdb44c8
0x575d8bdb44d7
0x575d8bdb4c7a
0x575d8bdb4c7f
0x575d8bdb5267
0x575d8bdb5309
0x575d8bdb53a1
0x575d8bdb57ce
0x575d8bdb57e9
0x575d8bdb5fd0
0x575d8bdb6002
0x575d8bdb63f1
0x575d8bdb6430
0x575d8bdb6449
0x575d8bdb6479
0x575d8bdb6528
0x575d8bdb6670
0x575d8bdb66f9
0x575d8bdb69d9
0x575d8bdb7339
0x575d8bdb8407
0x575d8bdb85d3
0x575d8bdb8608
0x575d8bdb8619
0x575d8bdb8649
0x575d8bdb88c8
0x575d8bdb88fa
0x575d8bdb890e
0x575d8bdb91b9
0x575d8bdb91c5
0x575d8bdb91c8
0x575d8bdb91e1
0x575d8bdb91ed
0x575d8bdb9229
0x575d8bdb96b2
0x575d8bdb98d9
0x575d8bdb9909
0x575d8bdb9dd9
0x575d8bdb9e69
0x575d8bdba0f0
0x575d8bdba46c
0x575d8bdba479
0x575d8bdba490
0x575d8bdba6bc
0x575d8bdba6c9
0x575d8bdba838
0x575d8bdba90c
0x575d8bdba919
0x575d8bdbab5c
0x575d8bdbab69
0x575d8bdbad68
0x575d8bdbadac
0x575d8bdbadb9
0x575d8bdbadd0
0x575d8bdbafc0
0x575d8bdbaffc
0x575d8bdbe08c
0x575d8bdbe099
0x575d8bdbe2dc
0x575d8bdbe2e9
0x575d8bdbe52c
0x575d8bdbe539
0x575d8bdbe660
0x575d8bdbe8a8
0x575d8bdbedca
0x575d8bdc0298
0x575d8bdc0ee9
0x575d8bdc0ef5
0x575d8bdc0ef8
0x575d8bdc0f11
0x575d8bdc0f1d
0x575d8bdc10d7
0x575d8bdc1502
0x575d8bdc1644
0x575d8bdc17c1
0x575d8bdc1969
0x575d8bdc19b0
0x575d8bdc19c0
0x575d8bdc19e6
0x575d8bdc19f1
0x575d8bdc1a1b
0x575d8bdc1a2a
0x575d8bdc1a36
0x575d8bdc1a41
0x575d8bdc1a54
0x575d8bdc1a68
0x575d8bdc1a77
0x575d8bdc1a83
0x575d8bdc1a8e
0x575d8bdc1ab6
0x575d8bdc1ac5
0x575d8bdc1ad1
0x575d8bdc1adc
0x575d8bdc1aec
0x575d8bdc1afb
0x575d8bdc1b07
0x575d8bdc1b12
0x575d8bdc1b43
0x575d8bdc1b52
0x575d8bdc1b5e
0x575d8bdc1b69
0x575d8bdc1b76
0x575d8bdc1b85
0x575d8bdc1b91
0x575d8bdc1b9c
0x575d8bdc1ba8
0x575d8bdc1bb7
0x575d8bdc1bc0
0x575d8bdc1bc3
0x575d8bdc1bce
0x575d8bdc1beb
0x575d8bdc1bfa
0x575d8bdc1c06
0x575d8bdc1c11
0x575d8bdc1c37
0x575d8bdc1c46
0x575d8bdc1c52
0x575d8bdc1c5d
0x575d8bdc1c85
0x575d8bdc1c94
0x575d8bdc1ca0
0x575d8bdc1cab
0x575d8bdc1cd1
0x575d8bdc1ce0
0x575d8bdc1cec
0x575d8bdc1cf7
0x575d8bdc1d1c
0x575d8bdc1d2b
0x575d8bdc1d37
0x575d8bdc1d42
0x575d8bdc1d66
0x575d8bdc1d75
0x575d8bdc1d81
0x575d8bdc1d8c
0x575d8bdc1d9c
0x575d8bdc1dab
0x575d8bdc1db7
0x575d8bdc1dc2
0x575d8bdc1df4
0x575d8bdc1e03
0x575d8bdc1e0f
0x575d8bdc1e1a
0x575d8bdc1e3a
0x575d8bdc1e49
0x575d8bdc1e55
0x575d8bdc1e60
0x575d8bdc1e93
0x575d8bdc1ea2
0x575d8bdc1eaa
0x575d8bdc1eab
0x575d8bdc1eae
0x575d8bdc1eb9
0x575d8bdc1ec9
0x575d8bdc1ed8
0x575d8bdc1ee0
0x575d8bdc1ee4
0x575d8bdc1eef
0x575d8bdc1f18
0x575d8bdc1f27
0x575d8bdc1f2f
0x575d8bdc1f33
0x575d8bdc1f3e
0x575d8bdc1f50
0x575d8bdc1f64
0x575d8bdc1f73
0x575d8bdc1f7b
0x575d8bdc1f7f
0x575d8bdc1f8a
0x575d8bdc1faf
0x575d8bdc1fbe
0x575d8bdc1fc6
0x575d8bdc1fca
0x575d8bdc1fd5
0x575d8bdc1fe5
0x575d8bdc1ff4
0x575d8bdc1ffc
0x575d8bdc2000
0x575d8bdc200b
0x575d8bdc202c
0x575d8bdc203b
0x575d8bdc2043
0x575d8bdc2047
0x575d8bdc2052
0x575d8bdc205f
0x575d8bdc206e
0x575d8bdc2076
0x575d8bdc207a
0x575d8bdc2085
0x575d8bdc2091
0x575d8bdc20a0
0x575d8bdc20a8
0x575d8bdc20ac
0x575d8bdc20b7
0x575d8bdc20da
0x575d8bdc20e9
0x575d8bdc20f1
0x575d8bdc20f5
0x575d8bdc2100
0x575d8bdc212c
0x575d8bdc213b
0x575d8bdc2144
0x575d8bdc2147
0x575d8bdc2152
0x575d8bdc2172
0x575d8bdc2181
0x575d8bdc218d
0x575d8bdc2198
0x575d8bdc21c0
0x575d8bdc21cf
0x575d8bdc21db
0x575d8bdc21e6
0x575d8bdc220c
0x575d8bdc221b
0x575d8bdc2227
0x575d8bdc2232
0x575d8bdc225f
0x575d8bdc226e
0x575d8bdc227a
0x575d8bdc2285
0x575d8bdc2295
0x575d8bdc22a4
0x575d8bdc22b0
0x575d8bdc22bb
0x575d8bdc22df
0x575d8bdc22ee
0x575d8bdc22fa
0x575d8bdc2305
0x575d8bdc2330
0x575d8bdc233f
0x575d8bdc234b
0x575d8bdc2356
0x575d8bdc237f
0x575d8bdc238e
0x575d8bdc239a
0x575d8bdc23a5
0x575d8bdc23cf
0x575d8bdc23de
0x575d8bdc23ea
0x575d8bdc23f5
0x575d8bdc2405
0x575d8bdc2414
0x575d8bdc241d
0x575d8bdc2420
0x575d8bdc242b
0x575d8bdc2445
0x575d8bdc2454
0x575d8bdc2460
0x575d8bdc246b
0x575d8bdc2498
0x575d8bdc24a7
0x575d8bdc24b3
0x575d8bdc24be
0x575d8bdc24ed
0x575d8bdc24fc
0x575d8bdc2508
0x575d8bdc2513
0x575d8bdc253e
0x575d8bdc254d
0x575d8bdc2559
0x575d8bdc2564
0x575d8bdc258c
0x575d8bdc259b
0x575d8bdc25a7
0x575d8bdc25b2
0x575d8bdc25c2
0x575d8bdc25d1
0x575d8bdc25dd
0x575d8bdc25e8
0x575d8bdc2615
0x575d8bdc2624
0x575d8bdc2630
0x575d8bdc263b
0x575d8bdc266d
0x575d8bdc267c
0x575d8bdc2688
0x575d8bdc2693
0x575d8bdc26a3
0x575d8bdc26b2
0x575d8bdc26be
0x575d8bdc26c9
0x575d8bdc26ee
0x575d8bdc26fd
0x575d8bdc2706
0x575d8bdc2709
0x575d8bdc2714
0x575d8bdc274a
0x575d8bdc2759
0x575d8bdc2765
0x575d8bdc2770
0x575d8bdc2789
0x575d8bdc279d
0x575d8bdc27ac
0x575d8bdc27b8
0x575d8bdc27c3
0x575d8bdc27fe
0x575d8bdc280d
0x575d8bdc2819
0x575d8bdc2824
0x575d8bdc2835
0x575d8bdc2844
0x575d8bdc2850
0x575d8bdc285b
0x575d8bdc2893
0x575d8bdc28a2
0x575d8bdc28ae
0x575d8bdc28b9
0x575d8bdc28c9
0x575d8bdc28d8
0x575d8bdc28e4
0x575d8bdc28ef
0x575d8bdc2919
0x575d8bdc2928
0x575d8bdc2934
0x575d8bdc293f
0x575d8bdc296e
0x575d8bdc297d
0x575d8bdc2989
0x575d8bdc2994
0x575d8bdc29c3
0x575d8bdc29d2
0x575d8bdc29de
0x575d8bdc30d0
0x575d8bdc325b
0x575d8bdc3457
0x575d8bdc3d69
0x575d8bdc3ed1
0x575d8bdc3ee0
0x575d8bdc3fa8
0x575d8bdc42a8
0x575d8bdc42c0
0x575d8bdc42e0
0x575d8bdc43e0
0x575d8bdc4400
0x575d8bdc44e8
0x575d8bdc4574
0x575d8bdc46e0
0x575d8bdc4814
0x575d8bdc4828
0x575d8bdc4874
0x575d8bdc4908
0x575d8bdc4ca8
0x575d8bdc4cc0
0x575d8bdc4cc8
0x575d8bdc4cf4
0x575d8bdc4d14
0x575d8bdc4d88
0x575d8bdc5028
0x575d8bdc51a8
0x575d8bdc5288
0x575d8bdc5328
0x575d8bdc5428
0x575d8bdc5674
0x575d8bdc5974
0x575d8bdc5fa8
0x575d8bdc6268
0x575d8bdc62a8
0x575d8bdc6988
0x575d8bdc6a60
0x575d8bdc6b80
0x575d8bdc6c28
0x575d8bdc6c35
0x575d8bdc6d69
0x575d8bdc6f14
0x575d8bdc70a8
0x575d8bdc7168
0x575d8bdc7220
0x575d8bdc7248
0x575d8bdc75a8
0x575d8bdc7614
0x575d8bdc7928
0x575d8bdc7ac8
0x575d8bdc7c69
0x575d8bdc7d29
0x575d8bdc7f48
0x575d8bdc7fe8
0x575d8bdc8020
0x575d8bdc81e8
0x575d8bdc82d4
0x575d8bdc8548
0x575d8bdc85e8
0x575d8bdc8688
0x575d8bdc88c8
0x575d8bdc8b89
0x575d8bdc8c68
0x575d8bdc9608
0x575d8bdc9674
0x575d8bdc9a08
0x575d8bdc9aa8
0x575d8bdc9b08
0x575d8bdc9b94
0x575d8bdc9d08
0x575d8bdc9d88
0x575d8bdca5e8
0x575d8bdca654
0x575d8bdca820
0x575d8bdca868
0x575d8bdcae88
0x575d8bdcaed4
0x575d8bdcaf34
0x575d8bdcb154
0x575d8bdcb294
0x575d8bdcb2d4
0x575d8bdcb368
0x575d8bdcb468
0x575d8bdcb528
0x575d8bdcb860
0x575d8bdcb9a8
0x575d8bdcbbf4
0x575d8bdcc048
0x575d8bdcc068
0x575d8bdcc1f4
0x575d8bdcc288
0x575d8bdcc354
0x575d8bdcc449
0x575d8bdcc4c8
0x575d8bdcc514
0x575d8bdcc588
0x575d8bdccc08
0x575d8bdccc88
0x575d8bdccd28
0x575d8bdccf54
0x575d8bdcd094
0x575d8bdcd154
0x575d8bdcd1d5
0x575d8bdcd3a8
0x575d8bdcd448
0x575d8bdcd4a8
0x575d8bdcd4c8
0x575d8bdcdad4
0x575d8bdcdbe8
0x575d8bdce020
0x575d8bdce068
0x575d8bdce2c0
0x575d8bdce528
0x575d8bdce534
0x575d8bdce680
0x575d8bdce7e8
0x575d8bdce908
0x575d8bdceaa8
0x575d8bdceae8
0x575d8bdceba8
0x575d8bdced28
0x575d8bdced54
0x575d8bdcee68
0x575d8bdcefa8
0x575d8bdcf114
0x575d8bdcf1a8
0x575d8bdcf348
0x575d8bdcf6b4
0x575d8bdcf788
0x575d8bdcf8c8
0x575d8bdcfaf4
0x575d8bdcfbc8
0x575d8bdcfea8
0x575d8bdd0028
0x575d8bdd0308
0x575d8bdd0ac8
0x575d8bdd0b88
0x575d8bdd0bc8
0x575d8bdd0d28
0x575d8bdd0da8
0x575d8bdd0fe8
0x575d8bdd11e8
0x575d8bdd1314
0x575d8bdd13a8
0x575d8bdd1668
0x575d8bdd1b08
0x575d8bdd1ba8
0x575d8bdd1c88
0x575d8bdd1ca0
0x575d8bdd2148
0x575d8bdd21c8
0x575d8bdd2254
0x575d8bdd2368
0x575d8bdd24c9
0x575d8bdd25e8
0x575d8bdd2880
0x575d8bdd2a48
0x575d8bdd2a88
0x575d8bdd2ac8
0x575d8bdd2b48
0x575d8bdd2b60
0x575d8bdd2ee8
0x575d8bdd2fb4
0x575d8bdd3188
0x575d8bdd31c8
0x575d8bdd3248
0x575d8bdd3468
0x575d8bdd3a9c
0x575d8bdd3aa9
0x575d8bdd3cec
0x575d8bdd3cf9
0x575d8bdd3f3c
0x575d8bdd3f49
0x575d8bde1168
0x575d8bde11ac
0x575d8bde11b7
0x575d8bde11b9
0x575d8bde11d0
0x575d8bde11d9
0x575d8bde12e8
0x575d8bde13fc
0x575d8bde1409
0x575d8bde1429
0x575d8bde14f0
0x575d8bde14f8
0x575d8bde150d
0x575d8bde1561
0x575d8bde1e58
0x575d8bde1e70
0x575d8bde1e98
0x575d8bde1fac
0x575d8bde1fb9
0x575d8bdea038
0x575d8bdea10c
0x575d8bdea119
0x575d8bdea35c
0x575d8bdea369
0x575d8bdea568
0x575d8bdea5ac
0x575d8bdea5b9
0x575d8bdea5d0
0x575d8bdea7c0
0x575d8bdea7fc
0x575d8bdea809
0x575d8bdeaa4c
0x575d8bdeaa59
0x575d8bdeac9c
0x575d8bdeaca9
0x575d8bdeacdc
0x575d8bdeace9
0x575d8bdead08
0x575d8bdead38
0x575d8bdeb008
0x575d8bdeb3eb
0x575d8bdeb449
0x575d8bdeb479
0x575d8bdeb4b3
0x575d8bdeb53a
0x575d8bdeb868
0x575d8bdeb879
0x575d8bdeb8a9
0x575d8bdeb949
0x575d8bdebce9
0x575d8bdebfce
0x575d8bdebfd3
0x575d8bdebfd8
0x575d8bdec0f4
0x575d8bdec1a2
0x575d8bdec339
0x575d8bdec369
0x575d8bdec8f3
0x575d8bdec959
0x575d8bdecdbd
0x575d8bded8d0
0x575d8bded93b
0x575d8bded93c
0x575d8bded93d
0x575d8bded940
0x575d8bded990
0x575d8bdedb43
0x575d8bdedb48
0x575d8bdedb4d
0x575d8bdedb79
0x575d8bdedb85
0x575d8bdedb88
0x575d8bdedbad
0x575d8bdedd00
0x575d8bdee28c
0x575d8bdee299
0x575d8bdee4dc
0x575d8bdee4e9
0x575d8bdee72c
0x575d8bdee739
0x575d8bdee97c
0x575d8bdee989
0x575d8bdeebcc
0x575d8bdeebd9
0x575d8bdeee1c
0x575d8bdeee28
0x575d8bdeee29
0x575d8bdf9009
0x575d8bdf924c
0x575d8bdf9259
0x575d8bdf949c
0x575d8bdf94a9
0x575d8bdf9c38
0x575d8bdf9c48
0x575d8bdf9d4c
0x575d8bdf9d59
0x575d8bdf9f9c
0x575d8bdf9fa9
0x575d8be0211c
0x575d8be02125
0x575d8be02127
0x575d8be02128
0x575d8be02129
0x575d8be0236c
0x575d8be02375
0x575d8be02379
0x575d8be025bc
0x575d8be025c5
0x575d8be025c9
0x575d8be02738
0x575d8be0280c
0x575d8be02815
0x575d8be02819
0x575d8be02bbb
0x575d8be02bd4
0x575d8be02c1f
0x575d8be02c33
0x575d8be02c60
0x575d8be02e60
0x575d8be03c78
0x575d8be03ca8
0x575d8be03cb9
0x575d8be03db8
0x575d8be03df0
0x575d8be03e10
0x575d8be04239
0x575d8be04780
0x575d8be04799
0x575d8be04b39
0x575d8be05211
0x575d8be05419
0x575d8be05449
0x575d8be05479
0x575d8be054c7
0x575d8be0566d
0x575d8be05827
0x575d8be05965
0x575d8be05aa9
0x575d8be05d82
0x575d8be0607a
0x575d8be060ac
0x575d8be0632e
0x575d8be06347
0x575d8be0634c
0x575d8be063b8
0x575d8be064b2
0x575d8be06576
0x575d8be06652
0x575d8be068b7
0x575d8be0695f
0x575d8be06de0
0x575d8be07bb7
0x575d8be07bcb
0x575d8be07be9
0x575d8be07c16
0x575d8be07c1b
0x575d8be07c2a
0x575d8be07c48
0x575d8be07c4d
0x575d8be07c57
0x575d8be07c5c
0x575d8be08279
0x575d8be08d20
0x575d8be08da3
0x575d8be08ed8
0x575d8be08ee8
0x575d8be08fec
0x575d8be08ff5
0x575d8be08ff9
0x575d8be0b04c
0x575d8be0b055
0x575d8be0b059
0x575d8be0b078
0x575d8be0b180
0x575d8be0b29c
0x575d8be0b2a5
0x575d8be0b2a9
0x575d8be0b2c8
0x575d8be0b3d0
0x575d8be0b4ec
0x575d8be0b4f5
0x575d8be0b4f9
0x575d8be0b518
0x575d8be0b620
0x575d8be0b73c
0x575d8be0b745
0x575d8be0b749
0x575d8be0b768
0x575d8be0b88c
0x575d8be0b899
0x575d8be0bf28
0x575d8be0bf7b
0x575d8be0e07c
0x575d8be0e085
0x575d8be0e089
0x575d8be0e2cc
0x575d8be0e2d5
0x575d8be0e2d9
0x575d8be0e51c
0x575d8be0e525
0x575d8be0e528
0x575d8be0e529
0x575d8be0e730
0x575d8be0ed49
0x575d8be0f590
0x575d8be0f648
0x575d8be0f7d3
0x575d8be0f8ea
0x575d8be0f8ef
0x575d8be0fb39
0x575d8be0fca3
0x575d8be0fca8
0x575d8be0fcad
0x575d8be0fcb2
0x575d8be0fcb7
0x575d8be0fcbc
0x575d8be0fcc1
0x575d8be0fcc6
0x575d8be0fccb
0x575d8be0fcd0
0x575d8be0fcd5
0x575d8be0fcee
0x575d8be0ff2b
0x575d8be0ffa8
0x575d8be10239
0x575d8be10272
0x575d8be102ab
0x575d8be102e4
0x575d8be10330
0x575d8be1041c
0x575d8be10426
0x575d8be10428
0x575d8be10429
0x575d8be105bc
0x575d8be105c6
0x575d8be105c9
0x575d8be105e8
0x575d8be10738
0x575d8be1080c
0x575d8be10816
0x575d8be10819
0x575d8be10838
0x575d8be10a5c
0x575d8be10a66
0x575d8be10a69
0x575d8be10a88
0x575d8be10c68
0x575d8be10cac
0x575d8be10cb6
0x575d8be10cb9
0x575d8be10cd0
0x575d8be10cd8
0x575d8be10d80
0x575d8be10ec0
0x575d8be10efc
0x575d8be10f06
0x575d8be10f09
0x575d8be10f28
0x575d8be141dc
0x575d8be141e7
0x575d8be141e9
0x575d8be14208
0x575d8be1442c
0x575d8be14439
0x575d8be14458
0x575d8be146b8
0x575d8be146c0
0x575d8be146fc
0x575d8be14709
0x575d8be14720
0x575d8be1494c
0x575d8be14959
0x575d8be14a79
0x575d8be14b9c
0x575d8be14ba9
0x575d8be14dec
0x575d8be14df9
0x575d8be1709c
0x575d8be170a9
0x575d8be172ec
0x575d8be172f9
0x575d8be1753c
0x575d8be17549
0x575d8be1778c
0x575d8be17799
0x575d8be179dc
0x575d8be179e9
0x575d8be17b00
0x575d8be18c39
0x575d8be18c90
0x575d8be18dbe
0x575d8be18e80
0x575d8be19240
0x575d8be19d63
0x575d8be1a192
0x575d8be1a819
0x575d8be1adcb
0x575d8be1aea6
0x575d8be1aeab
0x575d8be1b149
0x575d8be1b233
0x575d8be1b408
0x575d8be1b419
0x575d8be1ba97
0x575d8be1bc21
0x575d8be1bdd9
0x575d8be1c339
0x575d8be1c4ec
0x575d8be1c4f9
0x575d8be1c73c
0x575d8be1c749
0x575d8be1c98c
0x575d8be1c999
0x575d8be1cbdc
0x575d8be1cbe9
0x575d8be1ce2c
0x575d8be1ce39
0x575d8be1f0dc
0x575d8be1f0e9
0x575d8be1f32c
0x575d8be1f339
0x575d8be1fa0d
0x575d8be1fa0e
0x575d8be1fa6d
0x575d8be1facc
0x575d8be1facd
0x575d8be1fb29
0x575d8be1fb5b
0x575d8be1fb64
0x575d8be1fbd1
0x575d8be1fe14
0x575d8be1fe87
0x575d8be1fe96
0x575d8be1fea2
0x575d8be1fead
0x575d8be1fefe
0x575d8be1ff0d
0x575d8be1ff19
0x575d8be1ff24
0x575d8be1ffd9
0x575d8be1ffe8
0x575d8be1fff4
0x575d8be1ffff
0x575d8be2000f
0x575d8be2001e
0x575d8be2002a
0x575d8be20035
0x575d8be20041
0x575d8be20050
0x575d8be2005c
0x575d8be20067
0x575d8be20082
0x575d8be20091
0x575d8be2009d
0x575d8be200a8
0x575d8be2010d
0x575d8be2011c
0x575d8be20128
0x575d8be20133
0x575d8be20196
0x575d8be201a5
0x575d8be201b1
0x575d8be201bc
0x575d8be20201
0x575d8be20210
0x575d8be2021c
0x575d8be20227
0x575d8be20233
0x575d8be20242
0x575d8be2024b
0x575d8be2024e
0x575d8be20259
0x575d8be2027c
0x575d8be20282
0x575d8be20291
0x575d8be2029d
0x575d8be202a8
0x575d8be202e2
0x575d8be202f1
0x575d8be202fd
0x575d8be20308
0x575d8be2033a
0x575d8be20349
0x575d8be20355
0x575d8be20360
0x575d8be2038e
0x575d8be2039d
0x575d8be203a9
0x575d8be203b4
0x575d8be203c4
0x575d8be203d3
0x575d8be203df
0x575d8be203ea
0x575d8be20410
0x575d8be2041f
0x575d8be2042b
0x575d8be20436
0x575d8be20467
0x575d8be20476
0x575d8be20482
0x575d8be2048d
0x575d8be204b7
0x575d8be204c6
0x575d8be204d2
0x575d8be204dd
0x575d8be204ed
0x575d8be204fc
0x575d8be20508
0x575d8be20513
0x575d8be20572
0x575d8be2063c
0x575d8be20640
0x575d8be20644
0x575d8be2064a
0x575d8be2064b
0x575d8be20661
0x575d8be20671
0x575d8be2069e
0x575d8be206ad
0x575d8be206b9
0x575d8be206c4
0x575d8be206e6
0x575d8be206f5
0x575d8be20701
0x575d8be2070c
0x575d8be2072e
0x575d8be2073d
0x575d8be20749
0x575d8be20754
0x575d8be20773
0x575d8be20782
0x575d8be2078e
0x575d8be20799
0x575d8be207c6
0x575d8be20890
0x575d8be20894
0x575d8be20898
0x575d8be2089e
0x575d8be2089f
0x575d8be208b5
0x575d8be208c5
0x575d8be20ac8
0x575d8be20ad9
0x575d8be22480
0x575d8be22ca1
0x575d8be22cdd
0x575d8be22cfb
0x575d8be22d0a
0x575d8be22ea6
0x575d8be22eba
0x575d8be22ebf
0x575d8be22ed3
0x575d8be22ed8
0x575d8be22ef1
0x575d8be22f05
0x575d8be22fb3
0x575d8be23059
0x575d8be2317c
0x575d8be23187
0x575d8be23189
0x575d8be233cc
0x575d8be233d9
0x575d8be233f1
0x575d8be2361c
0x575d8be23628
0x575d8be23629
0x575d8be2386c
0x575d8be23879
0x575d8be23abc
0x575d8be23ac9
0x575d8be23c38
0x575d8be23d0c
0x575d8be23d19
0x575d8be23f5c
0x575d8be23f69
0x575d8be260b1
0x575d8be262e0
0x575d8be26338
0x575d8be26349
0x575d8be26411
0x575d8be269f2
0x575d8be26ad0
0x575d8be26ae1
0x575d8be26b08
0x575d8be26c5c
0x575d8be26c69
0x575d8be26e68
0x575d8be26eac
0x575d8be26eb9
0x575d8be26ed0
0x575d8be2d16c
0x575d8be2d177
0x575d8be2d179
0x575d8be2d1b0
0x575d8be2d2ec
0x575d8be2d2fb
0x575d8be2d3d9
0x575d8be2dfb9
0x575d8be2e15b
0x575d8be2e160
0x575d8be2e165
0x575d8be2e16f
0x575d8be2e5d9
0x575d8be2e609
0x575d8be2f578
0x575d8be2f589
0x575d8be2f68b
0x575d8be2fb78
0x575d8be2fe5c
0x575d8be2fe69
0x575d8be3313c
0x575d8be33147
0x575d8be33149
0x575d8be3338c
0x575d8be33399
0x575d8be333b1
0x575d8be335dc
0x575d8be335e9
0x575d8be33d6d
0x575d8be33d99
0x575d8be34a34
0x575d8be34aae
0x575d8be34c09
0x575d8be34f12
0x575d8be34f16
0x575d8be35226
0x575d8be3553d
0x575d8be35784
0x575d8be35785
0x575d8be35788
0x575d8be357ab
0x575d8be358a3
0x575d8be358a7
0x575d8be358ab
0x575d8be358b1
0x575d8be358b2
0x575d8be358c8
0x575d8be358d8
0x575d8be358ed
0x575d8be358f8
0x575d8be35903
0x575d8be35936
0x575d8be35945
0x575d8be35950
0x575d8be3595b
0x575d8be35998
0x575d8be359a7
0x575d8be359b2
0x575d8be359bd
0x575d8be35a03
0x575d8be35a12
0x575d8be35a1d
0x575d8be35a28
0x575d8be35a6c
0x575d8be35a7b
0x575d8be35a86
0x575d8be35a91
0x575d8be35aae
0x575d8be35ab7
0x575d8be35ac2
0x575d8be35ad1
0x575d8be35adc
0x575d8be35ae7
0x575d8be35af7
0x575d8be35b06
0x575d8be35b11
0x575d8be35b1c
0x575d8be35b28
0x575d8be35b37
0x575d8be35b3f
0x575d8be35b42
0x575d8be35b4d
0x575d8be35b5d
0x575d8be35b68
0x575d8be35bbd
0x575d8be35bc1
0x575d8be35bc5
0x575d8be35bcb
0x575d8be35bcc
0x575d8be35be2
0x575d8be35bf2
0x575d8be35ff2
0x575d8be36605
0x575d8be36894
0x575d8be373ad
0x575d8be373f8
0x575d8be37756
0x575d8be3775a
0x575d8be3775e
0x575d8be37998
0x575d8be379dc
0x575d8be379e9
0x575d8be37c2c
0x575d8be37c39
0x575d8be37e7c
0x575d8be37e89
0x575d8be3fc3b
0x575d8be3fff8
0x575d8be40629
0x575d8be40979
0x575d8be409e0
0x575d8be40aa6
0x575d8be40c74
0x575d8be41219
0x575d8be41347
0x575d8be41779
0x575d8be41785
0x575d8be41788
0x575d8be417a1
0x575d8be417ad
0x575d8be418c7
0x575d8be418db
0x575d8be418f9
0x575d8be4191c
0x575d8be41926
0x575d8be41958
0x575d8be4195d
0x575d8be41967
0x575d8be4196c
0x575d8be41b82
0x575d8be42351
0x575d8be423c8
0x575d8be42572
0x575d8be42577
0x575d8be42652
0x575d8be42732
0x575d8be42812
0x575d8be428fd
0x575d8be429c2
0x575d8be443e2
0x575d8be44650
0x575d8be4477c
0x575d8be447f9
0x575d8be447fe
0x575d8be44972
0x575d8be44977
0x575d8be449d6
0x575d8be449db
0x575d8be44b1d
0x575d8be44b22
0x575d8be44b81
0x575d8be44b86
0x575d8be44b8b
0x575d8be45c70
0x575d8be45cc8
0x575d8be460ff
0x575d8be462dc
0x575d8be46427
0x575d8be4645e
0x575d8be4648b
0x575d8be46528
0x575d8be46607
0x575d8be46bb8
0x575d8be46c38
0x575d8be46d0c
0x575d8be46d19
0x575d8be46ec0
0x575d8be46efc
0x575d8be46f09
0x575d8be4a1dc
0x575d8be4a1e7
0x575d8be4a1e9
0x575d8be4a42c
0x575d8be4a439
0x575d8be4a67c
0x575d8be4a689
0x575d8be4b1a0
0x575d8be4b279
0x575d8be4b2bc
0x575d8be4b2c9
0x575d8be4b9c9
0x575d8be4b9f9
0x575d8be4ba47
0x575d8be4bd22
0x575d8be4bd27
0x575d8be4bd2c
0x575d8be4bd31
0x575d8be4bd36
0x575d8be4bd3b
0x575d8be4bd40
0x575d8be4bd45
0x575d8be4bd4a
0x575d8be4bd4f
0x575d8be4bd54
0x575d8be4bd59
0x575d8be4bef0
0x575d8be4c2a7
0x575d8be4c360
0x575d8be4c370
0x575d8be4ce98
0x575d8be4e160
0x575d8be4e280
0x575d8be4e67c
0x575d8be4e689
0x575d8be4e8cc
0x575d8be4e8d9
0x575d8be4eb1c
0x575d8be4eb28
0x575d8be4eb29
0x575d8be4ed6c
0x575d8be4ed79
0x575d8be4efbc
0x575d8be4efc9
0x575d8be5204c
0x575d8be52059
0x575d8be5229c
0x575d8be522a9
0x575d8be52470
0x575d8be525f2
0x575d8be5277d
0x575d8be52f58
0x575d8be533a0
0x575d8be53730
0x575d8be5384c
0x575d8be53859
0x575d8be539ec
0x575d8be539f9
0x575d8be53c3c
0x575d8be53c49
0x575d8be53e8c
0x575d8be53e99
0x575d8be5c00c
0x575d8be5c019
0x575d8be5c04c
0x575d8be5c059
0x575d8be5c881
0x575d8be5ca09
0x575d8be5cce9
0x575d8be5cd31
0x575d8be5cd80
0x575d8be5cd89
0x575d8be5d072
0x575d8be5d227
0x575d8be5d589
0x575d8be5d688
0x575d8be5d6cc
0x575d8be5d6d9
0x575d8be5d6f0
0x575d8be5d91c
0x575d8be5d928
0x575d8be5d929
0x575d8be5d930
0x575d8be5db6c
0x575d8be5db79
0x575d8be5ddbc
0x575d8be5ddc9
0x575d8be5df38
0x575d8be6109c
0x575d8be610a6
0x575d8be610a9
0x575d8be612ec
0x575d8be612f9
0x575d8be6153c
0x575d8be61549
0x575d8be6178c
0x575d8be61799
0x575d8be619dc
0x575d8be619e9
0x575d8be61c2c
0x575d8be61c39
0x575d8be61e7c
0x575d8be61e89
0x575d8be61edc
0x575d8be61ee9
0x575d8be620c0
0x575d8be620f2
0x575d8be627e8
0x575d8be627f9
0x575d8be62c08
0x575d8be62f29
0x575d8be631e9
0x575d8be632f0
0x575d8be632f8
0x575d8be638a0
0x575d8be63be0
0x575d8be63c39
0x575d8be643a9
0x575d8be643f7
0x575d8be64b90
0x575d8be64cce
0x575d8be64d08
0x575d8be64d39
0x575d8be651b8
0x575d8be652e6
0x575d8be655f3
0x575d8be6574c
0x575d8be65dc9
0x575d8be6605a
0x575d8be6608c
0x575d8be672e0
0x575d8be67a69
0x575d8be687f0
0x575d8be68848
0x575d8be68c10
0x575d8be68d56
0x575d8be68d60
0x575d8be68d79
0x575d8be68dc9
0x575d8be68e23
0x575d8be690b0
0x575d8be693b2
0x575d8be69558
0x575d8be6959d
0x575d8be69cc2
0x575d8be69e90
0x575d8be69ee8
0x575d8be69f00
0x575d8be69f68
0x575d8be6a209
0x575d8be6a240
0x575d8be6a3e2
0x575d8be6a3f6
0x575d8be6a46e
0x575d8be6a4d2
0x575d8be6aa39
0x575d8be6aae7
0x575d8be6b3f7
0x575d8be6bf38
0x575d8be6bf49
0x575d8be6bf79
0x575d8be6bfc0
0x575d8be6bfe9
0x575d8be6c070
0x575d8be6c0d0
0x575d8be6c1b8
0x575d8be6c291
0x575d8be6c2f8
0x575d8be6c398
0x575d8be6c3f8
0x575d8be6c4a8
0x575d8be6c4d8
0x575d8be6c4f0
0x575d8be6c580
0x575d8be6c76f
0x575d8be6c770
0x575d8be6c771
0x575d8be6c7ee
0x575d8be6c7ef
0x575d8be6c7f0
0x575d8be7c730
0x575d8be7c835
0x575d8be7cd01
0x575d8be7d014
0x575d8be7d29b
0x575d8be7d2a0
0x575d8be7d328
0x575d8be7e229
0x575d8be7e387
0x575d8be7e467
0x575d8be7e5a8
0x575d8be7e5b9
0x575d8be7f032
0x575d8be7f2b9
0x575d8be7ff38
0x575d8be7ff49
0x575d8be7fff9
0x575d8be80042
0x575d8be80159
0x575d8be80189
0x575d8be8048c
0x575d8be80496
0x575d8be80499
0x575d8be804b0
0x575d8be806c2
0x575d8be806dc
0x575d8be806e6
0x575d8be806e9
0x575d8be807b2
0x575d8be80910
0x575d8be80912
0x575d8be8092c
0x575d8be80936
0x575d8be80939
0x575d8be80a02
0x575d8be80b62
0x575d8be80b7c
0x575d8be80b86
0x575d8be80b89
0x575d8be80c52
0x575d8be80db2
0x575d8be80dcc
0x575d8be80dd6
0x575d8be80dd9
0x575d8be80ea2
0x575d8be8a052
0x575d8be8a1b2
0x575d8be8a1cc
0x575d8be8a1d7
0x575d8be8a1d9
0x575d8be8a2a2
0x575d8be8a402
0x575d8be8a41c
0x575d8be8a428
0x575d8be8a429
0x575d8be8a4f2
0x575d8be8a630
0x575d8be8a652
0x575d8be8a66c
0x575d8be8a679
0x575d8be8a7d9
0x575d8be8aa19
0x575d8be8aa78
0x575d8be8ad92
0x575d8be8ad97
0x575d8be8b107
0x575d8be8b289
0x575d8be8b291
0x575d8be8b459
0x575d8be8b4e7
0x575d8be8c111
0x575d8be8c116
0x575d8be8c5c0
0x575d8be8c5fc
0x575d8be8c609
0x575d8be8c6d2
0x575d8be8c832
0x575d8be8c84c
0x575d8be8c859
0x575d8be8c922
0x575d8be8ca82
0x575d8be8ca9c
0x575d8be8caa9
0x575d8be8cb72
0x575d8be8ccd2
0x575d8be8ccec
0x575d8be8ccf9
0x575d8be8cdc2
0x575d8be8cf22
0x575d8be8cf3c
0x575d8be8cf49
0x575d8be9305c
0x575d8be93069
0x575d8be93268
0x575d8be932ac
0x575d8be932b9
0x575d8be932d0
0x575d8be93418
0x575d8be93419
0x575d8be93590
0x575d8be93ee5
0x575d8be94054
0x575d8be94298
0x575d8be94348
0x575d8be94359
0x575d8be94552
0x575d8be94860
0x575d8be94868
0x575d8be948c2
0x575d8be94ea9
0x575d8be951ce
0x575d8be95202
0x575d8be95559
0x575d8be95909
0x575d8be95bc0
0x575d8be96509
0x575d8be96691
0x575d8be9688a
0x575d8be96922
0x575d8be96946
0x575d8be96947
0x575d8be96972
0x575d8be969c6
0x575d8be96a39
0x575d8be96a3a
0x575d8be96a60
0x575d8be96a7f
0x575d8be96a9a
0x575d8be9716a
0x575d8be97171
0x575d8be9717f
0x575d8be97265
0x575d8be97288
0x575d8be97373
0x575d8be97377
0x575d8be9737b
0x575d8be97381
0x575d8be97382
0x575d8be97398
0x575d8be973a8
0x575d8be97457
0x575d8be97466
0x575d8be9746f
0x575d8be97472
0x575d8be9747d
0x575d8be974b6
0x575d8be974c5
0x575d8be974d1
0x575d8be974dc
0x575d8be97528
0x575d8be97537
0x575d8be97543
0x575d8be9754e
0x575d8be9755e
0x575d8be9756d
0x575d8be97579
0x575d8be97584
0x575d8be97599
0x575d8be97663
0x575d8be97667
0x575d8be9766b
0x575d8be97671
0x575d8be97672
0x575d8be97688
0x575d8be97698
0x575d8be97884
0x575d8be978b1
0x575d8be979b2
0x575d8be97b77
0x575d8be97da8
0x575d8be97db9
0x575d8be98538
0x575d8be98590
0x575d8be98a79
0x575d8be98aa9
0x575d8be98bc1
0x575d8be98c89
0x575d8be98d99
0x575d8be99137
0x575d8be992c9
0x575d8be994ec
0x575d8be994f9
0x575d8be9973c
0x575d8be99749
0x575d8be9998c
0x575d8be99999
0x575d8be99bdc
0x575d8be99be9
0x575d8be99e2c
0x575d8be99e39
0x575d8bec500c
0x575d8bec512e
0x575d8bec535c
0x575d8bec547e
0x575d8bec56f0
0x575d8bec5c78
0x575d8bec5cc2
0x575d8bec61d9
0x575d8bec6399
0x575d8bec65a0
0x575d8bec6663
0x575d8bec6668
0x575d8bec666d
0x575d8bec6672
0x575d8bec6677
0x575d8bec667c
0x575d8bec6681
0x575d8bec6686
0x575d8bec668b
0x575d8bec6690
0x575d8bec6695
0x575d8bec669a
0x575d8bec73e4
0x575d8bec79b9
0x575d8bec7d4e
0x575d8bec7e2e
0x575d8bec7f89
0x575d8bec8020
0x575d8bec83f7
0x575d8bec876a
0x575d8bec8779
0x575d8bec87d0
0x575d8bec8938
0x575d8bec8acc
0x575d8bec8ad9
0x575d8bec8d1c
0x575d8bec8d28
0x575d8bec8d29
0x575d8bec8f6c
0x575d8bec8f79
0x575d8bed314c
0x575d8bed3157
0x575d8bed3159
0x575d8bed339c
0x575d8bed33a9
0x575d8bed33c1
0x575d8bed35ec
0x575d8bed35f9
0x575d8bed383c
0x575d8bed3849
0x575d8bed3a8c
0x575d8bed3a99
0x575d8bed3cdc
0x575d8bed3ce9
0x575d8bed3e12
0x575d8bed3e78
0x575d8bed3ef8
0x575d8bed41cc
0x575d8bed41d7
0x575d8bed41d9
0x575d8bed441c
0x575d8bed4428
0x575d8bed4429
0x575d8bed466c
0x575d8bed4679
0x575d8bed48bc
0x575d8bed48c9
0x575d8bed4a38
0x575d8bed4b0c
0x575d8bed4b19
0x575d8bed4d5c
0x575d8bed4d69
0x575d8bed4f68
0x575d8bed4fac
0x575d8bed4fb9
0x575d8bed4fd0
0x575d8bedb0cc
0x575d8bedb0d9
0x575d8bedb31c
0x575d8bedb328
0x575d8bedb329
0x575d8bedb56c
0x575d8bedb579
0x575d8bedb7bc
0x575d8bedb7c9
0x575d8bedb898
0x575d8bedb8d0
0x575d8bedb998
0x575d8bedbdd5
0x575d8bedbf08
0x575d8bedc661
0x575d8bedcb82
0x575d8bedcbb4
0x575d8bedd060
0x575d8bedd0da
0x575d8bedd0fe
0x575d8bedd175
0x575d8bedd17f
0x575d8bedda38
0x575d8beddb0c
0x575d8beddb19
0x575d8beddd5c
0x575d8beddd69
0x575d8beddf68
0x575d8beddfac
0x575d8beddfb9
0x575d8beddfd0
0x575d8beed02c
0x575d8beed039
0x575d8beed27c
0x575d8beed289
0x575d8beed490
0x575d8beed4cc
0x575d8beed4d9
0x575d8beed6a3
0x575d8beed6e0
0x575d8beed729
0x575d8beed777
0x575d8beeda08
0x575d8beeda90
0x575d8beedb91
0x575d8beedf99
0x575d8beee132
0x575d8beee14c
0x575d8beee157
0x575d8beee159
0x575d8beee222
0x575d8beee39c
0x575d8beee3a9
0x575d8beee5ec
0x575d8beee5f9
0x575d8beee83c
0x575d8beee849
0x575d8beeea8c
0x575d8beeea99
0x575d8beeecdc
0x575d8beeece9
0x575d8beeef2c
0x575d8beeef39
0x575d8bef9038
0x575d8bef90f1
0x575d8bef910c
0x575d8bef9119
0x575d8bef9308
0x575d8bef9319
0x575d8bef9862
0x575d8bef9868
0x575d8bef9880
0x575d8bef994d
0x575d8bef997f
0x575d8bef99a7
0x575d8befa289
0x575d8befa6d8
0x575d8befa6e9
0x575d8befaaa2
0x575d8befae42
0x575d8befae47
0x575d8befb819
0x575d8befba08
0x575d8befba4c
0x575d8befba59
0x575d8befbc9c
0x575d8befbca9
0x575d8befbeec
0x575d8befbef9
0x575d8befe19c
0x575d8befe1a7
0x575d8befe1a9
0x575d8befe1dc
0x575d8befe1e9
0x575d8befe1f8
0x575d8befe209
0x575d8befe252
0x575d8befe428
0x575d8befe6f9
0x575d8befeaf9
0x575d8befeb82
0x575d8befec62
0x575d8beff63b
0x575d8bf00110
0x575d8bf0036c
0x575d8bf00422
0x575d8bf005c4
0x575d8bf02170
0x575d8bf021b8
0x575d8bf021c8
0x575d8bf022cc
0x575d8bf022d5
0x575d8bf022d9
0x575d8bf0251c
0x575d8bf02525
0x575d8bf02528
0x575d8bf02529
0x575d8bf0276c
0x575d8bf02775
0x575d8bf02779
0x575d8bf029bc
0x575d8bf029c5
0x575d8bf029c9
0x575d8bf02b38
0x575d8bf02c0c
0x575d8bf02c15
0x575d8bf02c19
0x575d8bf02e5c
0x575d8bf02e65
0x575d8bf02e69
0x575d8bf02fd9
0x575d8bf0819c
0x575d8bf081a5
0x575d8bf081a7
0x575d8bf081a9
0x575d8bf083ec
0x575d8bf083f5
0x575d8bf083f9
0x575d8bf0863c
0x575d8bf08645
0x575d8bf08649
0x575d8bf0888c
0x575d8bf08895
0x575d8bf08899
0x575d8bf08adc
0x575d8bf08ae5
0x575d8bf08ae9
0x575d8bf08c28
0x575d8bf08d28
0x575d8bf08d60
0x575d8bf08d80
0x575d8bf08e78
0x575d8bf08ef9
0x575d8bf09c70
0x575d8bf09d5c
0x575d8bf09d65
0x575d8bf09d69
0x575d8bf09ec0
0x575d8bf09efc
0x575d8bf09f05
0x575d8bf09f09
0x575d8bf09f20
0x575d8bf131f9
0x575d8bf1323c
0x575d8bf13249
0x575d8bf1348c
0x575d8bf13499
0x575d8bf136dc
0x575d8bf136e9
0x575d8bf138b8
0x575d8bf13b38
0x575d8bf13c0c
0x575d8bf13c19
0x575d8bf13d40
0x575d8bf13e5c
0x575d8bf13e69
0x575d8bf13f90
0x575d8bf17561
0x575d8bf17562
0x575d8bf17563
0x575d8bf175ff
0x575d8bf17707
0x575d8bf17cb9
0x575d8bf273f0
0x575d8bf27500
0x575d8bf2774c
0x575d8bf27759
0x575d8bf2799c
0x575d8bf279a9
0x575d8bf27ac9
0x575d8bf27bec
0x575d8bf27bf9
0x575d8bf27e3c
0x575d8bf27e49
0x575d8bf2a0ec
0x575d8bf2a0f9
0x575d8bf2a33c
0x575d8bf2a349
0x575d8bf2a58c
0x575d8bf2a599
0x575d8bf2a7dc
0x575d8bf2a7e9
0x575d8bf2aa2c
0x575d8bf2aa39
0x575d8bf2abe8
0x575d8bf2b206
0x575d8bf2b4d6
0x575d8bf2b4e0
0x575d8bf2b4e5
0x575d8bf2b4ea
0x575d8bf2b4ef
0x575d8bf2b4f4
0x575d8bf2b4f9
0x575d8bf2b57b
0x575d8bf2b58f
0x575d8bf2b594
0x575d8bf2b599
0x575d8bf2b59e
0x575d8bf2b5a3
0x575d8bf2b5a8
0x575d8bf2bae9
0x575d8bf2bd97
0x575d8bf2c159
0x575d8bf2c196
0x575d8bf2c1a0
0x575d8bf2c1c8
0x575d8bf2c401
0x575d8bf2c51b
0x575d8bf2c610
0x575d8bf2c768
0x575d8bf2c8a0
0x575d8bf2c9bc
0x575d8bf2c9c9
0x575d8bf2caf0
0x575d8bf2cb38
0x575d8bf2cc0c
0x575d8bf2cc19
0x575d8bf2cd40
0x575d8bf2ce5c
0x575d8bf2ce69
0x575d8bf2cf90
0x575d8bf35008
0x575d8bf351e8
0x575d8bf35220
0x575d8bf35352
0x575d8bf35c5c
0x575d8bf35c69
0x575d8bf35e68
0x575d8bf35eac
0x575d8bf35eb9
0x575d8bf35ed0
0x575d8bf3815c
0x575d8bf38167
0x575d8bf38169
0x575d8bf38368
0x575d8bf383ac
0x575d8bf383b9
0x575d8bf383d0
0x575d8bf384e8
0x575d8bf385fc
0x575d8bf38609
0x575d8bf38c85
0x575d8bf39009
0x575d8bf39112
0x575d8bf39796
0x575d8bf398fd
0x575d8bf3990a
0x575d8bf3a097
0x575d8bf3a620
0x575d8bf3a661
0x575d8bf3a799
0x575d8bf3aef9
0x575d8bf3af29
0x575d8bf3af99
0x575d8bf3b367
0x575d8bf3ba90
0x575d8bf3baa0
0x575d8bf3bb70
0x575d8bf3bbac
0x575d8bf3bbb9
0x575d8bf3bd4c
0x575d8bf3bd59
0x575d8bf3bf9c
0x575d8bf3bfa9
0x575d8bf4005c
0x575d8bf40069
0x575d8bf401f8
0x575d8bf402c8
0x575d8bf40408
0x575d8bf4054c
0x575d8bf40556
0x575d8bf40559
0x575d8bf4079c
0x575d8bf407a6
0x575d8bf407a9
0x575d8bf409d0
0x575d8bf409ec
0x575d8bf409f6
0x575d8bf409f9
0x575d8bf40c3c
0x575d8bf40c46
0x575d8bf40c49
0x575d8bf40e8c
0x575d8bf40e96
0x575d8bf40e99
0x575d8bf590bc
0x575d8bf590c9
0x575d8bf59191
0x575d8bf59238
0x575d8bf5930c
0x575d8bf59319
0x575d8bf5955c
0x575d8bf59569
0x575d8bf59768
0x575d8bf597ac
0x575d8bf597b9
0x575d8bf597d0
0x575d8bf599c0
0x575d8bf599fc
0x575d8bf59a09
0x575d8bf59c4c
0x575d8bf59c59
0x575d8bf5a05f
0x575d8bf5a0a9
0x575d8bf5a3d8
0x575d8bf5a3e9
0x575d8bf5a597
0x575d8bf5a59c
0x575d8bf5ac2c
0x575d8bf5ac39
0x575d8bf5ae7c
0x575d8bf5ae89
0x575d8bf62192
0x575d8bf62298
0x575d8bf623d8
0x575d8bf627a9
0x575d8bf62a00
0x575d8bf62b71
0x575d8bf62c39
0x575d8bf62ef9
0x575d8bf63268
0x575d8bf63509
0x575d8bf637a7
0x575d8bf63a48
0x575d8bf63ae8
0x575d8bf63bc0
0x575d8bf63bfc
0x575d8bf63c09
0x575d8bf63e4c
0x575d8bf63e59
0x575d8bf660c0
0x575d8bf660fc
0x575d8bf66109
0x575d8bf6634c
0x575d8bf66359
0x575d8bf6659c
0x575d8bf665a9
0x575d8bf668f2
0x575d8bf66bdc
0x575d8bf66be9
0x575d8bf66e2c
0x575d8bf66e39
0x575d8bf690dc
0x575d8bf690e9
0x575d8bf691b1
0x575d8bf6932c
0x575d8bf69339
0x575d8bf6957c
0x575d8bf69589
0x575d8bf697c6
0x575d8bf697c9
0x575d8bf698d1
0x575d8bf69aec
0x575d8bf69af9
0x575d8bf69c19
0x575d8bf69d3c
0x575d8bf69d49
0x575d8bf69f8c
0x575d8bf69f99
0x575d8bf6d24c
0x575d8bf6d341
0x575d8bf6d398
0x575d8bf6d3a9
0x575d8bf6d3d9
0x575d8bf6d54a
0x575d8bf6d55e
0x575d8bf6d6e8
0x575d8bf6d800
0x575d8bf6d888
0x575d8bf6d9e8
0x575d8bf6dd28
0x575d8bf6e4b4
0x575d8bf6e568
0x575d8bf6e928
0x575d8bf6e9a9
0x575d8bf6ea88
0x575d8bf6ec35
0x575d8bf6ece0
0x575d8bf6ee68
0x575d8bf6eea8
0x575d8bf6f054
0x575d8bf6f088
0x575d8bf6f148
0x575d8bf6f1a8
0x575d8bf6f248
0x575d8bf6f288
0x575d8bf6f2c9
0x575d8bf6f5b4
0x575d8bf6f5d4
0x575d8bf6f648
0x575d8bf6f7d4
0x575d8bf6f7f4
0x575d8bf6f888
0x575d8bf6f8a8
0x575d8bf6f980
0x575d8bf6fa20
0x575d8bf6fd08
0x575d8bf6fda9
0x575d8bf6ff48
0x575d8bf70094
0x575d8bf700b4
0x575d8bf700e8
0x575d8bf70114
0x575d8bf70608
0x575d8bf706f4
0x575d8bf707c0
0x575d8bf70808
0x575d8bf70c48
0x575d8bf70d28
0x575d8bf70d48
0x575d8bf70d94
0x575d8bf70dc8
0x575d8bf70e28
0x575d8bf70ec8
0x575d8bf710a8
0x575d8bf71189
0x575d8bf71234
0x575d8bf71288
0x575d8bf713a8
0x575d8bf71748
0x575d8bf71820
0x575d8bf72008
0x575d8bf72328
0x575d8bf723c0
0x575d8bf72754
0x575d8bf72854
0x575d8bf72da8
0x575d8bf72fc8
0x575d8bf73540
0x575d8bf735e0
0x575d8bf73854
0x575d8bf738a8
0x575d8bf73b34
0x575d8bf73c48
0x575d8bf73e08
0x575d8bf73e14
0x575d8bf73f28
0x575d8bf74174
0x575d8bf743e8
0x575d8bf74468
0x575d8bf74668
0x575d8bf74848
0x575d8bf748a8
0x575d8bf74a94
0x575d8bf74ad4
0x575d8bf74c14
0x575d8bf74c94
0x575d8bf74ce8
0x575d8bf74da8
0x575d8bf75048
0x575d8bf751a9
0x575d8bf75428
0x575d8bf75468
0x575d8bf75494
0x575d8bf755b4
0x575d8bf75628
0x575d8bf75a48
0x575d8bf75d14
0x575d8bf75de9
0x575d8bf75ec8
0x575d8bf75fe8
0x575d8bf76168
0x575d8bf76328
0x575d8bf76789
0x575d8bf769c8
0x575d8bf76b48
0x575d8bf76e34
0x575d8bf77448
0x575d8bf77449
0x575d8bf77648
0x575d8bf776e8
0x575d8bf77748
0x575d8bf77788
0x575d8bf77ec8
0x575d8bf781b4
0x575d8bf78334
0x575d8bf78568
0x575d8bf78648
0x575d8bf787c8
0x575d8bf788a8
0x575d8bf788c8
0x575d8bf78948
0x575d8bf78e68
0x575d8bf78f08
0x575d8bf793e0
0x575d8bf795a8
0x575d8bf79608
0x575d8bf79628
0x575d8bf79728
0x575d8bf79768
0x575d8bf79868
0x575d8bf79940
0x575d8bf79948
0x575d8bf799f4
0x575d8bf79b68
0x575d8bf79c40
0x575d8bf79ea8
0x575d8bf7a1c8
0x575d8bf7a4f4
0x575d8bf7a508
0x575d8bf7a548
0x575d8bf7a614
0x575d8bf7a794
0x575d8bf7a8c0
0x575d8bf7a960
0x575d8bf7aab4
0x575d8bf7ab88
0x575d8bf7ad08
0x575d8bf7ad68
0x575d8bf7ae88
0x575d8bf7b028
0x575d8bf7b268
0x575d8bf7b2f4
0x575d8bf7b328
0x575d8bf7b4d4
0x575d8bf7b668
0x575d8bf7b6e0
0x575d8bf7b7e8
0x575d8bf7b8a8
0x575d8bf7bb14
0x575d8bf7bf68
0x575d8bf7c3b4
0x575d8bf7c488
0x575d8bf7c608
0x575d8bf7c668
0x575d8bf7c788
0x575d8bf7c928
0x575d8bf7cb68
0x575d8bf7cbf4
0x575d8bf7cc28
0x575d8bf7cdd4
0x575d8bf7cf68
0x575d8bf7cfe0
0x575d8bf7d0e8
0x575d8bf8817c
0x575d8bf88187
0x575d8bf88189
0x575d8bf883cc
0x575d8bf883d9
0x575d8bf8861c
0x575d8bf88628
0x575d8bf88629
0x575d8bf8886c
0x575d8bf88879
0x575d8bf88abc
0x575d8bf88ac9
0x575d8bf88c38
0x575d8bf88d0c
0x575d8bf88d19
0x575d8bf88f5c
0x575d8bf88f69
0x575d8bf88ff0
0x575d8bf88ff8
0x575d8bf891fe
0x575d8bf89579
0x575d8bf89908
0x575d8bf89b3c
0x575d8bf89b49
0x575d8bf89b69
0x575d8bf89d8c
0x575d8bf89d99
0x575d8bf89db9
0x575d8bf89fdc
0x575d8bf89fe9
0x575d8bf9802c
0x575d8bf98039
0x575d8bf98059
0x575d8bf9827c
0x575d8bf98289
0x575d8bf982a9
0x575d8bf98809
0x575d8bf988c2
0x575d8bf9897b
0x575d8bf98a5c
0x575d8bf98b15
0x575d8bf98bce
0x575d8bf98caf
0x575d8bf98d68
0x575d8bf98e49
0x575d8bf98f02
0x575d8bf98fbb
0x575d8bfc871c
0x575d8bfc8728
0x575d8bfc8729
0x575d8bfc896c
0x575d8bfc8979
0x575d8bfc8bbc
0x575d8bfc8bc9
0x575d8bfc8d38
0x575d8bfc8e0c
0x575d8bfc8e19
0x575d8bfcd11c
0x575d8bfcd127
0x575d8bfcd128
0x575d8bfcd129
0x575d8bfcd1b8
0x575d8bfcd1c9
0x575d8bfcd339
0x575d8bfcd932
0x575d8bfcdaa3
0x575d8bfcde20
0x575d8bfcde30
0x575d8bfcdf3c
0x575d8bfcdf49
0x575d8bfd405c
0x575d8bfd4069
0x575d8bfd4268
0x575d8bfd42ac
0x575d8bfd42b9
0x575d8bfd42d0
0x575d8bfd462c
0x575d8bfd4639
0x575d8bfd487c
0x575d8bfd4889
0x575d8bfd4acc
0x575d8bfd4ad9
0x575d8bfd4d1c
0x575d8bfd4d28
0x575d8bfd4d29
0x575d8bfd4f6c
0x575d8bfd4f79
0x575d8bfdb08c
0x575d8bfdb099
0x575d8bfdb2dc
0x575d8bfdb2e9
0x575d8bfdb31c
0x575d8bfdb329
0x575d8bfdb330
0x575d8bfdb538
0x575d8bfdb6c0
0x575d8bfdb94c
0x575d8bfdb959
0x575d8bfdbb9c
0x575d8bfdbba9
0x575d8bfdbdec
0x575d8bfdbdf9
0x575d8bffb16c
0x575d8bffb177
0x575d8bffb179
0x575d8bffb3bc
0x575d8bffb3c9
0x575d8bffb538
0x575d8bffb60c
0x575d8bffb619
0x575d8bffb738
0x575d8bffb88c
0x575d8bffb899
0x575d8bffb8b9
0x575d8bffb9c0
0x575d8bffbadc
0x575d8bffbae9
0x575d8bffbb09
0x575d8bffbc10
0x575d8bffbd2c
0x575d8bffbd39
0x575d8bffbd59
0x575d8bffbe60
0x575d8bffbf7c
0x575d8bffbf89
0x575d8bffbfa9
0x575d8c00a100
0x575d8c00a21c
0x575d8c00a224
0x575d8c00a225
0x575d8c00a228
0x575d8c00a229
0x575d8c00a249
0x575d8c00a350
0x575d8c00a46c
0x575d8c00a474
0x575d8c00a475
0x575d8c00a479
0x575d8c00a499
0x575d8c00a5a0
0x575d8c00a6bc
0x575d8c00a6c4
0x575d8c00a6c5
0x575d8c00a6c9
0x575d8c00a6e9
0x575d8c00a7f0
0x575d8c00a838
0x575d8c00a90c
0x575d8c00a914
0x575d8c00a915
0x575d8c00a919
0x575d8c00a939
0x575d8c00aa40
0x575d8c00ab5c
0x575d8c00ab64
0x575d8c00ab65
0x575d8c00ab69
0x575d8c00ab89
0x575d8c00acd9
0x575d8c00ad68
0x575d8c00adac
0x575d8c00adb4
0x575d8c00adb5
0x575d8c00adb9
0x575d8c00b1f8
0x575d8c00b320
0x575d8c00b8a1
0x575d8c00bc49
0x575d8c00be9a
0x575d8c00bf52
0x575d8c00ca7e
0x575d8c00ca88
0x575d8c00ca92
0x575d8c00cf8c
0x575d8c00cf94
0x575d8c00cf95
0x575d8c00cf99
0x575d8c02a05c
0x575d8c02a064
0x575d8c02a069
0x575d8c02a268
0x575d8c02a2ac
0x575d8c02a2b4
0x575d8c02a2b9
0x575d8c02a2d0
0x575d8c02a4c0
0x575d8c02a4fc
0x575d8c02a504
0x575d8c02a509
0x575d8c02a74c
0x575d8c02a754
0x575d8c02a759
0x575d8c02a99c
0x575d8c02a9a4
0x575d8c02a9a9
0x575d8c02abb0
0x575d8c02abec
0x575d8c02abf4
0x575d8c02abf9
0x575d8c02ac71
0x575d8c02ac7b
0x575d8c02adf9
0x575d8c02b4b0
0x575d8c02b4b5
0x575d8c02b4bf
0x575d8c02b528
0x575d8c02b596
0x575d8c02b59b
0x575d8c02b6de
0x575d8c02b724
0x575d8c02b918
0x575d8c02b95d
0x575d8c02ba2d
0x575d8c02ba89
0x575d8c02bf49
0x575d8c02bff0
0x575d8c02c123
0x575d8c02c132
0x575d8c02c234
0x575d8c02c243
0x575d8c02c412
0x575d8c02c58d
0x575d8c02c5c8
0x575d8c02c948
0x575d8c02c959
0x575d8c02cd98
0x575d8c02cda9
0x575d8c02ce10
0x575d8c02ce69
0x575d8c02ced0
0x575d8c02cf00
0x575d8c02cf10
0x575d8c02f07c
0x575d8c02f084
0x575d8c02f089
0x575d8c02f2b1
0x575d8c02f2cc
0x575d8c02f2d4
0x575d8c02f2d9
0x575d8c02f51c
0x575d8c02f524
0x575d8c02f528
0x575d8c02f529
0x575d8c02f76c
0x575d8c02f774
0x575d8c02f779
0x575d8c02f9bc
0x575d8c02f9c4
0x575d8c02f9c9
0x575d8c02fcaa
0x575d8c02fcaf
0x575d8c02ff59
0x575d8c02ff89
0x575d8c030488
0x575d8c030b57
0x575d8c030bc9
0x575d8c030c10
0x575d8c030dbf
0x575d8c030e72
0x575d8c031153
0x575d8c03124c
0x575d8c031b39
0x575d8c031e17
0x575d8c031e1a
0x575d8c032851
0x575d8c032928
0x575d8c032a19
0x575d8c032dad
0x575d8c033d47
0x575d8c033e09
0x575d8c034002
0x575d8c034007
0x575d8c0347cc
0x575d8c0347d4
0x575d8c0347d9
0x575d8c034a1c
0x575d8c034a24
0x575d8c034a28
0x575d8c034a29
0x575d8c034c6c
0x575d8c034c74
0x575d8c034c79
0x575d8c034ebc
0x575d8c034ec4
0x575d8c034ec9
0x575d8c04406c
warning: Unable to access 3988 bytes of target memory at 0x575d8c04406d, halting search.
9072 patterns found.
process 2179432
Mapped address spaces:

          Start Addr           End Addr       Size     Offset  Perms  objfile
      0x575d72640000     0x575d72659000    0x19000        0x0  r--p   /usr/bin/tmux
      0x575d72659000     0x575d726f0000    0x97000    0x19000  r-xp   /usr/bin/tmux
      0x575d726f0000     0x575d7271b000    0x2b000    0xb0000  r--p   /usr/bin/tmux
      0x575d7271c000     0x575d7272c000    0x10000    0xdb000  r--p   /usr/bin/tmux
      0x575d7272c000     0x575d7272e000     0x2000    0xeb000  rw-p   /usr/bin/tmux
      0x575d7272e000     0x575d72735000     0x7000        0x0  rw-p   
      0x575d8ba81000     0x575d8baa2000    0x21000        0x0  rw-p   [heap]
      0x575d8baa2000     0x575d8c045000   0x5a3000        0x0  rw-p   [heap]
      0x76932ec00000     0x76932eee9000   0x2e9000        0x0  r--p   /usr/lib/locale/locale-archive
      0x76932f000000     0x76932f028000    0x28000        0x0  r--p   /usr/lib/x86_64-linux-gnu/libc.so.6
      0x76932f028000     0x76932f1bd000   0x195000    0x28000  r-xp   /usr/lib/x86_64-linux-gnu/libc.so.6
      0x76932f1bd000     0x76932f215000    0x58000   0x1bd000  r--p   /usr/lib/x86_64-linux-gnu/libc.so.6
      0x76932f215000     0x76932f216000     0x1000   0x215000  ---p   /usr/lib/x86_64-linux-gnu/libc.so.6
      0x76932f216000     0x76932f21a000     0x4000   0x215000  r--p   /usr/lib/x86_64-linux-gnu/libc.so.6
      0x76932f21a000     0x76932f21c000     0x2000   0x219000  rw-p   /usr/lib/x86_64-linux-gnu/libc.so.6
      0x76932f21c000     0x76932f229000     0xd000        0x0  rw-p   
      0x76932f37d000     0x76932f382000     0x5000        0x0  rw-p   
      0x76932f382000     0x76932f385000     0x3000        0x0  r--p   /usr/lib/x86_64-linux-gnu/libresolv.so.2
      0x76932f385000     0x76932f38f000     0xa000     0x3000  r-xp   /usr/lib/x86_64-linux-gnu/libresolv.so.2
      0x76932f38f000     0x76932f392000     0x3000     0xd000  r--p   /usr/lib/x86_64-linux-gnu/libresolv.so.2
      0x76932f392000     0x76932f393000     0x1000     0xf000  r--p   /usr/lib/x86_64-linux-gnu/libresolv.so.2
      0x76932f393000     0x76932f394000     0x1000    0x10000  rw-p   /usr/lib/x86_64-linux-gnu/libresolv.so.2
      0x76932f394000     0x76932f396000     0x2000        0x0  rw-p   
      0x76932f396000     0x76932f3a4000     0xe000        0x0  r--p   /usr/lib/x86_64-linux-gnu/libm.so.6
      0x76932f3a4000     0x76932f420000    0x7c000     0xe000  r-xp   /usr/lib/x86_64-linux-gnu/libm.so.6
      0x76932f420000     0x76932f47b000    0x5b000    0x8a000  r--p   /usr/lib/x86_64-linux-gnu/libm.so.6
      0x76932f47b000     0x76932f47c000     0x1000    0xe4000  r--p   /usr/lib/x86_64-linux-gnu/libm.so.6
      0x76932f47c000     0x76932f47d000     0x1000    0xe5000  rw-p   /usr/lib/x86_64-linux-gnu/libm.so.6
      0x76932f47d000     0x76932f485000     0x8000        0x0  r--p   /usr/lib/x86_64-linux-gnu/libevent_core-2.1.so.7.0.1
      0x76932f485000     0x76932f4a3000    0x1e000     0x8000  r-xp   /usr/lib/x86_64-linux-gnu/libevent_core-2.1.so.7.0.1
      0x76932f4a3000     0x76932f4af000     0xc000    0x26000  r--p   /usr/lib/x86_64-linux-gnu/libevent_core-2.1.so.7.0.1
      0x76932f4af000     0x76932f4b0000     0x1000    0x32000  ---p   /usr/lib/x86_64-linux-gnu/libevent_core-2.1.so.7.0.1
      0x76932f4b0000     0x76932f4b1000     0x1000    0x32000  r--p   /usr/lib/x86_64-linux-gnu/libevent_core-2.1.so.7.0.1
      0x76932f4b1000     0x76932f4b2000     0x1000    0x33000  rw-p   /usr/lib/x86_64-linux-gnu/libevent_core-2.1.so.7.0.1
      0x76932f4b2000     0x76932f4c0000     0xe000        0x0  r--p   /usr/lib/x86_64-linux-gnu/libtinfo.so.6.3
      0x76932f4c0000     0x76932f4d1000    0x11000     0xe000  r-xp   /usr/lib/x86_64-linux-gnu/libtinfo.so.6.3
      0x76932f4d1000     0x76932f4df000     0xe000    0x1f000  r--p   /usr/lib/x86_64-linux-gnu/libtinfo.so.6.3
      0x76932f4df000     0x76932f4e3000     0x4000    0x2c000  r--p   /usr/lib/x86_64-linux-gnu/libtinfo.so.6.3
      0x76932f4e3000     0x76932f4e4000     0x1000    0x30000  rw-p   /usr/lib/x86_64-linux-gnu/libtinfo.so.6.3
      0x76932f4e4000     0x76932f4e5000     0x1000        0x0  r--p   /usr/lib/x86_64-linux-gnu/libutempter.so.1.2.1
      0x76932f4e5000     0x76932f4e6000     0x1000     0x1000  r-xp   /usr/lib/x86_64-linux-gnu/libutempter.so.1.2.1
      0x76932f4e6000     0x76932f4e7000     0x1000     0x2000  r--p   /usr/lib/x86_64-linux-gnu/libutempter.so.1.2.1
      0x76932f4e7000     0x76932f4e8000     0x1000     0x2000  r--p   /usr/lib/x86_64-linux-gnu/libutempter.so.1.2.1
      0x76932f4e8000     0x76932f4e9000     0x1000     0x3000  rw-p   /usr/lib/x86_64-linux-gnu/libutempter.so.1.2.1
      0x76932f506000     0x76932f50d000     0x7000        0x0  r--s   /usr/lib/x86_64-linux-gnu/gconv/gconv-modules.cache
      0x76932f50d000     0x76932f50f000     0x2000        0x0  rw-p   
      0x76932f50f000     0x76932f511000     0x2000        0x0  r--p   /usr/lib/x86_64-linux-gnu/ld-linux-x86-64.so.2
      0x76932f511000     0x76932f53b000    0x2a000     0x2000  r-xp   /usr/lib/x86_64-linux-gnu/ld-linux-x86-64.so.2
      0x76932f53b000     0x76932f546000     0xb000    0x2c000  r--p   /usr/lib/x86_64-linux-gnu/ld-linux-x86-64.so.2
      0x76932f547000     0x76932f549000     0x2000    0x37000  r--p   /usr/lib/x86_64-linux-gnu/ld-linux-x86-64.so.2
      0x76932f549000     0x76932f54b000     0x2000    0x39000  rw-p   /usr/lib/x86_64-linux-gnu/ld-linux-x86-64.so.2
      0x7ffda8cc8000     0x7ffda8ce9000    0x21000        0x0  rw-p   [stack]
      0x7ffda8dee000     0x7ffda8df2000     0x4000        0x0  r--p   [vvar]
      0x7ffda8df2000     0x7ffda8df4000     0x2000        0x0  r-xp   [vdso]
  0xffffffffff600000 0xffffffffff601000     0x1000        0x0  --xp   [vsyscall]
[Inferior 1 (process 2179432) detached]
